EmployeeID,Department,Position,Education,Age,Gender,Salary,HireDate
1001,Operations,Coordinator,Bachelor,52,F," R$ 9,720.32 ",2015-10-27
1002,Logistics,Assistant,High School,54,F," R$ 7,377.19 ",2016-11-24
1003,HR,Technician,Technical Diploma,27,F," R$ 6,678.14 ",2010-08-19
1004,Legal,Analyst,Bachelor,25,M," R$ 13,790.14 ",2018-08-11
1005,IT,Assistant,High School,37,M," R$ 13,299.06 ",2012-08-22
1006,HR,Technician,Technical Diploma,24,F," R$ 6,568.88 ",2010-07-11
1007,Marketing,,Bachelor,46,M," R$ 12,854.10 ",28/10/2018
1008,Finance,Manager,Master,38,F," R$ 19,384.20 ",2010-12-30
1009,Legal,Technician,Technical Diploma,43,M," R$ 17,001.67 ",2023-10-01
1010,IT,Manager,Master,39,M," R$ 12,434.49 ",2021-02-15
1011,HR,Director,PhD,53,M," R$ 7,526.96 ",2016-10-23
1012,Finance,Specialist,Master,39,M," R$ 18,733.58 ",16/07/2014
1013,Marketing,Director,PhD,47,M," R$ 10,523.80 ",15/12/2017
1014,Logistics,Manager,Master,46,F," R$ 7,523.17 ",2010-02-22
1015,Operations,Director,PhD,49,M," R$ 10,573.41 ",2011-03-03
1016,HR,Manager,Master,61,F," R$ 9,527.66 ",2015-11-04
1017,Marketing,Technician,Technical Diploma,44,M," R$ 12,603.70 ",2010-04-27
1018,Finance,Analyst,Bachelor,29,F," R$ 17,302.11 ",2011-08-11
1019,IT, ,PhD,34,F," R$ 13,308.47 ",2019-08-17
1020,Operations,Director,PhD,31,M," R$ 7,722.24 ",26/04/2023
1021,HR,Assistant,High School,62,F," R$ 8,877.33 ",2018-03-05
1022,Legal,,High School,24,M," R$ 12,807.77 ",2014-07-30
1023,Marketing,Coordinator,Bachelor,31,F," R$ 8,196.99 ",2014-11-17
1024,Logistics,Analyst,Bachelor,36,F," R$ 6,081.80 ",2013-04-20
1025,Finance,Director,PhD,45,F," R$ 19,292.50 ",2015-02-01
1026,Operations,Coordinator,Bachelor,31,M," R$ 8,231.66 ",2010-06-27
1027,Finance,Director,PhD,42,F," R$ 20,482.88 ",2016-08-04
1028,Marketing,Technician,Technical Diploma,59,M," R$ 13,457.66 ",2014-02-23
1029,Marketing,Specialist,Master,60,F," R$ 13,662.61 ",24/03/2010
1030,IT,Manager,Master,63,M,,2020-10-21
1031,Operations,Manager,Master,49,M," R$ 11,139.54 ",23/09/2018
1032,IT,Specialist,Master,62,M," R$ 17,829.10 ",2014-02-02
1033,HR,Coordinator,Bachelor,23,M," R$ 5,773.79 ",2011-04-01
1034,IT,Coordinator,Bachelor,62,M," R$ 15,624.17 ",2021-08-03
1035,Finance,Director,PhD,25,M," R$ 15,144.56 ",20/02/2020
1036,Legal,Coordinator,,64,F," R$ 22,059.16 ",2023-05-07
1037,Logistics,Analyst,Bachelor,24,M," R$ 4,602.92 ",2015-10-22
1038,Finance,Coordinator,Bachelor,53,M," R$ 20,702.86 ",2021-10-13
1039,,Director,PhD,55,F," R$ 7,374.50 ",2011-03-22
1040, ,Technician,Technical Diploma,37,F," R$ 6,416.45 ",2014-10-17
1041,Finance,Manager,Master,25,F," R$ 15,206.37 ",2020-07-25
1042,HR,Director,PhD,39,F," R$ 7,412.65 ",2011-06-18
1043,Legal,Assistant,High School,49,F," R$ 18,382.83 ",2017-05-13
1044,Marketing,Coordinator,Bachelor,63,M," R$ 12,978.95 ",2010-12-06
1045,IT,Director,PhD,27,M," R$ 10,587.45 ",2019-04-04
1046,Legal,Coordinator,Bachelor,64,F," R$ 21,771.30 ",2016-11-07
1047,HR,Manager,Master,63,F," R$ 10,192.70 ",2021-10-08
1048,Operations,Assistant,High School,22,F," R$ 6,547.37 ",2023-09-10
1049,Marketing,Director,PhD,37,M," R$ 8,793.72 ",2012-12-10
1050,HR,Technician,Technical Diploma,58,F," R$ 9,591.81 ",2010-07-05
1051,Operations,Specialist,Master,30,F," R$ 7,300.47 ",2021-02-10
1052,Legal,Technician,Technical Diploma,38,M," R$ 15,801.14 ",2012-03-26
1053,Operations,Technician,Technical Diploma,57,F," R$ 12,091.21 ",18/04/2018
1054,Legal,Coordinator,Bachelor,55,M," R$ 20,110.09 ",2010-05-19
1055,Legal,Coordinator,Bachelor,52,M," R$ 21,382.32 ",12/01/2021
1056,HR,Director,PhD,55,M,,2015-10-21
1057,HR,Manager, ,58,M," R$ 8,033.72 ",2018-06-09
1058,HR,Coordinator,Bachelor,55,M," R$ 9,686.10 ",2022-11-02
1059,IT,Coordinator,Bachelor,58,M," R$ 15,819.35 ",2016-10-27
1060, ,Analyst,Bachelor,22,F," R$ 5,924.72 ",2012-09-10
1061,Logistics,Analyst,Bachelor,36,M," R$ 6,070.24 ",2016-12-19
1062,IT,Director,PhD,52,F," R$ 13,921.47 ",2016-03-06
1063,Logistics,Assistant,High School,35,F," R$ 5,900.70 ",21/05/2011
1064,Marketing,Assistant,High School,55,F," R$ 12,544.09 ",2014-05-21
1065,Marketing,Director,PhD,22,M," R$ 8,742.33 ",2016-07-10
1066,IT,Manager,Master,56,M," R$ 16,274.50 ",2011-10-12
1067,Operations,Manager,Master,32,F," R$ 7,854.04 ",2011-09-04
1068,Legal,Specialist,Master,38,F," R$ 15,452.74 ",2019-07-24
1069,Legal,Analyst,Bachelor,26,M," R$ 14,484.43 ",2013-12-21
1070,HR,Technician,Technical Diploma,38,M," R$ 7,877.05 ",2013-05-28
1071,Legal,Specialist,Master,39,M," R$ 18,136.05 ",03/06/2017
1072, ,Coordinator,Bachelor,46,F," R$ 10,533.15 ",2019-06-19
1073,Operations,Assistant,High School,56,F," R$ 9,062.61 ",2023-05-18
1074,Logistics,Manager,Master,37,M," R$ 6,834.37 ",2019-06-03
1075,Legal,Director,PhD,44,F," R$ 17,539.86 ",2016-10-12
1076,Finance,Director,PhD,61,M," R$ 23,266.62 ",27/03/2016
1077,IT,Assistant,High School,42,F," R$ 12,916.86 ",07/03/2012
1078,Marketing,Specialist,Master,50,F," R$ 11,780.68 ",08/03/2022
1079,HR,Technician,,57,F," R$ 9,123.57 ",17/06/2011
1080,Legal,Manager,Master,31,F," R$ 13,643.02 ",2021-09-23
1081,Logistics,Assistant,High School,41,M," R$ 6,403.03 ",2010-12-14
1082,Marketing,Assistant,High School,28,M," R$ 8,209.92 ",2018-09-24
1083,Marketing,Technician,Technical Diploma,51,F," R$ 12,568.00 ",2022-07-11
1084,Legal,Manager,Master,50,M," R$ 18,180.27 ",2016-09-13
1085,Marketing,,Bachelor,22,M," R$ 7,807.82 ",2013-05-30
1086,Finance,Assistant,High School,42,F," R$ 19,472.19 ",2012-08-12
1087,Marketing,Specialist,Master,28,F," R$ 8,129.54 ",2023-01-25
1088,HR,Manager,Master,25,M," R$ 5,327.69 ",2018-07-22
1089,HR,Technician,Technical Diploma,60,M," R$ 10,425.28 ",2018-02-16
1090,Marketing,Analyst,Bachelor,36,F," R$ 9,647.16 ",2012-01-09
1091,Legal,Manager,Master,55,F," R$ 20,072.39 ",2013-11-23
1092,Operations,Director,PhD,23,M,,2020-08-14
1093,IT,Specialist,Master,58,F," R$ 14,691.84 ",2010-04-07
1094,Finance,Technician,Technical Diploma,24, ," R$ 16,342.84 ",2015-12-28
1095,IT,,Bachelor,25,F," R$ 10,228.44 ",21/08/2020
1096,Marketing,Manager,Master,64,M," R$ 14,485.85 ",2022-01-31
1097,Finance,Manager,Master,57,M," R$ 23,947.73 ",2016-08-26
1098,Marketing,Assistant,High School,48,M," R$ 11,015.78 ",07/02/2015
1099,Finance,Coordinator,Bachelor,25,M, ,2011-03-01
1100,IT,Technician,Technical Diploma,57,M," R$ 17,926.55 ",2022-02-09
1101,Legal,Manager,Master,40,F," R$ 17,817.65 ",2019-02-23
1102,Legal,Manager,Master,55,F," R$ 20,844.76 ",2021-09-05
1103,HR,Technician,Technical Diploma,37,M," R$ 6,619.94 ",2015-03-12
1104,Operations,Director,PhD,61,F," R$ 12,437.63 ",2017-05-07
1105,IT,Assistant,High School,43,M," R$ 15,111.76 ",2012-04-07
1106,HR,Technician,Technical Diploma,53,F," R$ 9,058.90 ",2020-06-21
1107,Legal,Assistant,High School,23,F, ,21/11/2014
1108,Logistics,Manager,Master,38,M," R$ 6,811.61 ",2023-05-12
1109,Logistics,Assistant,High School,44,M," R$ 6,355.76 ",05/02/2014
1110,IT,Coordinator,Bachelor,33,M," R$ 12,310.29 ",2011-06-08
1111,HR,Coordinator,Bachelor,34,F," R$ 6,800.73 ",27/01/2023
1112,Legal,Coordinator,Bachelor,31,F," R$ 13,149.91 ",21/02/2015
1113,HR,Analyst,Bachelor,25,F," R$ 6,650.21 ",2014-10-23
1114,HR,Coordinator,Bachelor,28,F," R$ 7,750.05 ",2016-06-18
1115,Legal,Manager,Master,23,M," R$ 14,194.68 ",2019-07-06
1116,Marketing,Analyst,Bachelor,36,F," R$ 9,524.86 ",27/12/2013
1117,HR,Assistant,High School,57,F," R$ 8,722.08 ",2011-01-07
1118,Legal,Director,PhD,30, ," R$ 16,333.83 ",2017-04-28
1119,Logistics,Specialist,Master,45,F," R$ 6,431.03 ",22/12/2010
1120,Operations,Analyst,Bachelor,27,M," R$ 7,611.01 ",2023-10-05
1121,IT,Coordinator,Bachelor,28,F," R$ 11,005.66 ",2013-06-01
1122,IT,Specialist,Master,37,F," R$ 13,738.37 ",2017-06-06
1123,HR,Director,PhD,38,," R$ 7,046.57 ",2011-07-17
1124,Finance,Specialist,Master,51,M," R$ 23,336.29 ",2011-09-24
1125,IT,Coordinator,Bachelor,29,M," R$ 10,881.14 ",2012-12-14
1126,Operations,Manager,Master,24,M," R$ 7,409.67 ",2018-01-17
1127,HR,Manager,Master,46,M," R$ 7,846.62 ",06/06/2018
1128,HR,Specialist,Master,50,M," R$ 7,971.75 ",2017-07-09
1129,Logistics, ,,42,F," R$ 7,848.61 ",2015-09-15
1130,Marketing,Specialist,Master,27,M," R$ 9,078.48 ",26/05/2020
1131,Finance,Specialist,Master,44,F," R$ 21,203.82 ",2020-01-02
1132,HR,Specialist,Master,32,M," R$ 6,476.12 ",2012-01-17
1133,Logistics,Analyst,Bachelor,27,M," R$ 5,765.17 ",14/06/2011
1134,Legal,Analyst,Bachelor,48,F," R$ 19,722.06 ",27/12/2016
1135,,Director,PhD,48,M," R$ 10,221.19 ",22/01/2013
1136,Marketing,Specialist,Master,34,F," R$ 8,878.55 ",2022-01-09
1137,Legal,Manager,Master,30,M," R$ 16,337.35 ",2016-07-05
1138,,Manager,Master,29,M," R$ 15,766.90 ",16/05/2021
1139,Finance,Manager,Master,48,M," R$ 20,032.50 ",25/06/2010
1140,IT,Coordinator,Bachelor,53,M," R$ 15,879.90 ",2023-11-14
1141,HR,Specialist,Master,50,M," R$ 7,333.91 ",29/08/2015
1142,Operations,Manager,Master,54,M," R$ 11,237.73 ",2017-03-09
1143,Marketing,Analyst,Bachelor,26,F," R$ 9,087.65 ",2010-08-15
1144,HR,Coordinator,Bachelor,59,F," R$ 10,240.95 ",14/06/2012
1145,Logistics,Manager,Master,30,F," R$ 6,209.19 ",04/04/2021
1146,Finance,Specialist,Master,34,F," R$ 15,886.87 ",2016-07-30
1147,IT,Coordinator,Bachelor,54,F," R$ 14,024.18 ",2018-08-16
1148,Operations,Assistant,High School,51,M, ,08/02/2012
1149,Logistics,Assistant,High School,46,M," R$ 6,260.83 ",2020-11-27
1150,Legal,Analyst,Bachelor,27,M," R$ 13,789.40 ",2022-07-18
1151,IT,Director,PhD,60,M," R$ 15,719.50 ",2012-11-11
1152,HR,Specialist,Master,31,F," R$ 6,748.57 ",2011-09-29
1153,Marketing,Assistant,High School,57,F," R$ 11,870.95 ",2022-07-12
1154,Marketing,Coordinator,Bachelor,40,F," R$ 10,983.58 ",2015-02-19
1155,IT,Specialist,Master,32,F," R$ 13,348.97 ",2021-04-23
1156,IT,Director,PhD,38,M," R$ 12,631.17 ",2023-08-24
1157,IT,Analyst,Bachelor,23, ," R$ 10,863.57 ",04/01/2016
1158,Logistics,Coordinator,Bachelor,28,F," R$ 5,336.93 ",2017-09-14
1159,Finance,Assistant,High School,62,," R$ 22,554.04 ",2022-08-23
1160,Marketing,Manager,Master,52,F,,2023-05-18
1161,Logistics,Director,PhD,52,M," R$ 7,283.71 ",18/02/2014
1162,Legal,Specialist,Master,38,M," R$ 15,831.60 ",10/10/2017
1163,Finance,Assistant,High School,36,M," R$ 19,114.32 ",2020-12-20
1164,Finance,Coordinator,Bachelor,28,M," R$ 17,472.52 ",2011-04-11
1165,Marketing,,Master,51,F," R$ 11,306.78 ",2013-02-16
1166,HR,Manager,Master,60,F," R$ 9,681.19 ",2016-07-01
1167,HR,Technician,Technical Diploma,35,F," R$ 7,062.45 ",29/04/2014
1168,Marketing,Director,PhD,52,M," R$ 13,039.23 ",2013-04-11
1169,HR,Technician,Technical Diploma,30,F," R$ 6,918.07 ",2010-09-24
1170,Logistics,Manager,Master,30,M," R$ 5,911.96 ",2022-02-20
1171,Marketing,Manager,Master,23,M," R$ 8,018.31 ",2012-02-03
1172,,Specialist,Master,43,F," R$ 8,239.58 ",10/05/2023
1173,Marketing,Director,PhD,37,F," R$ 8,461.51 ",2013-12-29
1174,Marketing,Analyst,Bachelor,23,F," R$ 8,038.07 ",2015-07-10
1175,Legal,Assistant,High School,36,M," R$ 17,030.31 ",2017-04-28
1176,IT,Assistant,High School,27,M," R$ 10,913.69 ",2019-09-23
1177,Marketing,Specialist,Master,44,M,,2018-07-28
1178,Marketing,Director,PhD,49,F," R$ 12,350.05 ",2012-04-17
1179,Operations,Manager,Master,64,M," R$ 12,427.38 ",2010-03-01
1180,Operations,Director,PhD,38,F," R$ 9,928.32 ",2015-10-14
1181,Operations,Manager,Master,57,M," R$ 11,747.01 ",2022-10-29
1182,IT,Director,PhD,40,F," R$ 12,779.39 ",2012-10-13
1183,HR,Manager,Master,26,F," R$ 6,282.93 ",2010-03-15
1184,Finance,Technician,Technical Diploma,44,F," R$ 21,526.27 ",17/10/2023
1185,HR,Technician,Technical Diploma,40, ," R$ 8,285.50 ",2018-08-31
1186,Operations,Director,PhD,22,M," R$ 6,348.81 ",2021-02-16
1187,HR,Coordinator,Bachelor,48,F," R$ 7,416.21 ",2017-05-10
1188,HR,Manager,Master,64,M," R$ 8,370.44 ",2012-02-03
1189, ,Specialist,Master,46,F," R$ 7,673.84 ",2017-05-31
1190,Marketing, ,Bachelor,27,M," R$ 8,973.47 ",2014-03-24
1191, ,Coordinator,Bachelor,57,F,,2016-05-15
1192,Logistics,Specialist,Master,38, ," R$ 6,844.94 ",03/12/2016
1193,Operations,Director,PhD,33,M," R$ 9,204.87 ",2023-10-31
1194,,Coordinator,Bachelor,46,M, ,29/04/2016
1195,Operations,Specialist,Master,31,F," R$ 7,386.54 ",2020-03-29
1196,Legal,Manager,Master,60,F," R$ 20,081.01 ",2018-05-23
1197,Finance,Specialist,Master,45,F," R$ 19,303.24 ",2010-02-26
1198,Marketing,Specialist,Master,32,M," R$ 9,083.55 ",2012-09-10
1199,Operations,Specialist,Master,45,M," R$ 9,157.96 ",09/05/2022
1200,Logistics,Analyst,Bachelor,24,F," R$ 6,134.85 ",2010-08-26
1201,Logistics,Technician,Technical Diploma,61,M," R$ 8,496.93 ",2023-05-19
1202,Operations,Assistant,High School,41,M," R$ 7,925.92 ",2011-05-16
1203,Legal,Assistant,High School,44,F," R$ 16,707.61 ",25/05/2010
1204,HR, ,Technical Diploma,26,F," R$ 6,611.04 ",2012-11-15
1205,Legal,Technician,Technical Diploma,57,M," R$ 17,549.30 ",2019-02-07
1206,HR,Coordinator,Bachelor,34,F," R$ 7,143.06 ",2013-01-02
1207,Legal,Director,PhD,57,M," R$ 20,865.53 ",2017-08-18
1208,HR,Analyst,Bachelor,27,M," R$ 6,411.87 ",2011-03-25
1209,Marketing,Assistant,High School,23,F," R$ 7,618.57 ",03/03/2018
1210,HR,Manager,Master,50,F," R$ 8,721.91 ",2010-07-26
1211,Legal,Technician,Technical Diploma,26,M," R$ 15,283.59 ",2010-10-02
1212,Finance,Assistant,High School,36,M," R$ 18,156.94 ",07/01/2010
1213,Logistics,Analyst,Bachelor,29,F," R$ 5,366.81 ",2013-08-21
1214,Marketing,Technician,Technical Diploma,55,F," R$ 12,794.78 ",09/11/2020
1215,Finance,Analyst,Bachelor,58,M," R$ 21,935.13 ",2019-05-25
1216,Marketing,Assistant,High School,47,M,,2019-06-03
1217,Legal,Assistant,High School,30,M," R$ 14,719.87 ",13/06/2022
1218,Logistics,Analyst,Bachelor,29,F," R$ 5,715.24 ",2019-12-31
1219,,Director,PhD,35,M," R$ 17,130.63 ",13/07/2019
1220,Marketing,Technician,Technical Diploma,46,M," R$ 11,039.85 ",2012-01-06
1221,Legal,Assistant,High School,55,F," R$ 18,013.06 ",14/03/2011
1222,Finance,Manager,Master,24,M," R$ 14,260.08 ",2023-12-20
1223,Operations,Coordinator,Bachelor,53,F,,2011-06-28
1224,Legal,Coordinator,Bachelor,57,M, ,02/07/2013
1225,Finance,Analyst,Bachelor,26,F," R$ 16,775.72 ",2023-10-10
1226,Marketing,Director,PhD,36,M," R$ 9,471.79 ",2021-02-10
1227,Logistics,Assistant,High School,49, ," R$ 7,595.45 ",2016-05-13
1228,Finance,Director,PhD,39,M," R$ 20,650.59 ",2021-10-28
1229,Marketing,Technician,Technical Diploma,32,M," R$ 8,638.85 ",2012-08-03
1230,Operations,Technician,Technical Diploma,31,M," R$ 7,871.31 ",2020-01-19
1231,HR,Analyst,Bachelor,25,M," R$ 5,918.51 ",2014-07-19
1232,IT,Technician,Technical Diploma,41,M," R$ 15,178.11 ",2016-05-08
1233,Logistics,Director,PhD,26,F," R$ 4,746.00 ",2012-01-30
1234,Legal,Specialist,Master,22,F," R$ 11,885.17 ",2011-09-21
1235, ,Analyst,Bachelor,34,F," R$ 12,956.94 ",2011-03-09
1236,Marketing,Specialist,Master,43,F," R$ 12,805.59 ",08/09/2017
1237,Legal,Analyst,Bachelor,34,F," R$ 14,939.12 ",2010-12-01
1238,Marketing,Coordinator,Bachelor,36,F," R$ 10,023.80 ",2021-12-23
1239,Logistics,Coordinator,Bachelor,30,M," R$ 5,648.06 ",02/12/2014
1240,Legal,Assistant,High School,24,M," R$ 14,422.48 ",28/11/2016
1241, ,Technician,Technical Diploma,23,M," R$ 16,943.18 ",2016-04-19
1242,Legal,Manager,Master,33,F," R$ 15,906.26 ",2020-12-09
1243,Operations,Manager,Master,45,F," R$ 8,854.01 ",2018-05-29
1244,Logistics,Director,PhD,39,M," R$ 6,059.47 ",2014-09-01
1245,Legal,,Master,57,F," R$ 21,266.16 ",12/07/2022
1246,Finance,Coordinator,Bachelor,46,M," R$ 21,812.11 ",2014-09-06
1247,Logistics,Director,PhD,36,M," R$ 5,852.99 ",2014-02-16
1248,Marketing,Manager,Master,22,M," R$ 7,903.95 ",2014-08-07
1249,Operations,Assistant,High School,29, ," R$ 8,575.53 ",2023-01-23
1250,HR,Assistant,High School,58,M," R$ 8,927.93 ",2015-03-20
1251,Logistics,Specialist,Master,28,M," R$ 5,582.40 ",18/10/2011
1252,HR,Analyst,Bachelor,56,," R$ 9,783.80 ",2018-02-28
1253,Logistics,Director,PhD,59,M," R$ 7,555.62 ",2019-05-22
1254,Operations,Manager,Master,37,F," R$ 9,950.84 ",2012-04-10
1255,Logistics,Manager,Master,38,F," R$ 6,881.42 ",07/12/2017
1256,Operations,Specialist,Master,59,M," R$ 11,191.90 ",05/09/2019
1257,Legal,Technician,Technical Diploma,51,M," R$ 19,973.60 ",2016-08-28
1258,Operations,Director,PhD,58,M," R$ 11,217.30 ",07/02/2015
1259,Operations,Manager,Master,39,F," R$ 9,173.65 ",2010-07-31
1260,Logistics,Specialist,Master,57,M," R$ 8,715.30 ",2011-05-15
1261,Legal,Coordinator,Bachelor,33, ," R$ 16,923.93 ",2019-01-24
1262,IT,Assistant,High School,49,M," R$ 14,630.93 ",2018-04-18
1263,Legal,Analyst,Bachelor,32,F," R$ 16,728.46 ",2021-06-20
1264,Logistics,Director,PhD,64,M," R$ 9,595.08 ",2022-07-08
1265,Marketing,Analyst,Bachelor,27, ," R$ 9,482.34 ",2013-03-03
1266,Operations,Technician,Technical Diploma,47,M," R$ 10,743.27 ",13/07/2015
1267,Finance,Specialist,Master,37,M," R$ 16,190.45 ",2015-07-23
1268,Operations,Coordinator,Bachelor,59,F," R$ 11,875.67 ",14/01/2023
1269,Legal,Specialist,Master,30,F," R$ 13,927.53 ",26/04/2013
1270,Logistics,Coordinator,Bachelor,39,F," R$ 5,717.98 ",2013-06-24
1271,Marketing,Coordinator,Bachelor,54,F," R$ 11,598.04 ",2011-08-18
1272,Finance,Assistant,High School,40,F," R$ 16,698.68 ",2020-08-16
1273,IT,Technician,Technical Diploma,30,F," R$ 11,670.17 ",2017-11-23
1274,IT,Manager,Master,63,F," R$ 17,762.65 ",16/08/2019
1275,Logistics,Director,PhD,30,M," R$ 5,727.09 ",2015-06-07
1276,HR,Specialist,Master,26,M," R$ 5,918.79 ",2020-11-04
1277,Operations,Coordinator,Bachelor,44,F," R$ 8,870.79 ",2013-07-08
1278,HR, ,Bachelor,63,M," R$ 10,054.40 ",2012-05-03
1279,Finance,Coordinator,Bachelor,55,F," R$ 23,387.36 ",2012-04-17
1280,Finance,Coordinator,Bachelor,59,F," R$ 20,596.32 ",06/01/2023
1281,Logistics,Technician,Technical Diploma,43,F," R$ 7,760.86 ",26/07/2013
1282,IT,Assistant,High School,26,F," R$ 10,347.78 ",29/06/2023
1283,IT,Manager,Master,22,F," R$ 9,084.85 ",2019-06-02
1284,Finance,Director,PhD,47,F," R$ 24,956.29 ",2023-03-07
1285,IT,Technician,Technical Diploma,39,F," R$ 13,457.65 ",2020-07-17
1286,HR,Analyst,Bachelor,47,F," R$ 7,091.38 ",2023-11-02
1287,Finance,Analyst,Bachelor,36,F," R$ 18,782.94 ",2018-03-01
1288,Operations,Manager,Master,23,F," R$ 7,339.00 ",2012-02-07
1289,Logistics,Analyst,Bachelor,36,M," R$ 5,981.72 ",2015-05-25
1290, ,Coordinator,Bachelor,32,M," R$ 9,008.92 ",2022-10-02
1291,IT,Director,PhD,41,F," R$ 13,462.69 ",2022-02-20
1292,HR,Assistant,High School,63,F," R$ 10,383.49 ",2019-08-21
1293,Logistics,Analyst,Bachelor,38,F," R$ 5,603.05 ",2023-05-07
1294,Marketing,Manager,Master,26,M," R$ 9,261.43 ",2013-02-26
1295,Logistics,Technician,Technical Diploma,54,M," R$ 6,665.67 ",05/08/2020
1296,HR,Director,PhD,46,M," R$ 8,754.78 ",2018-07-01
1297,HR,Assistant,High School,28,M," R$ 6,267.67 ",2016-10-07
1298,HR,Analyst,Bachelor,55,F," R$ 9,000.50 ",10/06/2020
1299,IT,Manager,Master,36,M," R$ 13,563.17 ",2020-12-23
1300,Marketing,Technician,Technical Diploma,34,F," R$ 9,818.24 ",2018-11-14
1301,Logistics,Manager,Master,53,F, ,2013-06-28
1302,Marketing,Specialist,Master,60,F," R$ 14,577.62 ",2019-04-12
1303,Finance,Manager,Master,35,F," R$ 18,495.08 ",2018-02-28
1304,Finance, ,Technical Diploma,41,M," R$ 18,729.41 ",22/08/2010
1305,Finance,Manager, ,37,M," R$ 17,125.52 ",2012-06-15
1306,Marketing,Analyst,Bachelor,51,M," R$ 11,790.01 ",20/11/2023
1307,Finance,Specialist,Master,62,M," R$ 20,508.09 ",2016-09-22
1308,IT,Director,PhD,40, ," R$ 14,206.73 ",2014-04-21
1309,Logistics,Director,,43,F," R$ 7,546.26 ",2011-10-08
1310,Legal,Manager,Master,58,M," R$ 19,194.12 ",2016-03-09
1311,Logistics,Specialist,Master,31,F," R$ 5,968.59 ",2013-02-04
1312,Operations,Director,PhD,29,M," R$ 6,734.16 ",2016-02-05
1313,Marketing,Specialist,Master,50,M," R$ 12,019.57 ",2015-09-19
1314,Logistics,Manager,Master,35,M," R$ 5,411.84 ",2014-02-08
1315,Finance,Director,PhD,32,F," R$ 15,074.35 ",2018-04-18
1316,Logistics,Analyst,Bachelor,51,F," R$ 7,678.00 ",2013-01-22
1317,Legal,Technician,Technical Diploma,54,M," R$ 19,010.42 ",2023-12-28
1318,HR,Assistant,High School,63,F," R$ 10,095.72 ",2010-03-19
1319,Marketing,Technician,Technical Diploma,55,M,,2016-03-01
1320,IT,Director,PhD,60,M," R$ 17,297.46 ",2012-05-14
1321,Operations,Assistant,High School,58,," R$ 11,649.49 ",2021-08-14
1322,IT,Assistant,High School,63,F," R$ 17,022.90 ",23/08/2023
1323,Finance,Specialist,Master,58,F," R$ 20,214.76 ",2020-12-02
1324,HR,Director, ,26,F," R$ 7,063.06 ",30/03/2014
1325,HR,Analyst,Bachelor,62,F," R$ 9,879.04 ",22/04/2021
1326,Marketing,Specialist,Master,64,M," R$ 13,474.02 ",2017-04-01
1327,Logistics,Assistant,High School,26,M," R$ 5,294.53 ",2012-08-03
1328,Logistics,Analyst,Bachelor,38,M," R$ 6,420.16 ",2022-11-01
1329,IT, ,High School,40,F," R$ 13,890.00 ",2019-09-26
1330,Logistics,Director,PhD,47,M," R$ 7,091.18 ",14/04/2011
1331,Legal,Assistant,High School,23,F," R$ 12,235.02 ",08/04/2010
1332,IT,Director,PhD,35,M," R$ 13,859.39 ",2010-08-13
1333,HR,Technician,Technical Diploma,49,F," R$ 9,233.37 ",2022-07-02
1334,IT,Analyst,Bachelor,25,M," R$ 10,345.78 ",2015-01-19
1335,Logistics,Assistant,High School,24,F," R$ 4,331.93 ",2022-02-27
1336,Logistics,Manager,Master,36,M," R$ 6,243.65 ",2010-12-10
1337,Finance,Coordinator,Bachelor,43,M," R$ 21,418.25 ",2013-04-01
1338,Operations,Assistant,High School,63,M," R$ 11,004.86 ",2018-03-31
1339,IT,Technician,Technical Diploma,40,F," R$ 14,134.07 ",16/12/2021
1340,HR,Coordinator,Bachelor,55,F," R$ 8,378.10 ",15/06/2020
1341,Marketing,Manager,Master,31,F," R$ 9,095.32 ",2016-05-07
1342,Logistics,Analyst,Bachelor,55,M," R$ 8,659.93 ",2010-12-08
1343,IT,Technician, ,37,M," R$ 12,354.76 ",2017-02-15
1344,Marketing,Technician,Technical Diploma,58,F," R$ 12,581.72 ",2015-08-09
1345,IT,Director,PhD,57,M," R$ 17,419.98 ",2013-08-18
1346,Legal,Coordinator,Bachelor,43,F," R$ 16,376.57 ",2019-05-13
1347,IT,Manager,Master,53,F," R$ 15,649.38 ",2014-03-02
1348,Logistics,Technician,Technical Diploma,38,F," R$ 6,641.13 ",2019-12-02
1349,HR,Technician,Technical Diploma,30,F," R$ 6,458.77 ",2016-11-29
1350,Operations,Assistant,High School,54,M," R$ 12,470.57 ",19/01/2018
1351,Logistics,Technician, ,54,M," R$ 7,834.00 ",2014-12-22
1352,,Analyst,Bachelor,23,F," R$ 5,191.54 ",2014-09-07
1353,Logistics,Director,PhD,35,F," R$ 6,234.24 ",2019-07-09
1354,Legal,Manager,Master,58,F," R$ 22,005.36 ",2023-12-13
1355,Finance,Technician,Technical Diploma,54,M," R$ 22,907.71 ",2014-02-10
1356,Operations,Analyst,Bachelor,22,F," R$ 6,174.43 ",2014-03-17
1357,Logistics,Assistant,High School,43,F," R$ 8,849.44 ",2017-02-27
1358,Logistics,Analyst,Bachelor,51,F," R$ 8,654.38 ",2020-08-10
1359,Legal,Manager,Master,48,F," R$ 19,601.54 ",2016-08-21
1360,Legal,Coordinator,Bachelor,54,F," R$ 20,658.52 ",2013-07-15
1361,HR,Assistant,High School,37,M," R$ 7,543.00 ",2019-12-01
1362,Operations,Director,PhD,31,F,,2016-06-16
1363,Legal,Specialist,Master,48,F," R$ 18,834.91 ",2015-05-31
1364,Operations,Specialist,Master,58,M," R$ 12,519.03 ",2012-09-25
1365,Legal,Coordinator,Bachelor,23,M," R$ 11,960.43 ",2016-06-05
1366,Marketing,Director,PhD,51,M," R$ 10,177.06 ",2019-01-28
1367,,Director,PhD,64,F," R$ 22,433.67 ",2010-11-24
1368,HR,Coordinator,Bachelor,40,F," R$ 7,031.99 ",2015-02-18
1369,HR,Technician,Technical Diploma,40,M," R$ 7,084.08 ",23/02/2018
1370,IT,Director,PhD,56,F," R$ 15,311.68 ",2017-11-05
1371,Logistics,Assistant,High School,32,F," R$ 5,676.09 ",02/08/2017
1372,Finance,Director,PhD,53,," R$ 19,522.20 ",2023-03-23
1373,Operations,Coordinator,Bachelor,37,M," R$ 8,608.11 ",2021-11-15
1374,HR,Director,PhD,38,," R$ 5,666.93 ",2011-05-27
1375,Finance,Coordinator,Bachelor,50,F," R$ 22,317.84 ",2016-01-03
1376,Finance,Specialist,Master,41,F," R$ 20,503.47 ",2015-08-27
1377,Legal,Director,PhD,57,M," R$ 19,326.46 ",2023-11-01
1378,IT,Manager,Master,45,M," R$ 14,261.78 ",2022-06-12
1379,HR,Director,PhD,64, ," R$ 10,214.66 ",2023-08-19
1380,Marketing,Manager,Master,25,F," R$ 9,569.39 ",2012-05-09
1381,,Manager,Master,26,M," R$ 15,493.60 ",2011-07-30
1382,Legal,Analyst,Bachelor,40,F," R$ 17,779.54 ",24/03/2011
1383,Logistics,Manager,Master,45,F," R$ 7,117.16 ",2014-08-29
1384,Logistics,Technician,,22,," R$ 4,519.50 ",03/11/2011
1385,Marketing,Manager,Master,56,M,,07/05/2012
1386,Marketing,Specialist,Master,23,F," R$ 8,105.53 ",2019-07-29
1387,IT,Technician,Technical Diploma,31,F," R$ 11,832.52 ",2020-02-24
1388,HR,Assistant,High School,27, ," R$ 6,849.34 ",30/12/2017
1389,HR,Assistant,High School,61,M," R$ 10,603.63 ",2022-11-21
1390,IT,Director,PhD,59,M," R$ 16,038.86 ",2012-03-29
1391,Marketing,Assistant,High School,41,F," R$ 11,813.70 ",2013-04-27
1392,HR,Coordinator,Bachelor,40,F," R$ 7,564.46 ",2023-06-26
1393, ,Technician,Technical Diploma,57,M,,2015-07-29
1394,Marketing,,Bachelor,50,F," R$ 11,671.22 ",2012-02-11
1395,Operations,Analyst, ,62,F," R$ 11,018.72 ",23/04/2017
1396,HR, ,Master,45,M," R$ 8,975.25 ",2013-03-03
1397,HR,Director,PhD,30,M," R$ 5,769.35 ",2012-02-22
1398,Operations,Technician,Technical Diploma,53,F," R$ 10,921.97 ",29/03/2011
1399,Operations,Assistant,High School,61,M," R$ 10,142.12 ",10/05/2016
1400,HR,Manager,Master,26,M," R$ 6,779.17 ",2023-09-12
1401,Logistics,Analyst,Bachelor,42,F," R$ 6,644.69 ",2022-01-28
1402,Legal,Assistant,High School,38,M," R$ 17,586.28 ",2010-03-20
1403,Logistics,Coordinator,Bachelor,45,F," R$ 6,942.59 ",2021-09-23
1404, ,Director,PhD,48,M," R$ 10,495.16 ",2016-02-23
1405,Marketing,Analyst,Bachelor,39,F," R$ 10,691.43 ",22/06/2022
1406,Marketing,Assistant,High School,43,M," R$ 10,854.14 ",2011-04-15
1407,IT,,Master,27,M," R$ 10,197.87 ",2018-07-15
1408,Finance,Coordinator,Bachelor,49,M," R$ 18,355.03 ",2017-06-02
1409,IT, ,Master,63,F," R$ 19,629.33 ",2011-09-25
1410,HR,,Master,41,M," R$ 7,472.55 ",2014-09-07
1411,Finance,Coordinator,Bachelor,37, ," R$ 18,539.00 ",2018-06-24
1412,IT,Technician,Technical Diploma,40,F," R$ 11,154.63 ",2015-06-03
1413,Marketing,Assistant,High School,29,F," R$ 9,075.76 ",14/10/2023
1414,Marketing,Technician,Technical Diploma,39,M, ,2018-08-20
1415,IT,Technician,Technical Diploma,58,F," R$ 16,734.22 ",2019-08-19
1416,Logistics,Analyst,Bachelor,52,M," R$ 8,340.51 ",2016-01-01
1417,Legal,Manager,Master,59,M," R$ 20,976.35 ",2016-12-21
1418,Marketing,Assistant,High School,23,F," R$ 8,773.96 ",2018-01-25
1419,HR,Manager,Master,53,M," R$ 8,422.39 ",18/08/2022
1420,,Director,PhD,36,F," R$ 6,415.80 ",2013-03-21
1421,HR,Manager,Master,32,M," R$ 7,315.05 ",2016-09-28
1422,,Analyst,Bachelor,26,M," R$ 8,740.16 ",2021-10-02
1423,Logistics,Specialist,Master,63,F," R$ 8,691.04 ",26/06/2020
1424,HR, ,Bachelor,50,F," R$ 8,762.63 ",2013-05-16
1425,Marketing,Director,PhD,41,F," R$ 10,478.20 ",2023-06-26
1426,Operations, ,High School,41,," R$ 9,586.30 ",2014-02-22
1427,Marketing,Specialist,Master,39,F," R$ 10,942.72 ",2023-11-22
1428,Operations,Coordinator,Bachelor,33,F," R$ 8,810.63 ",14/10/2020
1429,Legal,Manager,Master,38,M," R$ 17,490.46 ",2013-09-18
1430,Marketing,Manager,Master,25,F," R$ 9,240.49 ",2012-11-19
1431,Finance,Manager,Master,40,M," R$ 19,883.81 ",17/09/2014
1432,Marketing,Analyst,Bachelor,44,F," R$ 11,060.97 ",2010-11-22
1433,Legal,Assistant,High School,48,M," R$ 19,560.93 ",2019-01-30
1434,Logistics,Specialist,Master,63,M," R$ 8,410.91 ",21/02/2020
1435,Finance,Coordinator,Bachelor,35,F," R$ 18,301.75 ",2012-12-28
1436,HR,Coordinator,Bachelor,25,F," R$ 5,737.57 ",2010-10-02
1437,Finance,,Technical Diploma,25,M," R$ 14,317.65 ",2011-07-23
1438,Marketing,Coordinator,Bachelor,45,," R$ 9,530.21 ",2010-11-02
1439,IT,Assistant,High School,44,M," R$ 13,939.77 ",2022-05-02
1440,Finance,Analyst,Bachelor,57,M," R$ 23,167.76 ",2020-09-01
1441, ,Analyst,Bachelor,32,M," R$ 6,273.89 ",2021-08-21
1442,,Coordinator,Bachelor,54,F," R$ 9,817.30 ",2012-12-03
1443,Logistics,Assistant,High School,59,M," R$ 8,161.40 ",2012-11-06
1444,Finance,Coordinator,Bachelor,26,M," R$ 16,474.91 ",2021-07-01
1445,Marketing,Analyst,Bachelor,48,F," R$ 10,333.06 ",2023-11-03
1446,Operations,Manager,Master,58,M," R$ 11,072.73 ",2011-06-03
1447,Operations,Specialist,Master,48,M," R$ 11,810.20 ",2017-07-02
1448,Finance,Manager,Master,52,F," R$ 23,833.09 ",30/04/2021
1449,IT,Coordinator,Bachelor,33,F," R$ 12,453.72 ",2020-11-04
1450,Legal,Director,PhD,27, ," R$ 13,223.91 ",12/03/2011
1451,Marketing,Specialist,Master,33,M," R$ 9,912.64 ",2015-03-23
1452,Finance,Coordinator,Bachelor,35,M," R$ 18,779.74 ",02/10/2020
1453,IT,Technician,Technical Diploma,43,M," R$ 15,048.82 ",2019-01-25
1454,Finance,Director,PhD,32,M," R$ 17,382.21 ",2010-04-10
1455,,Director,PhD,61,M," R$ 15,958.51 ",13/10/2020
1456,Finance,Director,PhD,60,," R$ 25,186.58 ",2014-04-04
1457,Marketing,Technician,Technical Diploma,59,F," R$ 12,760.91 ",30/01/2019
1458,Marketing,Coordinator,Bachelor,34,M," R$ 8,877.94 ",2013-03-05
1459,Marketing,Specialist,Master,27,F," R$ 6,539.02 ",2010-11-17
1460,Operations,Analyst,Bachelor,41,F," R$ 8,873.37 ",11/12/2019
1461,Operations,Manager,Master,23,F,,24/11/2022
1462,Logistics,Director,PhD,32,M," R$ 6,190.37 ",2022-12-06
1463,Operations,Coordinator,Bachelor,29,M," R$ 8,182.03 ",2019-01-24
1464,Legal,Coordinator,Bachelor,51,F," R$ 19,995.58 ",2010-09-28
1465,Legal,Assistant,High School,48,M," R$ 19,698.14 ",02/05/2014
1466,Marketing,Manager,Master,25,M," R$ 8,302.91 ",2020-11-01
1467,Legal,Coordinator,Bachelor,28,," R$ 14,284.91 ",2013-11-29
1468,Marketing,Assistant,High School,45,F," R$ 10,649.67 ",2023-10-27
1469,Logistics,Technician,Technical Diploma,53,F," R$ 7,564.57 ",2023-09-21
1470,Logistics,Assistant,High School,40,M," R$ 6,236.88 ",27/10/2010
1471,IT,Specialist,Master,63,M," R$ 17,697.79 ",2014-12-09
1472,Legal,Specialist,Master,56,M," R$ 19,361.51 ",2019-10-02
1473,Logistics,Specialist,Master,63,F," R$ 8,345.64 ",2013-02-27
1474,Operations,Technician,,24,F," R$ 7,124.24 ",2015-03-13
1475,Finance,Director,PhD,39,M," R$ 18,458.18 ",2016-12-05
1476,HR,Manager,Master,58,M," R$ 8,656.67 ",31/01/2022
1477,Marketing,Manager,Master,43,F," R$ 9,830.88 ",2020-12-28
1478,Legal,Director,PhD,54,," R$ 15,785.54 ",2016-07-30
1479,Marketing,Specialist,Master,59,F," R$ 12,844.59 ",2022-09-13
1480,HR, ,PhD,60,M," R$ 9,132.09 ",2021-03-30
1481,IT,Assistant,High School,55,," R$ 13,961.11 ",2018-07-03
1482,Legal,Coordinator,Bachelor,44,F," R$ 15,007.41 ",2010-02-13
1483,IT,Coordinator,Bachelor,56,F," R$ 17,653.03 ",17/10/2021
1484,Legal,Manager,Master,50,F," R$ 18,376.13 ",02/10/2021
1485,Legal,Manager,Master,23,M," R$ 15,387.59 ",2011-05-22
1486, ,Coordinator,Bachelor,35,M," R$ 11,061.25 ",2014-05-01
1487,Legal,Assistant,High School,29,M," R$ 14,567.63 ",2019-11-05
1488,Marketing,Manager,Master,22,M," R$ 8,237.17 ",2016-05-24
1489,Legal,Director,PhD,49,M," R$ 17,907.75 ",2021-10-25
1490,Logistics,Director,PhD,24,M," R$ 5,743.55 ",2011-06-17
1491,HR,Coordinator,Bachelor,28,F, ,20/12/2017
1492,HR,Manager,Master,55,F," R$ 10,051.41 ",17/12/2017
1493,,Assistant,High School,53,F," R$ 20,956.15 ",12/07/2017
1494,Legal,Assistant,High School,30,M," R$ 14,262.00 ",2015-03-01
1495,Legal,Technician,Technical Diploma,56,F," R$ 19,964.28 ",2011-06-28
1496,HR,Technician,Technical Diploma,40,M," R$ 8,241.37 ",2017-11-17
1497,Operations,Manager,Master,36,F," R$ 8,778.54 ",2017-03-14
1498,Finance,Coordinator,Bachelor,52,M," R$ 21,416.85 ",2010-08-14
1499,Legal,Specialist,Master,37,M," R$ 17,479.29 ",2014-04-26
1500,Legal,Director,PhD,58,F," R$ 20,917.03 ",2022-11-30
1501,HR,Coordinator,Bachelor,28,M," R$ 7,052.56 ",14/06/2020
1502,Legal,Director,PhD,56,F," R$ 21,607.25 ",01/09/2020
1503,Marketing,Technician,Technical Diploma,50,F," R$ 11,338.94 ",2011-02-20
1504,Logistics,Manager,Master,23,M," R$ 4,622.06 ",20/07/2020
1505,Legal,Analyst,Bachelor,55,F," R$ 21,198.06 ",2020-08-18
1506,Logistics,Analyst,Bachelor,56,F," R$ 7,788.45 ",18/06/2014
1507,HR,Analyst,Bachelor,52,F," R$ 8,832.93 ",2015-08-10
1508,Finance,Technician,Technical Diploma,33,F," R$ 18,194.48 ",19/07/2012
1509,Legal,Coordinator,Bachelor,22,M," R$ 14,353.40 ",06/08/2017
1510,Logistics,Specialist,Master,50,F," R$ 13,854.78 ",2021-03-27
1511,HR,Director,PhD,22,M," R$ 6,469.73 ",2019-01-25
1512,Operations,Analyst,Bachelor,22,F," R$ 6,558.07 ",2014-06-03
1513,Operations,Technician,Technical Diploma,36,M," R$ 9,971.37 ",2023-12-30
1514,Marketing,Assistant, ,24,F," R$ 8,697.62 ",2017-09-26
1515,Legal,Manager,Master,35,M," R$ 15,962.00 ",2019-08-17
1516,Legal,Assistant,High School,31,M," R$ 15,265.41 ",2016-02-02
1517,,Technician,Technical Diploma,24,M," R$ 13,240.11 ",2018-08-17
1518,Legal,Specialist,Master,41, ," R$ 16,168.93 ",2021-04-20
1519,IT,Specialist,Master,57,F," R$ 16,334.31 ",2021-11-28
1520,IT,Coordinator,Bachelor,48,M," R$ 15,392.47 ",2015-05-31
1521,IT,Specialist,Master,57,F," R$ 15,071.09 ",2022-04-21
1522,HR, ,Master,32,M," R$ 7,302.42 ",24/07/2012
1523,Legal,Director,PhD,24,F," R$ 12,950.03 ",2019-11-04
1524,Finance,Assistant,High School,45,M," R$ 20,631.30 ",2017-02-06
1525,Marketing,Coordinator,Bachelor,60,M," R$ 12,536.25 ",2010-11-22
1526,Marketing,Director,PhD,31,F," R$ 9,052.66 ",2016-08-01
1527,IT,,Bachelor,47,F," R$ 15,287.95 ",04/06/2020
1528,Finance,Coordinator,Bachelor,53,F," R$ 23,589.46 ",2011-06-18
1529,Legal,Analyst,Bachelor,29,F," R$ 12,655.71 ",2021-06-18
1530,Operations,Director,PhD,34,F," R$ 7,472.19 ",2018-09-29
1531,Marketing,Specialist,Master,24,F," R$ 7,233.93 ",2017-09-30
1532,HR,Analyst,Bachelor,36,M," R$ 8,192.44 ",2015-03-20
1533,Legal,Manager,Master,42,M," R$ 19,938.46 ",24/09/2012
1534,HR,Specialist,Master,63,M," R$ 9,955.31 ",2016-03-06
1535,Finance,Assistant,High School,50,M," R$ 21,865.94 ",2019-02-12
1536,Legal,Manager,Master,48,F," R$ 17,519.69 ",2014-07-01
1537,Legal,Director,PhD,51,F," R$ 18,607.49 ",2020-01-08
1538,Operations,Director,PhD,35,F," R$ 8,790.85 ",2022-04-19
1539,Legal,Specialist,Master,62,M," R$ 22,682.92 ",2014-08-01
1540,Finance,Coordinator,Bachelor,36,M," R$ 18,340.46 ",2018-06-20
1541,Legal,Specialist,Master,63,M," R$ 17,028.14 ",2011-09-20
1542,Legal,Manager,Master,35,M," R$ 17,238.45 ",2020-03-22
1543,Legal,Manager,Master,46,F," R$ 17,894.35 ",2012-03-21
1544,Logistics,Director, ,48,F," R$ 7,543.18 ",31/03/2020
1545,IT,Director,PhD,23,F," R$ 10,002.92 ",2015-10-07
1546,IT,Analyst,Bachelor,38,M," R$ 11,832.76 ",2020-07-26
1547,Logistics,Specialist,Master,36,F," R$ 6,114.35 ",05/03/2017
1548,Logistics,Manager,Master,48,M," R$ 7,238.75 ",2023-09-11
1549,Operations,Specialist,Master,31,F," R$ 6,737.97 ",2012-12-05
1550,,Coordinator,Bachelor,64,M," R$ 8,662.59 ",2023-06-12
1551,Finance,Manager,Master,30,F," R$ 15,628.36 ",2013-04-02
1552,HR,Analyst,Bachelor,24,F," R$ 5,532.64 ",2016-08-03
1553,Marketing,Specialist,Master,45,F," R$ 9,408.76 ",21/05/2016
1554,IT,Manager,Master,22,F," R$ 9,334.36 ",2012-09-01
1555,Logistics,Technician,Technical Diploma,59,M," R$ 8,186.68 ",2018-02-22
1556,Legal,Manager,Master,27,M," R$ 13,713.47 ",2012-11-13
1557,Logistics,Technician,Technical Diploma,26,F," R$ 4,786.42 ",2014-08-18
1558,Operations,Assistant,High School,25,F," R$ 6,500.63 ",2015-04-23
1559,Legal,Technician,Technical Diploma,24,F," R$ 13,149.10 ",2021-03-09
1560,Logistics,Manager,Master,51,F," R$ 7,485.96 ",2011-01-20
1561,HR,Specialist,Master,57,, ,2020-02-23
1562,Marketing, ,Technical Diploma,44,M," R$ 10,478.99 ",2016-11-18
1563,IT,,Technical Diploma,28,M," R$ 11,269.11 ",2011-04-29
1564,Operations,Coordinator,Bachelor,53,M," R$ 11,737.73 ",2023-02-11
1565,Legal,Specialist,Master,64,M," R$ 21,936.50 ",2012-09-02
1566,Logistics,Director,PhD,31,F," R$ 6,043.84 ",09/01/2018
1567,Operations,Coordinator,Bachelor,58,M," R$ 10,297.00 ",2014-05-22
1568,HR,Specialist,Master,54,F," R$ 8,044.02 ",2016-09-03
1569,Finance,Coordinator,Bachelor,47,F," R$ 17,993.69 ",20/04/2013
1570,Legal,Assistant,High School,64,M," R$ 22,368.55 ",2010-10-11
1571,Legal,Manager,Master,52,F," R$ 19,409.91 ",2014-06-11
1572,Legal,Manager,Master,51,M," R$ 17,416.36 ",2013-10-16
1573,,Technician,Technical Diploma,44,M," R$ 12,165.54 ",23/03/2018
1574, ,Coordinator,Bachelor,50,F," R$ 11,202.17 ",07/10/2010
1575,HR,,Bachelor,29,M," R$ 7,147.46 ",2014-05-29
1576,Legal,Analyst, ,37,F," R$ 15,714.40 ",12/12/2012
1577,Logistics,Manager,Master,30,F," R$ 5,696.43 ",2013-06-25
1578,Logistics,Director,PhD,25,F," R$ 5,236.60 ",18/01/2010
1579,IT,Coordinator,Bachelor,40,F," R$ 15,326.04 ",2014-08-13
1580,HR,,Master,60,M," R$ 9,028.40 ",28/04/2021
1581,Operations,Analyst,Bachelor,62,M," R$ 10,563.82 ",2015-04-02
1582,Operations,Director,PhD,34, , ,27/06/2011
1583,HR,Director,PhD,33,M," R$ 5,742.22 ",2019-03-09
1584,Finance,Analyst,Bachelor,30,F," R$ 17,481.15 ",2013-04-23
1585,HR,Analyst,Bachelor,33,M," R$ 5,983.58 ",2016-03-06
1586,Legal,Coordinator,Bachelor,45,F," R$ 20,324.99 ",2019-01-13
1587,Operations,Manager,Master,34,F," R$ 7,945.35 ",2017-12-01
1588,IT,Manager,Master,56,M," R$ 15,770.34 ",2020-12-15
1589,Finance,Coordinator,Bachelor,53,F," R$ 23,564.28 ",2022-01-04
1590,IT,Analyst,Bachelor,59,F," R$ 16,813.23 ",03/10/2012
1591,Finance,Technician,Technical Diploma,35,M," R$ 16,585.87 ",2013-09-21
1592,Logistics,Assistant,High School,23,M,,2012-08-19
1593,Operations,Specialist,Master,42,M," R$ 8,072.50 ",26/08/2010
1594,IT,Technician,Technical Diploma,52,F," R$ 15,101.47 ",2011-02-26
1595,Marketing,Analyst,Bachelor,56,M," R$ 13,840.96 ",2023-09-24
1596,IT,Manager,Master,37,F," R$ 11,888.20 ",2018-05-04
1597,Finance,Coordinator,Bachelor,61,M," R$ 27,444.80 ",16/10/2011
1598,Marketing,Analyst,Bachelor,47,M," R$ 10,955.13 ",19/07/2016
1599,Operations,,Technical Diploma,59,M," R$ 12,258.47 ",2013-10-25
1600,HR,Assistant,High School,24,F," R$ 5,927.29 ",2017-11-04
1601,Legal,Specialist,Master,58,F," R$ 21,063.58 ",13/02/2011
1602,Operations,Assistant,High School,57,F,,01/05/2010
1603,Marketing,Technician,Technical Diploma,59,F," R$ 12,100.29 ",2011-03-30
1604,Marketing,Technician,Technical Diploma,23,M," R$ 7,610.16 ",2019-04-05
1605,Operations,Technician,Technical Diploma,43,M," R$ 9,338.98 ",2020-12-18
1606,Legal,Technician,Technical Diploma,24,M," R$ 13,914.91 ",2012-04-10
1607,Logistics,Analyst,Bachelor,61,F," R$ 7,989.20 ",2021-07-02
1608,IT,Coordinator,Bachelor,63,F," R$ 16,354.58 ",2015-07-04
1609,Finance,Analyst,Bachelor,47,M," R$ 21,056.07 ",08/03/2016
1610,Marketing,Assistant,High School,48,M," R$ 12,116.53 ",2015-10-03
1611,IT,Analyst,Bachelor,59,F," R$ 17,041.98 ",2013-04-10
1612,Finance,Assistant,High School,29, ," R$ 16,271.83 ",2014-08-11
1613,Legal,Technician,Technical Diploma,44,F," R$ 18,268.97 ",2011-11-30
1614,Finance,Technician,Technical Diploma,27,F," R$ 17,335.55 ",2021-03-14
1615,HR,Coordinator,Bachelor,46,F," R$ 7,842.16 ",2018-09-16
1616,Legal,Coordinator,Bachelor,37,F," R$ 15,591.32 ",2012-07-04
1617,Marketing,Analyst,Bachelor,47,M," R$ 10,848.97 ",2013-08-04
1618,Marketing,,PhD,36,M," R$ 11,076.36 ",2018-02-22
1619,Marketing,Technician,Technical Diploma,53,M," R$ 13,539.50 ",2017-08-05
1620,IT,Manager,Master,61,M," R$ 15,627.09 ",2010-06-26
1621,HR,Director,PhD,40,M," R$ 7,468.03 ",2013-05-20
1622,Logistics,Analyst,Bachelor,35,M," R$ 6,680.46 ",16/09/2015
1623,,Manager,Master,56,M," R$ 10,597.72 ",2019-03-02
1624,Marketing,Director,PhD,47,F," R$ 11,606.72 ",2017-01-08
1625,Legal,Assistant,High School,58,M," R$ 18,680.73 ",2013-02-13
1626,Finance,Specialist, ,34,M," R$ 20,480.41 ",2014-03-15
1627,IT,Analyst,Bachelor,29,M," R$ 9,954.71 ",2010-07-06
1628,HR,Director,PhD,35,F," R$ 7,492.85 ",2012-09-12
1629,Operations,Analyst,,47,M, ,29/11/2015
1630,Marketing,,Bachelor,51,M," R$ 11,606.68 ",2011-01-18
1631,,Manager,Master,61,M,,28/09/2018
1632,Marketing,Manager,Master,63,M," R$ 15,582.15 ",2017-03-19
1633,Finance,Manager,,34,F," R$ 19,277.88 ",2021-04-16
1634,IT,Coordinator,Bachelor,57,M," R$ 15,322.60 ",2010-07-23
1635,Operations,Technician,Technical Diploma,32,F," R$ 8,355.00 ",2015-09-18
1636,,Assistant,High School,23,F," R$ 15,698.67 ",2012-11-07
1637,IT,Analyst,Bachelor,51,M," R$ 15,758.30 ",2015-09-09
1638,IT,Director,PhD,45,F," R$ 13,580.16 ",2018-06-02
1639,Marketing,Specialist,Master,39,M," R$ 8,884.51 ",2023-05-19
1640,Operations,Technician,Technical Diploma,44,M," R$ 10,841.40 ",2019-02-21
1641,IT,Manager,Master,27,M," R$ 9,703.40 ",2020-06-04
1642,Legal,Coordinator,Bachelor,32,M," R$ 17,142.82 ",2013-05-31
1643,Finance,,Bachelor,28,F," R$ 17,342.85 ",2021-06-22
1644,Operations,Technician,Technical Diploma,54,F, ,22/08/2023
1645,Marketing,Technician,Technical Diploma,31,M," R$ 9,504.70 ",06/04/2015
1646,HR,Director,PhD,42,M," R$ 7,913.27 ",2014-02-08
1647,Operations,Manager,Master,30,F," R$ 8,161.65 ",2013-10-20
1648,,Analyst,Bachelor,51,F," R$ 21,025.59 ",2015-06-21
1649,Legal,,Bachelor,46,F, ,2019-11-23
1650,IT,Coordinator,Bachelor,46,F,,2010-07-20
1651,Operations,Coordinator,,45,M," R$ 9,240.29 ",30/09/2022
1652,Logistics,Assistant,High School,33,F," R$ 6,883.69 ",27/07/2014
1653,Finance,Technician,Technical Diploma,28,F," R$ 15,738.94 ",2013-04-15
1654,HR,Specialist,Master,55,F," R$ 8,874.74 ",2011-06-28
1655,Marketing,Technician, ,24,F," R$ 7,091.17 ",2012-09-24
1656,Legal,Director,PhD,27,M," R$ 14,551.49 ",2017-02-08
1657,IT,Manager,Master,48,F," R$ 14,708.29 ",2012-01-18
1658,Operations,Specialist,Master,40,F," R$ 9,447.61 ",2012-09-16
1659,Legal,Assistant,High School,29,M," R$ 16,002.88 ",08/11/2017
1660,Operations,Coordinator,Bachelor,57,M," R$ 13,071.80 ",2015-12-04
1661,HR,Assistant,High School,60,F," R$ 8,472.68 ",2023-11-19
1662,Operations,Assistant,High School,57,F," R$ 10,570.71 ",12/01/2010
1663,Finance,Assistant,High School,39,F," R$ 17,517.89 ",2021-04-30
1664,Finance,Technician,Technical Diploma,28,F," R$ 18,766.35 ",2014-07-30
1665,Finance,Analyst,Bachelor,22,M," R$ 14,693.62 ",2012-04-16
1666,Operations,Analyst,Bachelor,26,M," R$ 6,710.88 ",2022-06-19
1667,Logistics,Specialist,Master,63,F," R$ 9,287.09 ",2010-08-07
1668,IT,Director,PhD,35,F," R$ 12,455.99 ",2011-07-18
1669,Marketing,Director,PhD,22,F," R$ 7,338.45 ",25/01/2014
1670,IT,Manager,Master,33, ," R$ 8,789.72 ",2011-06-21
1671,Marketing,Specialist,Master,40,F," R$ 12,130.90 ",2018-08-21
1672,Marketing,Manager,Master,23,F," R$ 8,413.45 ",2023-03-29
1673,IT,Director,PhD,35,F," R$ 12,376.82 ",2010-02-07
1674,IT,Coordinator,Bachelor,24,M," R$ 9,240.35 ",2012-08-27
1675,HR,Analyst,Bachelor,56,M," R$ 8,873.80 ",2013-01-25
1676,Logistics,Assistant,High School,34,M," R$ 6,349.70 ",2018-09-29
1677,IT,Manager,Master,24,F," R$ 11,005.45 ",21/05/2019
1678,Finance,Coordinator,Bachelor,35,M," R$ 18,062.39 ",2023-04-30
1679,Operations,Manager,Master,55,F," R$ 10,982.84 ",2021-06-20
1680,HR,Specialist,Master,30,F," R$ 6,046.56 ",2016-05-17
1681,IT,Technician,Technical Diploma,31,F," R$ 11,983.79 ",2014-05-12
1682,Legal,Specialist,Master,29,M," R$ 14,162.74 ",2015-03-23
1683,Logistics,Specialist,Master,50,M," R$ 7,295.32 ",2014-10-29
1684,Logistics,Director,PhD,60,F," R$ 9,531.79 ",2016-10-25
1685,Operations,Coordinator,Bachelor,54,M," R$ 10,517.81 ",2018-03-21
1686,Marketing,Specialist,Master,44,M," R$ 9,864.82 ",2016-12-30
1687,Marketing,Coordinator,Bachelor,29,M," R$ 9,129.05 ",2022-02-25
1688,Marketing,Specialist,Master,61,M,,21/09/2016
1689,IT,Technician,Technical Diploma,59,F," R$ 19,154.00 ",2020-12-08
1690,Finance,Manager,Master,44,F," R$ 19,087.01 ",2019-12-05
1691,HR,Director,PhD,57,M," R$ 8,689.12 ",2017-07-02
1692,Finance,Director,PhD,64,," R$ 25,311.54 ",2021-09-13
1693,Logistics,Director,PhD,41,M," R$ 6,826.62 ",2018-06-10
1694,HR,Director,PhD,33,F," R$ 7,180.08 ",2013-06-03
1695,Operations,Manager,Master,57, ," R$ 12,488.14 ",2015-11-15
1696,Marketing,Technician,Technical Diploma,30,F," R$ 9,662.22 ",2023-03-04
1697,Logistics,Director,PhD,54,M," R$ 6,616.78 ",25/05/2012
1698,Legal,Director,PhD,27,F," R$ 15,421.84 ",2012-04-04
1699,Finance,Specialist,Master,53,F," R$ 17,005.96 ",2021-12-15
1700,Finance,Director,PhD,22,M," R$ 14,000.53 ",2019-06-07
1701,Marketing,Technician,Technical Diploma,45,M," R$ 12,082.03 ",2023-10-30
1702,Marketing,Technician,,50,F," R$ 12,649.83 ",2013-07-30
1703,Finance,Specialist,Master,29,M," R$ 18,001.21 ",2015-08-23
1704,Legal,Technician,Technical Diploma,34,F," R$ 14,668.42 ",2023-06-09
1705,IT,Manager,Master,46,F," R$ 13,378.22 ",2013-07-14
1706,Logistics,Technician,Technical Diploma,50,F," R$ 7,652.04 ",2016-05-05
1707,Logistics,Specialist,Master,45,F," R$ 8,352.61 ",2015-08-24
1708,IT,Coordinator,Bachelor,48,F," R$ 14,231.33 ",2017-10-16
1709,Finance,Director,PhD,47,F," R$ 20,211.72 ",2020-02-08
1710,Marketing,Coordinator,Bachelor,41,M," R$ 10,764.95 ",2022-02-08
1711,Logistics,Specialist,Master,25,M," R$ 4,692.22 ",2011-07-07
1712,Operations,,Master,43,F," R$ 8,732.76 ",14/10/2023
1713,Marketing,Technician,Technical Diploma,28,F," R$ 9,593.63 ",2015-05-08
1714,Operations,Specialist,Master,39,F," R$ 8,915.85 ",2014-02-06
1715,Logistics,Manager,Master,31,M," R$ 5,809.36 ",2020-09-14
1716, ,Director,PhD,52,F," R$ 22,921.45 ",2013-08-23
1717,Logistics,Coordinator,Bachelor,47,F," R$ 7,166.95 ",2023-02-17
1718,HR,Specialist,Master,47,M," R$ 8,975.34 ",2023-08-15
1719,Marketing,Specialist,Master,46,F," R$ 9,820.85 ",2018-12-09
1720,Operations,Director,PhD,39,M," R$ 9,058.26 ",2015-04-01
1721,IT,Specialist,Master,45,M," R$ 15,180.61 ",2014-04-05
1722,HR,Technician,Technical Diploma,36,M," R$ 6,994.64 ",2018-09-12
1723,Marketing,Analyst,Bachelor,29,F, ,15/12/2013
1724,Finance,Specialist,Master,64,F," R$ 24,125.31 ",17/04/2012
1725,HR,Assistant,High School,46,F," R$ 7,992.76 ",2021-06-10
1726,Marketing,Coordinator,Bachelor,56,M," R$ 32,552.67 ",2021-12-24
1727,HR,Technician,Technical Diploma,45,M,,2020-04-02
1728,IT,Specialist,Master,61,M," R$ 20,109.00 ",2016-06-26
1729,Finance,Director,PhD,59,F," R$ 21,670.44 ",2022-10-27
1730,Legal,Manager,Master,42,F," R$ 17,649.79 ",2022-04-25
1731,Legal,Coordinator,Bachelor,22,F," R$ 13,434.00 ",2020-01-18
1732,IT,Specialist,Master,47,F," R$ 12,610.76 ",2016-03-12
1733,Legal,Assistant,High School,31,M," R$ 15,235.41 ",26/07/2021
1734,Operations,Coordinator,Bachelor,47,F," R$ 8,546.79 ",2019-10-07
1735,Finance,Analyst,Bachelor,23,M," R$ 16,116.62 ",2017-08-14
1736,Finance,Technician,Technical Diploma,61,M," R$ 22,951.26 ",2023-05-04
1737,Finance,Manager,Master,35,M, ,02/02/2012
1738,Legal,Technician,Technical Diploma,54,M," R$ 18,876.33 ",07/06/2016
1739,Marketing,Technician,Technical Diploma,60,F," R$ 13,162.18 ",27/12/2012
1740,HR,Analyst,Bachelor,22,F," R$ 5,880.34 ",2021-01-22
1741,Legal, ,High School,51,F," R$ 18,911.88 ",2018-04-01
1742,Legal,Coordinator,Bachelor,58,M," R$ 18,891.18 ",18/03/2020
1743,Logistics,Director, ,39,F," R$ 6,693.80 ",2013-07-07
1744,Finance,Director,PhD,51,F," R$ 20,552.39 ",2011-01-20
1745,HR,Manager,Master,48,F," R$ 9,136.55 ",2015-04-04
1746,Legal,,Master,51,F," R$ 20,197.47 ",24/04/2022
1747,,Director, ,57,F," R$ 8,967.93 ",2023-05-14
1748,Finance,Manager,Master,42,F," R$ 22,220.91 ",2022-12-04
1749,Logistics,Manager,Master,37,M," R$ 6,819.90 ",2014-12-13
1750,Marketing,Specialist,Master,38,M," R$ 11,116.56 ",09/07/2015
1751,Finance,Technician,Technical Diploma,39,F," R$ 17,129.20 ",2013-12-14
1752,Legal,Coordinator,Bachelor,55,M," R$ 22,198.40 ",2022-02-05
1753,Finance,Specialist,Master,42,M," R$ 18,943.24 ",2019-04-07
1754,Legal,Coordinator,Bachelor,33,F," R$ 17,163.07 ",2011-10-11
1755,Operations,Technician,Technical Diploma,52,F," R$ 9,015.51 ",2022-10-27
1756,HR,Manager,Master,31,M," R$ 6,251.20 ",2015-08-29
1757, ,Manager,Master,62,F," R$ 13,166.12 ",2011-07-23
1758,,Analyst,Bachelor,25,F," R$ 8,456.45 ",18/01/2010
1759,Marketing,Technician,Technical Diploma,36,F," R$ 11,153.95 ",2012-06-01
1760,Finance, ,High School,63,F," R$ 30,174.35 ",2021-01-27
1761,Operations,Specialist,Master,62,M," R$ 10,504.15 ",2019-12-22
1762,Marketing,Specialist,Master,49,M," R$ 10,674.69 ",2018-08-26
1763,Operations,Specialist,Master,28,F," R$ 9,100.33 ",28/02/2011
1764,Finance,Assistant,High School,32,M,,2019-03-09
1765,HR,Coordinator,Bachelor,50,M," R$ 8,418.25 ",2013-05-24
1766,IT,Specialist,Master,55,F," R$ 16,901.05 ",19/10/2015
1767,Operations,Analyst,Bachelor,51,M," R$ 9,939.26 ",2016-03-31
1768,Legal,Specialist,Master,48,F," R$ 16,096.06 ",07/04/2010
1769,IT,Coordinator,Bachelor,46,M," R$ 15,285.40 ",16/01/2023
1770,HR,Assistant,High School,59,F," R$ 10,120.91 ",2019-08-15
1771,IT,Manager,Master,61,M," R$ 18,170.02 ",2018-03-07
1772,Marketing,Technician,,44,M," R$ 11,678.77 ",2011-06-15
1773,Marketing,Technician,Technical Diploma,50,M," R$ 12,626.74 ",2015-03-23
1774,HR,Analyst,Bachelor,32,M," R$ 7,566.91 ",2017-12-31
1775,Marketing,Technician,Technical Diploma,25,M," R$ 7,868.84 ",2017-10-15
1776,Operations,Specialist,Master,57,F," R$ 9,901.60 ",2018-03-06
1777, ,Director,PhD,52,F," R$ 8,022.51 ",18/12/2019
1778,IT,Director,PhD,31,F," R$ 13,163.35 ",2019-12-17
1779,IT, ,Master,37,F," R$ 13,447.22 ",2021-07-11
1780,Finance,Manager,Master,51,F," R$ 22,651.52 ",25/08/2013
1781,Operations,Analyst,Bachelor,56,F," R$ 9,239.31 ",2010-03-05
1782,Finance,Assistant,,38,F," R$ 21,848.33 ",2018-01-09
1783,Operations,Specialist,Master,26,F," R$ 8,434.40 ",2017-03-11
1784,IT,Coordinator,Bachelor,24,M," R$ 11,094.24 ",04/10/2017
1785,Legal,Coordinator,Bachelor,37,M, ,2011-02-03
1786,Logistics, ,Technical Diploma,25,M," R$ 4,809.33 ",2015-08-27
1787,Logistics,Manager,Master,30,F," R$ 5,038.43 ",2016-03-28
1788,IT,Technician,Technical Diploma,25,M," R$ 11,032.70 ",2023-05-11
1789,Finance,Coordinator,Bachelor,42,M," R$ 19,163.99 ",2020-04-15
1790,Finance,Manager,Master,31,M," R$ 17,114.38 ",30/01/2020
1791,IT,Manager,Master,52,F," R$ 16,557.06 ",2020-08-30
1792,Finance,Coordinator,Bachelor,38,F," R$ 19,812.04 ",2018-02-09
1793,Logistics,Technician,Technical Diploma,37,F," R$ 6,943.81 ",2014-10-25
1794,Logistics,Specialist,Master,60,M," R$ 8,487.11 ",2023-11-21
1795, ,Assistant,High School,27,M," R$ 4,050.94 ",2013-12-13
1796,Operations,Assistant,High School,51,F," R$ 10,076.42 ",2014-05-17
1797,Operations,Coordinator,Bachelor,36,F," R$ 8,751.54 ",2015-08-16
1798,HR,Coordinator,Bachelor,64,M," R$ 8,433.45 ",2012-11-26
1799,Marketing,Coordinator,Bachelor,52,F," R$ 10,297.33 ",2013-05-17
1800,Logistics,Coordinator,Bachelor,51,M," R$ 8,107.28 ",2010-04-14
1801,HR,Manager,,58,M," R$ 9,827.42 ",2020-07-29
1802,Legal,Coordinator,Bachelor,37,F," R$ 16,455.00 ",2018-11-23
1803,IT,Director,PhD,57,M," R$ 16,842.77 ",11/10/2021
1804,Finance, ,PhD,23,F," R$ 15,649.24 ",2012-09-27
1805,Logistics,Specialist,Master,49,F," R$ 7,579.99 ",17/09/2021
1806,IT,Director,PhD,61,M," R$ 17,128.32 ",2015-06-12
1807,Finance,Coordinator,Bachelor,38,F," R$ 19,466.84 ",2023-02-07
1808,HR,Coordinator,Bachelor,62,F," R$ 10,055.39 ",2017-09-15
1809,Marketing,Manager,Master,59,M," R$ 13,859.25 ",2014-04-14
1810,Marketing,Manager,Master,57,M," R$ 12,800.60 ",22/06/2017
1811,Legal,Technician,Technical Diploma,53,F," R$ 20,699.98 ",2021-03-13
1812,,Manager,Master,46,F," R$ 5,604.96 ",2011-09-30
1813,Finance,Specialist,Master,34,M," R$ 17,396.67 ",2022-07-13
1814,Finance,,Bachelor,35,M," R$ 17,912.98 ",2014-11-22
1815,Marketing,Assistant,High School,46,F," R$ 11,778.78 ",2015-11-24
1816,HR,Specialist,Master,56,F," R$ 7,363.86 ",2018-04-04
1817,Logistics,Assistant,High School,50,M," R$ 12,329.42 ",2021-11-19
1818,Finance,Specialist,Master,36,F," R$ 17,699.27 ",2010-02-23
1819,,,High School,36,M, ,2023-10-04
1820,HR,Analyst,Bachelor,61,," R$ 10,044.58 ",2012-01-29
1821,Legal, ,Master,38,M," R$ 18,140.75 ",2012-07-22
1822,Logistics,Specialist,Master,46, ," R$ 6,332.24 ",2020-05-07
1823,Operations,Coordinator,Bachelor,44,F," R$ 8,578.90 ",2015-03-25
1824,Legal,Analyst,Bachelor,53,F," R$ 20,931.83 ",2017-04-30
1825,HR,Coordinator, ,52,M," R$ 8,865.37 ",2017-05-16
1826,HR,Specialist,Master,44,F," R$ 7,958.56 ",17/04/2019
1827,Legal,Director,PhD,59,F," R$ 21,385.47 ",29/03/2014
1828,HR,Specialist,Master,38,M," R$ 7,346.78 ",2016-11-01
1829,Finance,Specialist,Master,50,M," R$ 21,957.76 ",28/02/2018
1830,Legal,Technician,Technical Diploma,23,M," R$ 16,134.32 ",2022-09-15
1831,Logistics,Technician,Technical Diploma,32,F," R$ 5,451.42 ",25/06/2015
1832,Marketing,Assistant,High School,37,M," R$ 9,950.43 ",2022-05-27
1833,Logistics,Analyst,Bachelor,38,F," R$ 7,356.86 ",2022-03-15
1834,IT,Technician,Technical Diploma,42,M," R$ 13,884.22 ",2014-05-30
1835,Operations,Manager,Master,42,M," R$ 9,178.18 ",2021-09-10
1836,Legal,Coordinator,Bachelor,27,M," R$ 13,623.44 ",2015-02-26
1837,Legal,Analyst,Bachelor,44,M," R$ 16,891.86 ",2021-10-05
1838,Legal,Assistant,High School,53,," R$ 19,518.47 ",2022-04-29
1839,HR,Manager,Master,60,F," R$ 8,696.97 ",21/02/2023
1840,Legal,Coordinator,Bachelor,59,F," R$ 23,903.57 ",2023-07-05
1841,IT,Technician,Technical Diploma,50,M," R$ 16,432.73 ",2022-10-02
1842,Logistics,Analyst,Bachelor,52,M," R$ 6,780.12 ",2011-07-10
1843,Operations,Technician,Technical Diploma,46,M," R$ 10,857.60 ",2021-08-10
1844,Operations,Coordinator,,23,M," R$ 7,400.41 ",03/04/2017
1845,Logistics,Assistant,High School,43,M," R$ 6,698.14 ",2017-07-01
1846,Legal,Assistant,High School,58,F," R$ 21,154.14 ",2017-09-04
1847,IT,Manager,Master,36,M," R$ 11,699.35 ",2016-02-25
1848,Logistics,Technician,Technical Diploma,27,F," R$ 5,743.68 ",28/12/2012
1849,Finance,Technician,Technical Diploma,54,F," R$ 21,843.87 ",2014-02-07
1850,Operations,Technician,Technical Diploma,32,M," R$ 8,078.26 ",2011-03-05
1851,Finance,Analyst,Bachelor,33,M," R$ 15,925.95 ",2015-05-18
1852,Finance,Specialist,Master,45,M," R$ 18,316.17 ",2020-05-22
1853,Operations,Manager,Master,24,F," R$ 8,079.30 ",2021-10-02
1854,Legal,Coordinator,Bachelor,51,F," R$ 16,443.94 ",03/08/2016
1855,HR,Coordinator,Bachelor,40,F," R$ 7,023.87 ",24/11/2021
1856,Legal,Technician,Technical Diploma,64,M," R$ 21,001.82 ",03/01/2011
1857,HR,Coordinator,Bachelor,28,F," R$ 6,594.38 ",17/02/2022
1858,IT,Analyst,Bachelor,33,," R$ 11,769.89 ",2023-09-02
1859,Marketing,,High School,50,M," R$ 11,320.23 ",2013-02-28
1860,Marketing,Specialist,Master,29,F," R$ 9,253.42 ",2016-01-22
1861,HR,Specialist, ,42,M," R$ 8,169.00 ",2014-10-24
1862,IT,Analyst,Bachelor,34,M," R$ 11,493.51 ",2020-03-19
1863,Marketing,Director,PhD,48,M," R$ 11,769.03 ",2023-07-07
1864,Marketing,Specialist,Master,25,F," R$ 7,699.36 ",2015-05-17
1865,Legal,Assistant,High School,53,F," R$ 16,337.72 ",2015-09-14
1866,HR,Specialist,Master,45,F," R$ 7,798.99 ",2010-11-30
1867,Finance,Specialist,Master,62,M," R$ 24,143.05 ",2010-03-14
1868,Marketing,Director,PhD,30,F," R$ 8,135.01 ",2020-03-05
1869,Legal,Coordinator,Bachelor,31,M," R$ 15,810.71 ",31/03/2010
1870,Operations,Director,PhD,32,F," R$ 8,096.31 ",2023-04-13
1871,Finance,Coordinator,Bachelor,54,F," R$ 23,198.59 ",2012-03-14
1872,IT,Assistant,High School,28,M," R$ 11,057.63 ",2023-05-05
1873,Logistics,Technician,Technical Diploma,32,M," R$ 6,200.33 ",2010-06-24
1874,Logistics,Technician,Technical Diploma,49,F," R$ 7,173.23 ",2020-03-18
1875,Operations,Specialist,Master,59,F," R$ 11,201.00 ",2020-01-17
1876,HR,Analyst,Bachelor,51,M," R$ 8,614.61 ",2010-06-17
1877,Logistics,Assistant,High School,29,F," R$ 5,823.58 ",2013-11-20
1878,Operations,Coordinator,Bachelor,48,F," R$ 11,032.24 ",25/07/2011
1879,HR,Technician,Technical Diploma,43,M," R$ 7,300.34 ",2019-06-21
1880,Legal,Analyst,Bachelor,63,M," R$ 23,047.00 ",31/01/2014
1881,Marketing,Coordinator,Bachelor,53,M," R$ 12,557.91 ",2018-03-30
1882,Finance,Technician,Technical Diploma,35,F," R$ 19,938.70 ",2016-05-01
1883,Finance,Analyst,Bachelor,47,F," R$ 19,376.64 ",2022-08-25
1884,Marketing,Coordinator,Bachelor,32,F," R$ 9,742.75 ",2013-05-02
1885,Operations,Coordinator,Bachelor,28,F," R$ 7,355.53 ",2011-08-31
1886,Finance,Director,PhD,51,M," R$ 21,983.59 ",2021-05-15
1887,HR,Technician,Technical Diploma,23,F," R$ 6,477.79 ",2023-10-28
1888,Operations,Specialist,Master,56,F," R$ 10,461.13 ",2011-07-12
1889,HR,Specialist,Master,47,F," R$ 8,179.64 ",21/09/2019
1890,Legal,Analyst,Bachelor,46,M," R$ 17,761.55 ",2020-08-04
1891,IT,Coordinator,Bachelor,22,M," R$ 10,212.40 ",2016-12-02
1892,HR,Director, ,50,M," R$ 8,950.68 ",2023-01-18
1893,Logistics,Technician,Technical Diploma,45,M," R$ 7,452.63 ",2021-02-14
1894,Logistics,Director,PhD,59,M," R$ 8,510.02 ",2015-09-02
1895,Logistics,Coordinator,Bachelor,22,F," R$ 5,328.86 ",2019-03-22
1896,Operations,Manager, ,46,F," R$ 10,411.03 ",21/05/2021
1897,Operations,Manager,Master,55,M," R$ 11,364.81 ",2015-09-28
1898, ,Specialist,Master,63,F," R$ 20,689.80 ",2014-09-06
1899,IT,Analyst,Bachelor,26,M," R$ 11,269.24 ",16/09/2022
1900,IT,Assistant,High School,62,F," R$ 18,393.83 ",2011-08-30
1901,,Assistant,High School,33,M, ,2017-11-01
1902,Legal,Coordinator,Bachelor,29,F," R$ 15,360.41 ",2016-12-07
1903,HR,Technician,Technical Diploma,63,M," R$ 9,349.21 ",2014-12-24
1904,Logistics,Specialist,Master,35,F," R$ 6,986.47 ",2016-05-31
1905,Marketing,Manager,Master,41,M," R$ 10,762.80 ",2014-10-04
1906,Finance,Manager,Master,61,M," R$ 26,346.61 ",2022-02-08
1907,Logistics,Analyst,Bachelor,30,F," R$ 5,532.92 ",2011-02-16
1908,HR,Director,PhD,26,," R$ 7,026.78 ",2023-12-16
1909,Operations,Technician,Technical Diploma,22,F," R$ 7,271.95 ",2015-03-19
1910,Operations,Specialist,Master,32,F," R$ 8,285.86 ",2019-02-10
1911,Logistics,Manager,Master,25,M," R$ 4,972.33 ",2015-01-13
1912,Marketing,Manager,Master,59,F," R$ 12,601.66 ",05/08/2010
1913,Finance,Manager,Master,38,M," R$ 20,169.79 ",2013-10-12
1914,Operations,Analyst,Bachelor,25,M," R$ 7,659.90 ",27/09/2016
1915,Legal, ,Master,53,M," R$ 17,630.33 ",25/03/2017
1916,Finance,Director,PhD,26,F," R$ 15,336.90 ",2015-01-19
1917,HR, ,PhD,43,M," R$ 7,236.35 ",2012-12-15
1918,IT,Director,PhD,35,F," R$ 13,287.59 ",2022-11-14
1919,Legal,Assistant,High School,42,F," R$ 16,691.49 ",2011-10-03
1920,Operations,Assistant,High School,39,M,,05/05/2022
1921,IT,Specialist,Master,24,F," R$ 10,977.71 ",2014-02-02
1922,Marketing,Specialist,Master,32,M," R$ 9,490.55 ",2017-02-12
1923,Marketing, ,PhD,60,F," R$ 12,632.93 ",2013-02-13
1924,Finance,Specialist,Master,57,F," R$ 25,067.79 ",21/10/2020
1925,Finance,Specialist,Master,48,F," R$ 24,017.97 ",2013-08-14
1926,IT,Coordinator,Bachelor,59,F," R$ 13,474.05 ",2019-04-12
1927,Logistics,Coordinator,Bachelor,46,F," R$ 7,880.28 ",04/11/2021
1928,Marketing,Manager,Master,63,M," R$ 11,845.26 ",03/07/2012
1929,Legal,Manager,Master,60,M," R$ 17,529.83 ",2020-06-29
1930,Finance,Specialist,Master,56,F," R$ 23,774.25 ",2022-08-10
1931,Operations,Technician,Technical Diploma,36,F," R$ 8,251.65 ",21/04/2022
1932,Marketing,Director,PhD,42,F," R$ 11,503.46 ",2017-08-10
1933,IT,Manager,Master,24,M," R$ 10,852.27 ",2021-01-15
1934,Operations,Analyst,Bachelor,45,F," R$ 8,445.04 ",2010-08-27
1935,HR,Manager,Master,26,F,,2013-06-10
1936,IT,Director,PhD,58,F," R$ 15,139.08 ",2017-03-12
1937,IT,Analyst,Bachelor,54,M," R$ 13,888.20 ",2017-01-16
1938,,Manager,,45,F," R$ 9,439.81 ",2022-01-02
1939,Marketing,Assistant,High School,27,F," R$ 9,307.73 ",2016-12-20
1940,Finance,Analyst,Bachelor,28,M," R$ 16,798.39 ",12/08/2012
1941,Marketing,Assistant,High School,40, ," R$ 9,869.15 ",28/06/2014
1942,IT,Director,PhD,42,F," R$ 14,598.87 ",2017-08-01
1943,Marketing,Analyst,Bachelor,27,F," R$ 9,043.14 ",2018-11-10
1944,HR,Specialist,Master,61,F," R$ 9,272.82 ",2015-11-15
1945,HR,Assistant,High School,24,F," R$ 6,986.83 ",2011-05-11
1946,Operations,Analyst,Bachelor,35,F," R$ 9,356.40 ",2023-02-08
1947,HR,Specialist,Master,41,F," R$ 8,230.14 ",2023-07-24
1948,,Director,PhD,35,F," R$ 19,131.07 ",2014-12-13
1949,Operations,Coordinator,Bachelor,23,M," R$ 6,770.35 ",2017-08-25
1950,Operations,Manager,Master,46, ," R$ 10,495.69 ",2020-11-19
1951,HR,Technician,Technical Diploma,25,F," R$ 6,747.57 ",2023-12-13
1952,Legal,Analyst,Bachelor,62,F," R$ 22,112.00 ",2010-04-17
1953,Logistics,Manager,Master,54,F," R$ 7,969.09 ",2016-11-03
1954,HR,Specialist,,23,M," R$ 4,915.32 ",25/08/2017
1955,Logistics,Coordinator,Bachelor,44,M," R$ 7,844.42 ",2019-02-07
1956,Operations,Analyst,Bachelor,42,M," R$ 10,711.44 ",2015-04-23
1957,Logistics,Analyst,Bachelor,36,M," R$ 5,720.29 ",2010-02-25
1958,Operations,Technician,Technical Diploma,45,F," R$ 9,902.67 ",2022-01-19
1959,Operations,Director,PhD,41,M," R$ 10,517.84 ",2017-10-13
1960,HR,Analyst,Bachelor,59,M," R$ 10,139.25 ",2014-03-26
1961,HR,Director,PhD,46,M," R$ 9,132.31 ",2016-10-20
1962,Legal,Analyst,Bachelor,43,F," R$ 19,639.09 ",2010-07-01
1963,IT,Technician,Technical Diploma,25,M," R$ 11,998.14 ",2013-08-01
1964,HR,Coordinator,Bachelor,37,M," R$ 7,512.88 ",2016-03-31
1965,HR,Director,PhD,64,F," R$ 10,203.51 ",2010-03-20
1966,Finance,Analyst,Bachelor,28,M," R$ 15,404.28 ",15/09/2021
1967,IT,Specialist,Master,45,F," R$ 12,859.22 ",2016-08-22
1968,Marketing,Specialist,Master,55,F," R$ 14,520.60 ",2017-02-03
1969,Operations,Coordinator,Bachelor,60,F," R$ 10,792.56 ",2011-09-09
1970,IT,Assistant,High School,50,M," R$ 15,574.28 ",2020-10-28
1971,,Manager,Master,47,M," R$ 10,198.01 ",2017-07-17
1972,Marketing,Assistant,High School,35,F,,2023-10-21
1973,Logistics,Coordinator,Bachelor,41,M," R$ 6,271.56 ",14/03/2011
1974,Operations,Coordinator,Bachelor,28,F," R$ 8,492.34 ",2021-11-03
1975,Legal,Manager,Master,39,M," R$ 15,384.71 ",2022-05-04
1976,Marketing,Specialist,Master,64,M," R$ 13,145.78 ",2019-12-06
1977,Legal,Specialist,Master,31,F," R$ 15,553.97 ",16/06/2011
1978,IT,Manager,Master,51,M," R$ 15,183.71 ",2015-01-27
1979,Logistics,Coordinator,Bachelor,24,F," R$ 6,450.62 ",2023-08-05
1980,Legal,Coordinator,Bachelor,22,M," R$ 12,077.99 ",2018-05-31
1981,Legal,Technician,Technical Diploma,51,F," R$ 18,240.82 ",2012-03-22
1982,Logistics,Technician,Technical Diploma,23,F," R$ 5,154.13 ",2023-03-15
1983,Legal,Technician,Technical Diploma,36,M," R$ 16,380.98 ",2013-01-08
1984,IT,Technician,Technical Diploma,32,F,,2020-12-22
1985,HR,Manager,Master,53,F," R$ 9,719.54 ",29/08/2017
1986,Logistics,Coordinator,Bachelor,27,F," R$ 5,466.76 ",2014-10-20
1987,IT,Analyst,Bachelor,27,M," R$ 8,614.35 ",2021-01-21
1988,HR,Director,PhD,49,M," R$ 8,965.58 ",18/07/2020
1989,Marketing,Coordinator,Bachelor,46,M," R$ 10,531.13 ",2019-07-01
1990,HR,Manager,Master,44,F," R$ 9,953.56 ",2021-09-07
1991,HR,Manager,Master,33,F," R$ 7,514.17 ",2013-11-09
1992,Logistics,Assistant,High School,31,F," R$ 5,895.43 ",2022-12-09
1993,Operations,Director,PhD,38,F," R$ 8,870.53 ",2014-04-22
1994,HR,Analyst,Bachelor,23,F," R$ 5,782.38 ",2014-10-12
1995,Logistics,Technician,Technical Diploma,38,F," R$ 7,545.29 ",2015-08-29
1996,Marketing,Technician,Technical Diploma,30,F," R$ 8,865.94 ",2021-01-16
1997,Operations,Assistant,High School,28,F," R$ 7,030.76 ",2019-01-07
1998,Legal,Assistant,High School,34,F," R$ 16,043.96 ",2010-03-14
1999,IT,Technician,Technical Diploma,31,M," R$ 10,302.27 ",2017-11-25
2000,IT,Coordinator,Bachelor,43,F, ,2020-06-15
2001,IT,Assistant,High School,49,M," R$ 14,122.38 ",2016-03-25
2002,Logistics,Technician,Technical Diploma,63,F," R$ 7,855.13 ",2017-10-20
2003,Legal,Coordinator,Bachelor,35,M," R$ 16,646.62 ",16/09/2011
2004,Operations,Director,PhD,40, ," R$ 8,593.95 ",2021-07-21
2005,Marketing, ,Bachelor,22,M," R$ 7,892.37 ",2020-04-07
2006,Marketing,Manager,Master,48,M," R$ 12,485.88 ",2019-08-11
2007,Legal,Assistant,High School,25,M," R$ 13,216.97 ",2010-04-25
2008,Marketing,Director,PhD,45,M," R$ 12,069.61 ",2023-08-30
2009,,Director,PhD,35,M," R$ 12,199.48 ",2022-07-25
2010,,Coordinator,Bachelor,58,M," R$ 8,066.74 ",2013-12-09
2011,Finance,Director,PhD,44,F," R$ 19,695.46 ",2014-09-19
2012,Finance,Coordinator,Bachelor,26,M," R$ 15,939.60 ",2021-11-21
2013,HR,Director,PhD,41,M," R$ 7,282.88 ",2012-09-26
2014,Finance,Director,PhD,43,M," R$ 20,586.96 ",2020-05-01
2015,Logistics, ,Master,61,M," R$ 9,185.95 ",2016-11-21
2016,Legal,Coordinator,Bachelor,56,F," R$ 18,246.87 ",06/08/2017
2017,HR,Director,PhD,57,M," R$ 9,474.30 ",2017-06-14
2018,Operations,Manager,Master,26,M," R$ 8,322.07 ",24/06/2016
2019,Operations,Coordinator,Bachelor,54,F," R$ 10,135.70 ",2022-07-13
2020,HR,Manager,Master,45,F," R$ 7,660.08 ",2021-03-25
2021,Marketing,Specialist,Master,55,M," R$ 12,260.24 ",2010-03-30
2022,HR,Technician,Technical Diploma,58,F," R$ 9,405.18 ",2021-01-01
2023,Logistics,Director,PhD,46,M,,2022-11-10
2024,Logistics,Specialist,Master,58,M, ,20/11/2016
2025,Legal,Manager,Master,46,M," R$ 17,614.90 ",2022-06-16
2026,IT,Assistant,High School,43,," R$ 13,862.27 ",2021-08-30
2027,Marketing,Analyst,Bachelor,26,M," R$ 8,897.75 ",2022-07-04
2028,Legal,Assistant,High School,29,F," R$ 12,833.89 ",2019-02-23
2029,,Analyst,Bachelor,62,F," R$ 17,059.55 ",2016-05-23
2030,Operations,Analyst,Bachelor,48,M," R$ 8,298.24 ",02/04/2011
2031, ,Technician,Technical Diploma,56,F," R$ 18,204.00 ",2022-05-06
2032,IT,Director,PhD,22,F," R$ 8,104.26 ",2022-05-07
2033,Logistics,Specialist,Master,41,F," R$ 6,123.12 ",2013-02-11
2034,Logistics,Coordinator,Bachelor,28,M," R$ 4,969.93 ",2018-03-20
2035,Legal,Manager,Master,24,M, ,2015-03-05
2036,Operations,Specialist,Master,63,M," R$ 11,868.34 ",26/08/2016
2037,Finance,Manager,Master,30,M," R$ 16,499.36 ",27/07/2023
2038,Logistics,Assistant,High School,35,M," R$ 5,351.54 ",2020-11-26
2039,Logistics,Assistant,High School,40,M," R$ 6,068.38 ",2021-04-20
2040,IT,Coordinator,Bachelor,48,M," R$ 13,802.10 ",2017-11-11
2041,Legal,Specialist,Master,27,M," R$ 14,634.79 ",2015-06-22
2042,Operations,Director,PhD,28,M," R$ 7,978.94 ",2017-09-10
2043,Marketing,Assistant,High School,58,M," R$ 11,857.49 ",2020-08-13
2044,IT,Technician,Technical Diploma,47,F," R$ 15,718.72 ",2014-09-14
2045,Finance,Director,PhD,34,M," R$ 18,091.82 ",2023-08-11
2046,Operations,Assistant,High School,58,F,,19/04/2017
2047,Logistics,Coordinator, ,54,F," R$ 7,927.52 ",2017-12-08
2048,Logistics,Analyst,Bachelor,54,F,,2021-11-14
2049,IT,Director,PhD,62,F," R$ 16,734.62 ",2010-09-13
2050,Finance,Assistant,High School,30,M, ,2017-09-22
2051,Operations,Assistant,High School,36,F,,2015-08-31
2052,IT,Assistant,High School,26,M," R$ 11,025.91 ",22/11/2022
2053,Legal,Coordinator,Bachelor,50,F," R$ 19,160.55 ",2020-07-29
2054,Marketing,Specialist,Master,28,F," R$ 9,034.99 ",24/02/2016
2055,IT, ,PhD,52, ," R$ 14,530.76 ",2015-07-28
2056,Operations,Director,PhD,55,M," R$ 10,169.90 ",2020-11-16
2057,Operations,Specialist,Master,32,M," R$ 8,174.81 ",2010-01-22
2058,Logistics,Manager,Master,63,M," R$ 8,186.81 ",25/01/2013
2059,Legal,Assistant,High School,40,M," R$ 14,740.57 ",2012-10-08
2060,Logistics,Analyst,Bachelor,26,M," R$ 5,293.90 ",2015-04-09
2061,Operations,Analyst,Bachelor,44,F, ,27/02/2020
2062,Marketing,Specialist, ,23,F," R$ 8,265.84 ",2010-03-09
2063,Legal,Analyst,Bachelor,64,F," R$ 19,869.77 ",2013-07-02
2064,Legal,Specialist,Master,25,M," R$ 13,237.49 ",2013-02-04
2065,Finance,Technician,Technical Diploma,38,M," R$ 19,903.19 ",2021-12-21
2066,Operations,,PhD,52,F," R$ 11,146.72 ",2020-08-18
2067,Finance,Specialist,Master,51,M," R$ 21,924.33 ",22/01/2014
2068,Finance, ,Master,23,M," R$ 16,534.59 ",2019-09-24
2069,Operations,Technician,Technical Diploma,45,M," R$ 10,783.98 ",2017-11-24
2070,HR,Director, ,31,M," R$ 7,580.62 ",02/07/2019
2071,HR,Technician,Technical Diploma,49,M," R$ 8,233.30 ",2012-07-28
2072,Operations,Director,PhD,64,M," R$ 10,817.41 ",2021-10-04
2073, ,, ,53,M," R$ 15,592.66 ",18/07/2010
2074,Logistics,Analyst,Bachelor,54,M," R$ 8,168.14 ",2018-08-27
2075,Logistics,Analyst,Bachelor,39,M," R$ 7,516.63 ",2021-02-12
2076,Legal, ,Bachelor,45,F," R$ 19,812.52 ",2020-05-12
2077,IT,Coordinator,Bachelor,58,F," R$ 15,615.98 ",2013-02-16
2078,IT,Analyst,Bachelor,51,," R$ 16,242.73 ",2018-10-24
2079,Finance,Technician,Technical Diploma,26,F," R$ 12,826.50 ",2020-11-11
2080,Finance,Technician,Technical Diploma,44,M," R$ 22,002.54 ",2019-01-16
2081,Logistics,Technician,Technical Diploma,51,F,,2013-04-06
2082,Operations,Technician,Technical Diploma,25,M," R$ 6,453.19 ",2022-04-04
2083,Operations,Assistant, ,62,F," R$ 12,729.09 ",2020-07-27
2084,Finance,Analyst,Bachelor,45,F," R$ 19,627.74 ",2013-10-18
2085,Marketing,Manager,Master,24,F," R$ 8,596.45 ",08/06/2010
2086, ,Specialist,Master,36,M," R$ 7,082.92 ",2015-12-27
2087,IT,Specialist,Master,22,F," R$ 10,572.46 ",2015-01-05
2088,Operations,Analyst,Bachelor,31,F," R$ 8,616.10 ",2012-01-06
2089,Legal,Analyst,Bachelor,47,F," R$ 20,393.02 ",11/08/2016
2090,IT,Director,PhD,33,M," R$ 13,254.56 ",2014-03-14
2091,Finance,Assistant,High School,22,F," R$ 16,122.22 ",08/06/2022
2092,Marketing,Technician,Technical Diploma,23,M," R$ 6,947.91 ",2022-01-02
2093,Legal,Specialist,Master,32,M," R$ 17,376.36 ",2011-12-29
2094,IT,Director,PhD,33,M," R$ 11,953.98 ",2011-11-08
2095,Legal,Director,PhD,49,M," R$ 18,821.43 ",11/11/2022
2096,Operations,Specialist,Master,54,F," R$ 10,403.64 ",01/05/2012
2097,Logistics,Specialist,Master,63,F," R$ 7,713.37 ",2016-09-18
2098,Operations,Analyst,Bachelor,24,M," R$ 7,855.05 ",2012-12-08
2099,HR,Manager,Master,62,M," R$ 10,321.74 ",2017-03-06
2100,Marketing,Assistant,High School,40,M," R$ 9,812.63 ",13/02/2021
2101,HR,Coordinator,Bachelor,39,M," R$ 7,896.97 ",2010-07-17
2102,Legal,Coordinator,Bachelor,58,M," R$ 19,445.69 ",27/06/2012
2103,Operations,Specialist,Master,49,F," R$ 10,445.58 ",2013-11-20
2104,HR,Specialist,Master,52,F," R$ 8,756.63 ",01/12/2014
2105,Finance,Technician,Technical Diploma,28,M,,2013-08-04
2106,Finance,Technician,Technical Diploma,59,M," R$ 26,231.99 ",04/06/2016
2107,Operations,Assistant,High School,26,M," R$ 8,446.68 ",2011-07-17
2108,Marketing,Technician,Technical Diploma,40,M," R$ 8,592.55 ",2023-07-19
2109,Finance,Specialist,,34,M," R$ 17,415.36 ",2020-07-29
2110,IT,Assistant,High School,60,M," R$ 16,263.47 ",22/06/2015
2111,HR,,Bachelor,49,M," R$ 9,547.92 ",2023-05-03
2112,Legal,Coordinator,Bachelor,23,," R$ 14,713.14 ",2011-08-05
2113,Legal,Specialist,Master,27,M," R$ 14,077.48 ",2019-08-03
2114,IT,Analyst,Bachelor,36,M," R$ 12,509.63 ",2023-01-20
2115,Operations,Specialist,Master,49,M," R$ 10,721.20 ",2015-06-21
2116,Marketing,Assistant,High School,58,M," R$ 12,938.62 ",2017-05-05
2117,HR,Coordinator,Bachelor,46,F," R$ 7,941.66 ",2019-07-01
2118,Finance,Assistant,High School,53,F," R$ 23,917.99 ",2023-05-25
2119,Legal,Analyst,,58,F," R$ 22,873.93 ",2023-03-26
2120,Operations,Manager,Master,57,M," R$ 10,569.95 ",2011-08-14
2121,Operations,Manager,Master,51,," R$ 11,824.24 ",2011-09-10
2122,Legal,Manager,Master,45,M," R$ 18,375.25 ",2011-11-14
2123,Logistics,Director,PhD,39,F," R$ 7,047.93 ",2017-11-28
2124,HR,Coordinator,Bachelor,22,F," R$ 6,185.51 ",2018-05-29
2125,Logistics,Specialist,Master,24,M," R$ 5,127.74 ",2015-10-27
2126,Legal,Analyst,Bachelor,28,M," R$ 13,414.81 ",25/11/2020
2127,Logistics,Manager,Master,54,M," R$ 9,403.04 ",12/12/2014
2128,Logistics,Assistant,High School,42,F," R$ 5,884.93 ",2011-12-05
2129,Operations,Assistant,High School,35,F," R$ 8,294.03 ",2021-02-23
2130,Finance,Director,PhD,58,F," R$ 22,885.19 ",2016-01-02
2131,HR,Coordinator,Bachelor,24,M," R$ 5,695.50 ",25/06/2023
2132,Marketing,Director,PhD,58,F," R$ 12,752.40 ",2010-07-02
2133,Marketing,Director,PhD,46,M," R$ 8,213.49 ",2020-08-20
2134,Operations,Technician,Technical Diploma,54,," R$ 10,674.39 ",2015-06-20
2135,Finance,Coordinator,Bachelor,34,F," R$ 18,895.67 ",2018-04-20
2136,Legal,Assistant,High School,54,M," R$ 19,823.85 ",2020-11-04
2137,Legal,Manager,Master,50,F,,2013-04-14
2138,IT,Director,PhD,40,F," R$ 13,593.19 ",2017-06-02
2139,Legal,Assistant,High School,47,M," R$ 20,289.55 ",2019-01-01
2140,HR,Director,PhD,59,F," R$ 9,619.26 ",2011-02-15
2141,IT,Technician,Technical Diploma,30,F," R$ 12,202.33 ",2020-05-13
2142,Marketing,Specialist,Master,51,F," R$ 11,810.00 ",11/02/2019
2143,Operations,Director,PhD,43,F," R$ 10,299.98 ",2023-07-14
2144,Logistics,Coordinator,Bachelor,64,F," R$ 9,587.01 ",2021-12-16
2145,Operations,Analyst,Bachelor,25,M," R$ 7,598.48 ",2021-03-25
2146,Operations,Assistant,High School,28,M," R$ 8,334.71 ",19/11/2013
2147,Legal,Manager,Master,39,M," R$ 16,697.26 ",09/04/2012
2148,Legal,Director,PhD,27,M," R$ 16,269.68 ",2019-10-07
2149,Legal,Specialist,Master,50,M," R$ 17,986.34 ",2014-12-22
2150,HR,Manager,Master,26,M," R$ 6,621.07 ",2018-09-30
2151,Finance,Assistant,High School,27,M," R$ 16,712.69 ",02/12/2015
2152,Finance,Assistant,High School,55,M," R$ 22,658.55 ",2022-01-20
2153,Logistics,Coordinator,Bachelor,55,F," R$ 7,950.27 ",2014-03-03
2154,Finance,Director,PhD,22,F," R$ 17,006.26 ",2014-07-28
2155,Operations,Technician,Technical Diploma,39,M," R$ 8,171.38 ",2023-02-18
2156,HR,Assistant, ,48,M,,2014-07-04
2157,Logistics,Manager,Master,31,M," R$ 6,186.36 ",2013-03-13
2158,HR,Coordinator,Bachelor,60,F," R$ 10,594.00 ",2023-02-13
2159,Operations,Specialist,Master,23,M," R$ 7,782.08 ",2019-03-07
2160,Operations,Director,PhD,40,F," R$ 9,402.31 ",2016-11-20
2161,,Specialist,Master,48,M," R$ 7,621.00 ",2022-08-01
2162,Marketing,Technician,Technical Diploma,43,M," R$ 10,457.72 ",2015-08-20
2163,Legal,Director,PhD,31,F," R$ 14,218.57 ",30/05/2010
2164,IT,Specialist,Master,48,M," R$ 12,770.77 ",2016-11-30
2165,,Technician,Technical Diploma,33,M," R$ 8,785.49 ",2021-11-19
2166,Finance,Assistant,High School,36,M," R$ 15,643.20 ",2010-03-31
2167,Finance, ,Bachelor,22,F,,2015-01-21
2168,Logistics,Analyst,Bachelor,59,M," R$ 8,477.97 ",2020-12-30
2169,Operations,Technician,Technical Diploma,62,F," R$ 10,020.19 ",2013-10-17
2170,Finance,Specialist,Master,45,M," R$ 17,248.61 ",2021-03-13
2171,Operations,Coordinator,Bachelor,27,F," R$ 9,428.16 ",2019-09-26
2172,Legal,Director,PhD,50,F," R$ 19,177.43 ",19/01/2022
2173,Marketing,Specialist,Master,27, ," R$ 8,055.36 ",2021-01-08
2174,,Specialist,Master,59,M," R$ 23,965.93 ",2017-08-04
2175,Operations,Specialist,Master,36,M," R$ 8,118.69 ",20/04/2020
2176,Finance,Director,PhD,29,F," R$ 15,001.54 ",2010-07-10
2177,HR,Specialist, ,50,M," R$ 9,717.82 ",2020-04-10
2178,Logistics,Specialist,Master,23,F," R$ 4,911.23 ",27/02/2019
2179,HR,Coordinator,Bachelor,32,F," R$ 6,102.88 ",05/04/2017
2180, ,Technician,Technical Diploma,30,F," R$ 7,695.07 ",2013-11-09
2181,Logistics,Specialist,Master,37,M," R$ 5,963.50 ",2020-09-07
2182,IT,Specialist,Master,45,F," R$ 15,707.53 ",2014-07-11
2183,Marketing,Technician,Technical Diploma,55, ," R$ 13,738.99 ",2019-03-31
2184,IT,,High School,64,F," R$ 17,612.83 ",2013-06-17
2185,Operations,Director,PhD,45,F, ,15/04/2010
2186,Logistics,Manager,Master,59,M," R$ 9,157.11 ",2018-11-07
2187,Operations,Technician,Technical Diploma,59,F," R$ 11,629.41 ",2020-12-06
2188,Marketing,Specialist,Master,46,F," R$ 10,945.99 ",2018-11-08
2189,Finance,Analyst,Bachelor,62,F," R$ 20,299.59 ",2017-10-30
2190,Legal,Assistant,High School,54,M," R$ 20,150.59 ",2014-08-20
2191,Operations,Analyst,Bachelor,64,F," R$ 11,277.28 ",2016-08-24
2192,Logistics,Technician,Technical Diploma,38,M," R$ 6,885.53 ",25/05/2020
2193,HR,Assistant,High School,28,M," R$ 6,366.93 ",29/11/2019
2194,Marketing,Specialist,Master,48,F," R$ 12,109.42 ",2018-07-12
2195,Legal,Analyst,Bachelor,57,M," R$ 22,218.28 ",2015-03-15
2196,IT,Assistant,,62,F," R$ 14,690.81 ",2022-10-05
2197,HR,Analyst,Bachelor,40,F," R$ 7,570.81 ",2015-07-23
2198,Logistics,Coordinator,Bachelor,36,M," R$ 5,789.82 ",2019-08-03
2199,HR,Director,PhD,27,M," R$ 6,611.23 ",12/02/2010
2200,Operations,Assistant,High School,57,M," R$ 11,796.07 ",05/12/2017
2201,Legal,,Master,26,F," R$ 13,951.29 ",2021-01-26
2202,Legal,Technician,Technical Diploma,26,M," R$ 12,705.60 ",2019-03-14
2203,HR,Manager,Master,23,M," R$ 6,132.61 ",2015-09-01
2204,Finance,Assistant,High School,64,M," R$ 27,761.95 ",2023-11-24
2205,Marketing,Specialist,Master,39,M," R$ 11,420.71 ",2010-09-07
2206,Logistics,Assistant,High School,53,F,,2023-06-03
2207,HR,Technician,Technical Diploma,50,M," R$ 8,394.53 ",2011-11-28
2208,HR,Manager,Master,41,M,,18/07/2023
2209,Operations, ,Bachelor,40,M," R$ 9,724.40 ",2012-10-15
2210,Marketing,Assistant,High School,37,F," R$ 9,302.24 ",2018-05-15
2211,Finance, ,Bachelor,32,F," R$ 18,482.10 ",2013-12-24
2212,Logistics,Manager,,49,M," R$ 7,161.80 ",2013-02-27
2213,IT,Manager,Master,43,M," R$ 14,663.70 ",2022-06-14
2214,Logistics,Specialist,Master,48,F," R$ 7,833.47 ",2014-04-02
2215,Legal,Analyst,Bachelor,38,F," R$ 15,636.91 ",2015-10-18
2216,Legal,Manager,Master,29,M," R$ 15,664.75 ",2010-03-30
2217,Finance,Specialist,Master,29,F," R$ 18,462.05 ",2015-12-22
2218,Marketing,Specialist,Master,44,M," R$ 11,068.12 ",13/07/2020
2219,Finance,Coordinator,Bachelor,53,F," R$ 22,857.54 ",28/11/2014
2220,Legal,Analyst,Bachelor,36,M," R$ 18,946.23 ",2022-06-22
2221,IT, , ,48,M," R$ 14,054.79 ",2017-08-14
2222,Legal,Specialist,Master,25,M," R$ 12,294.15 ",2011-03-17
2223,Operations,Specialist,Master,61,F," R$ 11,628.76 ",2020-05-27
2224,IT,Assistant,High School,53,F," R$ 15,292.10 ",2013-07-08
2225,Finance, ,Master,58,M," R$ 21,401.76 ",2018-08-23
2226,Finance,Analyst,,31,F,,2012-06-05
2227,Logistics,Analyst,Bachelor,49,F," R$ 7,399.08 ",2012-01-06
2228,Legal, ,High School,53,F," R$ 21,984.67 ",2010-10-06
2229,Logistics,Specialist,Master,53,M," R$ 7,951.70 ",2023-08-02
2230,Finance,Director,PhD,36,F," R$ 18,669.18 ",2017-01-11
2231,Logistics,Technician,Technical Diploma,27,M," R$ 5,595.35 ",2011-08-04
2232,Legal,Specialist,Master,30,F," R$ 14,740.53 ",2011-07-02
2233,Marketing,Director,PhD,59,," R$ 13,333.33 ",2023-01-19
2234,Operations,Coordinator,Bachelor,51,M," R$ 9,519.89 ",27/01/2021
2235,HR,Analyst,Bachelor,62,F," R$ 9,895.33 ",01/03/2015
2236,Legal,Analyst,Bachelor,61,M,,2022-03-19
2237,Legal, ,Bachelor,37,F," R$ 14,229.20 ",2015-04-14
2238,Operations,Assistant,High School,46,M," R$ 10,010.04 ",15/12/2016
2239,Finance,Specialist,Master,31,M," R$ 16,039.86 ",2020-05-30
2240,Marketing,Director,,51,F," R$ 10,650.92 ",2012-08-04
2241,Logistics,Technician,Technical Diploma,30,F," R$ 6,389.53 ",2021-12-02
2242,Operations,Coordinator,Bachelor,61,M," R$ 10,839.45 ",07/02/2023
2243,Legal,Manager,Master,28,M," R$ 12,883.25 ",2020-09-18
2244,HR,Director, ,64,F," R$ 9,820.58 ",18/05/2021
2245,HR,Assistant,High School,61,F," R$ 9,038.76 ",2010-03-21
2246,HR,Manager,Master,33,F," R$ 7,638.33 ",2012-06-29
2247,Finance,Analyst,Bachelor,38,M," R$ 47,803.42 ",2011-05-24
2248,Legal,Analyst,Bachelor,46,F," R$ 18,272.66 ",2013-03-02
2249,Legal,Specialist,Master,28,M," R$ 14,647.84 ",2015-12-07
2250,Operations,Coordinator,Bachelor,40,M," R$ 8,140.42 ",2020-09-25
2251,HR,Analyst,Bachelor,38,M, ,2019-04-02
2252,IT,Specialist,Master,53,F," R$ 14,303.01 ",2018-06-26
2253,Logistics,Coordinator,Bachelor,44,F," R$ 7,637.25 ",2012-04-10
2254,IT,Assistant,High School,53,M," R$ 15,125.85 ",2018-09-21
2255,Marketing, ,Bachelor,47,M," R$ 11,247.68 ",2018-07-21
2256,Logistics,Coordinator,Bachelor,29, ," R$ 6,066.64 ",2014-07-10
2257,IT,Coordinator,Bachelor,43,M," R$ 14,893.88 ",2014-06-22
2258,,Technician,Technical Diploma,29,F," R$ 16,775.25 ",2014-07-30
2259,Legal,Technician,Technical Diploma,26,M," R$ 14,908.32 ",05/11/2019
2260,IT,Assistant,,33,M," R$ 11,668.28 ",2016-10-06
2261,Finance,Director,PhD,48,M," R$ 23,071.91 ",25/07/2010
2262,Operations,Director,PhD,41,M," R$ 9,675.39 ",2011-12-08
2263,Legal,Manager,Master,32,M," R$ 16,048.43 ",2019-12-13
2264,Legal,Assistant,High School,57,F," R$ 21,765.12 ",2018-03-30
2265,Finance,Director,PhD,23,F," R$ 16,584.64 ",2022-12-18
2266,Logistics,Analyst,Bachelor,31,M," R$ 5,803.49 ",2011-10-11
2267,Marketing,Coordinator,Bachelor,63,M," R$ 14,555.82 ",2016-12-04
2268, ,Assistant,High School,28,M," R$ 16,404.32 ",2020-10-14
2269,HR,Specialist,Master,33, ," R$ 7,684.18 ",2018-04-14
2270,HR,Manager,Master,37,M," R$ 6,914.20 ",2022-10-04
2271,IT,Analyst,Bachelor,52,F," R$ 13,251.83 ",2010-04-24
2272,Finance,Analyst,Bachelor,48,M," R$ 19,395.87 ",2013-02-18
2273, ,Manager,Master,53,M," R$ 7,202.19 ",01/09/2023
2274,Operations,Coordinator,Bachelor,63,F," R$ 11,304.28 ",2014-06-04
2275,Legal,Director,,61,M," R$ 20,367.99 ",2018-03-04
2276,HR,Assistant,High School,48,F," R$ 8,988.35 ",08/01/2010
2277,,Analyst,Bachelor,46,M," R$ 11,780.29 ",2021-11-24
2278,Legal,Assistant,High School,61,F," R$ 18,048.33 ",2018-01-14
2279,Marketing,Director,PhD,26,F," R$ 8,238.95 ",2018-12-23
2280,IT,Assistant,High School,25,M," R$ 10,494.74 ",2011-04-07
2281,Finance,Technician,Technical Diploma,64,F," R$ 21,364.57 ",2020-08-24
2282,Legal,Director, ,36,F," R$ 13,870.20 ",2022-04-14
2283,Finance, ,PhD,34,M," R$ 17,497.13 ",23/03/2012
2284,Logistics,Manager,Master,54,M," R$ 8,032.01 ",2021-08-21
2285,Marketing,Director,PhD,26,M," R$ 7,705.36 ",2022-08-08
2286,HR,Manager,Master,27,F," R$ 6,664.80 ",2014-04-19
2287,Operations,Technician,Technical Diploma,46,M," R$ 9,742.91 ",2012-09-13
2288,Finance,Analyst,Bachelor,46,F," R$ 21,753.65 ",2022-02-01
2289,Logistics,Assistant,High School,31, ," R$ 6,050.96 ",2010-10-16
2290,,Coordinator,Bachelor,33,," R$ 7,722.81 ",2021-11-19
2291,Legal,Coordinator,Bachelor,24,M," R$ 13,723.73 ",2012-04-26
2292,Marketing,Manager,Master,50,F," R$ 11,611.30 ",2017-09-11
2293,IT,Analyst,Bachelor,50,M," R$ 14,890.97 ",04/02/2013
2294,Logistics,Director,PhD,64,F, ,26/01/2020
2295,Finance,Coordinator,Bachelor,45,F," R$ 21,001.99 ",2010-06-29
2296,Operations,Coordinator,Bachelor,45,M," R$ 9,780.27 ",2017-05-01
2297,Marketing,Director,PhD,46,F," R$ 11,534.00 ",2010-11-03
2298,Marketing,Assistant,High School,58,M," R$ 13,186.69 ",2019-02-24
2299,Finance,Director,PhD,26,M," R$ 16,756.07 ",06/07/2022
2300,Marketing,Director,PhD,32,F," R$ 9,649.73 ",2016-06-21
2301,Marketing,Analyst,Bachelor,61,F," R$ 13,335.75 ",2018-08-17
2302,IT,Assistant,High School,64,F," R$ 17,516.88 ",2022-03-19
2303,HR,Analyst,Bachelor,43,F," R$ 7,579.24 ",17/05/2012
2304,Legal,Specialist,Master,36,F," R$ 14,362.74 ",2015-11-13
2305,,Assistant,High School,30,F," R$ 7,033.78 ",2016-04-25
2306,IT,Director,PhD,27,F," R$ 10,599.36 ",2010-08-26
2307,Finance,Specialist,Master,47,M," R$ 21,392.54 ",2021-02-11
2308,Marketing,Director,PhD,27,M," R$ 8,867.34 ",2015-07-30
2309,IT,Analyst,Bachelor,53,M," R$ 16,621.11 ",2011-06-01
2310,Legal,Manager,Master,64,M," R$ 17,524.62 ",2014-06-09
2311,Operations,Analyst,Bachelor,41,F," R$ 8,924.77 ",2020-10-14
2312,Operations,Manager,Master,56,M," R$ 11,423.77 ",03/02/2022
2313,HR,Coordinator,Bachelor,64,M," R$ 8,451.20 ",2017-09-21
2314,Operations,Coordinator,Bachelor,24,M," R$ 7,168.42 ",2023-08-05
2315,HR,Analyst,Bachelor,39,F," R$ 7,978.28 ",2017-05-04
2316,Logistics,Coordinator,Bachelor,56,," R$ 8,342.44 ",2015-12-31
2317,Logistics,Specialist,Master,31,M," R$ 5,447.05 ",2017-10-12
2318,Legal,Specialist,,57,F," R$ 18,735.98 ",2022-06-13
2319,HR,Technician,Technical Diploma,51,F," R$ 8,262.50 ",2012-03-23
2320,HR,Director,PhD,47,M," R$ 8,792.25 ",24/01/2023
2321,Legal,Director,PhD,51,F," R$ 21,300.14 ",2020-05-20
2322,Legal,Coordinator,Bachelor,52,M," R$ 20,515.46 ",2023-11-17
2323,Logistics,Specialist,Master,25,F," R$ 5,879.94 ",2018-03-17
2324,Marketing,Manager,Master,45,M," R$ 10,429.38 ",2020-07-07
2325,IT,Technician,Technical Diploma,22,M," R$ 9,889.64 ",2022-10-04
2326,Finance,Specialist,,47,F," R$ 19,730.17 ",2020-03-10
2327,Legal,Assistant,High School,50,M," R$ 19,172.05 ",2020-06-07
2328,Marketing,Specialist,Master,59,F," R$ 14,906.10 ",2023-10-01
2329,Finance,Analyst,Bachelor,57,M," R$ 24,020.39 ",2021-12-27
2330,Legal,Coordinator,Bachelor,30,F," R$ 16,766.48 ",2010-09-24
2331,Logistics,Analyst,Bachelor,63,M," R$ 7,894.25 ",2021-08-12
2332,Legal,Technician,Technical Diploma,53,F," R$ 18,106.54 ",2023-06-01
2333,HR,Coordinator,Bachelor,58,M," R$ 8,015.69 ",2019-02-25
2334,Operations,Technician,Technical Diploma,61,M," R$ 11,328.89 ",2013-03-17
2335,HR,Specialist,Master,39,M," R$ 6,222.22 ",18/07/2018
2336,Logistics,Director,PhD,45,M," R$ 6,822.51 ",24/11/2014
2337,Finance,Specialist,Master,61,M," R$ 25,038.38 ",2016-10-27
2338,,Assistant,High School,39,M," R$ 6,147.88 ",23/05/2022
2339,IT,Manager,Master,60,F,,2018-06-29
2340,HR,Technician,Technical Diploma,29,F," R$ 6,758.89 ",2021-09-10
2341,Legal,Analyst,Bachelor,60,F," R$ 21,153.64 ",2011-02-26
2342,IT,Director,PhD,32,F," R$ 13,160.33 ",2012-08-10
2343,,Technician,Technical Diploma,64,F," R$ 16,987.29 ",2021-05-05
2344,IT,Assistant,High School,56,M," R$ 15,871.29 ",2013-02-10
2345,HR,Manager,Master,45,M," R$ 8,508.15 ",01/06/2018
2346,Finance,Director,PhD,34, ," R$ 18,085.87 ",2012-10-10
2347,Logistics,,PhD,52,M," R$ 6,872.33 ",2013-07-09
2348,Logistics,Director,PhD,51,M," R$ 7,518.64 ",2011-02-18
2349,Operations,Specialist,Master,50,F," R$ 10,206.10 ",2015-05-15
2350,Marketing,Manager,Master,63,M," R$ 13,599.32 ",2017-03-31
2351,Finance,Coordinator,Bachelor,27,F," R$ 17,429.91 ",2022-05-26
2352,Marketing,Director,PhD,24,F," R$ 8,325.66 ",2021-12-14
2353,IT,Director,PhD,49,M," R$ 16,314.62 ",2013-01-03
2354,IT,Assistant,High School,31,F," R$ 12,622.94 ",2013-11-18
2355,Logistics,Specialist,Master,55,F," R$ 8,695.54 ",2020-01-15
2356,Logistics,Assistant,High School,22,M," R$ 4,964.00 ",2022-02-01
2357,Marketing,Assistant,High School,33,M," R$ 9,231.97 ",22/11/2018
2358,,Technician,Technical Diploma,57, ," R$ 11,580.79 ",2010-05-13
2359,Logistics,Coordinator,Bachelor,53,F,,2020-03-23
2360,Legal,Coordinator,Bachelor,32,," R$ 15,151.73 ",2013-04-04
2361,Logistics,Director,PhD,22,F," R$ 5,347.22 ",06/02/2010
2362,IT,Analyst,Bachelor,27,M," R$ 10,865.29 ",22/10/2011
2363,Operations,Coordinator,Bachelor,48,M," R$ 9,474.16 ",2020-07-28
2364,Logistics,Assistant,High School,36,," R$ 6,456.41 ",2023-10-27
2365,Marketing,Director,PhD,31,M," R$ 9,761.42 ",18/01/2019
2366,Marketing,Director,PhD,45,F," R$ 11,541.99 ",2012-02-11
2367,Finance,Director,PhD,29,F," R$ 16,366.97 ",2022-01-31
2368,Marketing,Analyst,Bachelor,38,," R$ 10,290.77 ",2011-05-16
2369,Finance,Technician,Technical Diploma,45,M," R$ 21,456.78 ",23/04/2017
2370,Legal,Analyst,Bachelor,34,M," R$ 16,529.57 ",2011-05-08
2371,Finance,Manager,Master,30,M," R$ 17,499.08 ",2022-11-07
2372,Finance,Manager,Master,27,," R$ 15,451.98 ",2014-01-20
2373,IT,Technician,Technical Diploma,50,M," R$ 15,105.45 ",2014-05-09
2374,Finance,Technician,Technical Diploma,44,F," R$ 18,908.78 ",2015-05-22
2375,Operations,Assistant,High School,43,M," R$ 9,601.70 ",2017-08-18
2376,Marketing,Assistant,High School,42,F," R$ 9,226.61 ",2011-01-26
2377,Operations,Assistant,High School,38,M," R$ 8,753.92 ",16/08/2022
2378,Finance,Director,PhD,55,M," R$ 22,016.15 ",2020-09-09
2379,Marketing,Manager,Master,47,F," R$ 12,051.64 ",2011-07-26
2380, ,Specialist,Master,46,F," R$ 9,546.54 ",2013-10-25
2381,Finance,Assistant,High School,59,M," R$ 22,156.19 ",06/03/2013
2382,HR,,Technical Diploma,24,F," R$ 6,138.98 ",2013-10-17
2383,Legal,Coordinator,Bachelor,24,M," R$ 12,829.86 ",2018-11-05
2384,Marketing,Manager,Master,35,M," R$ 9,095.83 ",2011-07-05
2385,Logistics,Coordinator,Bachelor,63,M," R$ 9,373.87 ",2012-02-22
2386,Marketing,Director,PhD,31,M," R$ 9,823.02 ",30/12/2014
2387,Finance,Manager,Master,23,M," R$ 13,617.03 ",2022-10-03
2388,Operations,Technician,Technical Diploma,28,F," R$ 8,073.86 ",2020-02-06
2389,Marketing,Technician,Technical Diploma,35,M," R$ 10,227.33 ",05/04/2016
2390,Operations,Coordinator,Bachelor,38,F," R$ 8,231.53 ",2010-05-09
2391,IT,Coordinator,Bachelor,31,F," R$ 12,565.32 ",2017-07-11
2392,Legal,Technician,Technical Diploma,56,M," R$ 15,660.66 ",2015-06-26
2393,Marketing,Manager,Master,48,M," R$ 12,163.64 ",2019-10-17
2394,Finance,Specialist,Master,24, ," R$ 16,238.09 ",2015-08-07
2395,Logistics,Assistant,High School,46,F," R$ 7,362.13 ",2018-08-07
2396,Operations,Director, ,28,F," R$ 7,892.32 ",2019-08-19
2397,Marketing,Technician,Technical Diploma,34,M," R$ 9,352.94 ",2013-06-01
2398,HR,Director,PhD,60,M," R$ 10,401.85 ",20/04/2023
2399,IT,Director,PhD,64,F," R$ 16,355.79 ",11/07/2019
2400,HR,Technician,Technical Diploma,46,F," R$ 8,713.41 ",11/06/2018
2401,HR,Assistant,High School,64,M," R$ 9,406.06 ",2023-04-03
2402,HR,Specialist,Master,50,M," R$ 8,460.35 ",2020-01-22
2403,IT,Specialist,Master,40,F,,2018-08-22
2404,Finance,Technician,Technical Diploma,60,F," R$ 23,128.62 ",2014-09-24
2405,Finance,Assistant,High School,43,M," R$ 18,580.84 ",2023-12-31
2406,Finance,Analyst,Bachelor,23,F," R$ 15,178.82 ",2013-04-28
2407,Marketing,Analyst,Bachelor,43,M," R$ 11,534.50 ",2010-08-10
2408,Legal,Technician,Technical Diploma,56,M," R$ 21,810.10 ",2014-12-28
2409,Finance,Technician,Technical Diploma,55,M," R$ 21,596.06 ",2011-03-28
2410, ,Coordinator,Bachelor,26,F," R$ 15,565.94 ",2019-03-14
2411,Logistics,Specialist,Master,48,M," R$ 7,817.33 ",2014-05-21
2412,IT,Director,PhD,39,M," R$ 13,259.02 ",2011-06-28
2413,IT, ,PhD,24,M," R$ 10,151.84 ",2015-07-03
2414,Finance,Assistant,High School,42,M," R$ 21,425.74 ",2015-08-02
2415,,Technician,Technical Diploma,45,," R$ 11,215.46 ",2013-08-03
2416,Operations,Analyst,Bachelor,47,," R$ 9,554.35 ",2014-11-18
2417,Operations,Coordinator,Bachelor,41,F," R$ 8,621.99 ",2012-01-15
2418,Finance,Technician,Technical Diploma,34, ," R$ 17,540.15 ",2015-10-06
2419,IT,Director,PhD,27,M," R$ 10,581.94 ",2016-04-10
2420,Operations,Technician,Technical Diploma,47,M,,29/01/2023
2421,Finance,Manager,Master,64,F," R$ 27,767.90 ",17/11/2017
2422,Legal,Technician,Technical Diploma,51,M," R$ 18,475.33 ",2017-07-20
2423,Legal,Specialist,Master,35, ," R$ 16,764.97 ",2021-11-20
2424,Operations,Coordinator,Bachelor,58,M," R$ 10,764.27 ",2022-07-31
2425,Finance,Analyst,Bachelor,59,M," R$ 22,570.28 ",2013-05-21
2426,Finance,Manager,Master,51,F," R$ 20,632.26 ",2018-07-31
2427,Marketing,Technician,Technical Diploma,36,F," R$ 9,554.90 ",2011-09-13
2428,HR,Director,PhD,40,M," R$ 6,612.09 ",25/12/2012
2429,Finance,Analyst,Bachelor,32,F, ,2014-12-09
2430,Logistics,,Bachelor,41,F," R$ 7,289.00 ",2010-05-12
2431,HR,Analyst,Bachelor,46,F," R$ 9,647.39 ",2015-05-06
2432,Legal,Coordinator,Bachelor,59,F," R$ 18,507.86 ",06/12/2016
2433,Legal,Specialist,Master,64,M," R$ 19,493.40 ",2017-01-02
2434,Finance,Coordinator,Bachelor,51,M," R$ 20,418.80 ",2015-02-07
2435,Finance,Coordinator,Bachelor,61,F," R$ 22,461.61 ",2011-11-16
2436,HR,Director,PhD,44,M," R$ 8,401.54 ",2015-02-02
2437,Finance,Specialist,Master,38,M," R$ 17,324.60 ",2017-07-10
2438,Legal,Assistant,High School,22,M," R$ 14,636.40 ",2014-03-29
2439,Legal,Manager,Master,63,F," R$ 19,075.39 ",2019-07-03
2440,,Manager,Master,35,F," R$ 9,652.87 ",2023-10-04
2441,IT,Analyst,Bachelor,60,M," R$ 16,324.27 ",29/11/2013
2442,Logistics,Specialist,Master,39,M," R$ 7,034.41 ",2011-08-02
2443,IT,Assistant,High School,62,F," R$ 20,366.33 ",2021-12-17
2444,Marketing,Assistant,High School,37,M," R$ 11,243.19 ",2018-09-10
2445,HR,,High School,31,F," R$ 6,181.04 ",23/06/2023
2446,Marketing,Manager,Master,30,M," R$ 9,236.11 ",2011-05-26
2447,Operations, ,Bachelor,35,F," R$ 8,317.34 ",2011-03-04
2448,Finance,Specialist,Master,23,M," R$ 17,159.90 ",2018-09-10
2449,Legal,Specialist,Master,63,F," R$ 21,017.30 ",2022-11-27
2450,HR,Manager,Master,42,F," R$ 8,126.95 ",2014-07-21
2451,,Analyst,Bachelor,63,F," R$ 8,091.13 ",2022-07-15
2452,HR,Manager,Master,23,F," R$ 6,627.00 ",2018-07-24
2453,Operations,Director,PhD,27,M," R$ 7,705.47 ",2010-08-14
2454,HR,Technician,Technical Diploma,32,F," R$ 8,069.94 ",2018-11-15
2455,,Specialist,Master,62,F," R$ 11,606.75 ",2012-07-08
2456,Marketing,Assistant,High School,24,M," R$ 7,806.54 ",21/01/2021
2457,Legal,Analyst,Bachelor,32,M," R$ 15,853.92 ",2020-08-02
2458,HR,Coordinator,Bachelor,25,M," R$ 6,459.63 ",2019-04-04
2459,,Director,PhD,36,F," R$ 12,639.89 ",2014-10-02
2460,Operations,Analyst,Bachelor,47,F," R$ 10,160.11 ",13/11/2010
2461,Legal,Director,PhD,57, ," R$ 22,579.66 ",2022-02-06
2462,,Assistant,High School,36,F," R$ 10,853.00 ",2019-11-12
2463,Logistics,Assistant,High School,43,F," R$ 6,675.38 ",2020-10-18
2464,Logistics,Director,PhD,58,M," R$ 9,518.70 ",04/08/2017
2465,Finance,Analyst,Bachelor,31,F," R$ 17,040.02 ",2014-06-14
2466,Legal,Analyst,Bachelor,41,," R$ 17,207.79 ",2018-09-26
2467,Operations,Technician,Technical Diploma,53,M," R$ 11,159.39 ",2020-11-27
2468,Finance,Manager,Master,30,M," R$ 15,368.57 ",2019-12-22
2469,Finance,Specialist,Master,52,M," R$ 20,165.50 ",2016-09-19
2470,Operations,Manager,Master,61,F," R$ 11,321.37 ",2012-10-22
2471,Finance,Manager,Master,52,M, ,2010-05-13
2472,IT,Director,PhD,49,F," R$ 14,604.89 ",2021-06-13
2473,IT,Analyst,Bachelor,32,F," R$ 11,659.41 ",2014-08-01
2474,Operations,Coordinator,Bachelor,57,M," R$ 11,055.95 ",2023-07-28
2475,Operations,Specialist,Master,62,F," R$ 12,488.00 ",2014-06-22
2476,HR,Assistant,High School,25, ," R$ 6,389.20 ",06/12/2022
2477,Legal,Specialist,,35,F," R$ 16,110.44 ",2023-04-15
2478,IT,Manager,Master,50,F, ,26/06/2015
2479,IT,Assistant,High School,49,F," R$ 15,464.33 ",2016-10-05
2480,Legal,Coordinator,Bachelor,46,F," R$ 32,920.40 ",2010-08-28
2481,IT,Coordinator,Bachelor,44,M," R$ 14,207.71 ",2019-02-10
2482,Finance,Specialist,Master,54,M," R$ 25,452.88 ",2020-03-28
2483,HR,Manager,Master,51,F," R$ 9,085.19 ",15/01/2018
2484,Operations,Director,PhD,30,M," R$ 7,986.60 ",2013-11-08
2485,Legal,Analyst,Bachelor,59,M," R$ 20,628.49 ",11/02/2017
2486,Operations,Specialist,Master,46,F,,28/11/2017
2487,Marketing,Manager,Master,39,M," R$ 8,748.69 ",08/12/2023
2488,Logistics,Assistant,High School,64,M," R$ 6,552.09 ",03/02/2022
2489,Marketing,Director,PhD,28,M," R$ 8,445.77 ",2018-05-24
2490,Legal,Analyst,Bachelor,45,M," R$ 18,758.47 ",2010-11-11
2491,HR,Specialist,Master,61,M," R$ 8,748.44 ",2018-11-29
2492,HR,Specialist,Master,42,M," R$ 7,305.76 ",16/05/2010
2493,Operations,Director,PhD,56,M," R$ 11,169.99 ",03/10/2019
2494,HR,Director,PhD,64,M," R$ 8,583.09 ",15/06/2010
2495,Logistics,Assistant,High School,32,M," R$ 5,591.83 ",2017-06-15
2496,HR,Analyst,Bachelor,23,M," R$ 6,392.65 ",2010-07-08
2497,,Manager,Master,36,M," R$ 17,570.32 ",2022-08-25
2498,Legal,Director,PhD,36,M," R$ 16,942.85 ",2017-08-30
2499,Marketing,Director,PhD,26,F," R$ 7,725.54 ",2022-07-05
2500,,Manager,Master,61,M," R$ 13,419.12 ",2013-10-21
2501,,Director,PhD,37,F," R$ 17,799.20 ",2019-05-22
2502,Logistics,Director,PhD,42,F," R$ 6,725.32 ",2012-04-13
2503, ,Assistant,High School,30,F," R$ 9,750.91 ",2020-03-21
2504,Finance,Analyst,Bachelor,28,F," R$ 14,574.35 ",30/11/2012
2505,Logistics,Analyst,Bachelor,48,F," R$ 7,108.65 ",2018-02-07
2506,IT,Coordinator,Bachelor,38,M," R$ 12,401.71 ",23/06/2017
2507,Marketing,Coordinator,Bachelor,23,M," R$ 8,963.12 ",2011-10-04
2508,HR,Assistant,High School,61,F," R$ 10,297.93 ",2021-02-26
2509,Logistics,Specialist,Master,47,M," R$ 7,400.91 ",2015-04-09
2510,Finance,Manager,Master,29,F,,2015-10-31
2511,Operations,Specialist,Master,61,F," R$ 12,359.16 ",23/05/2020
2512,Operations,Analyst,Bachelor,37,F," R$ 8,580.85 ",2013-05-06
2513,HR,Analyst,Bachelor,41,M," R$ 7,604.47 ",2022-02-17
2514,Logistics,Assistant,High School,53,M," R$ 7,338.67 ",2023-01-13
2515,Operations,Coordinator,Bachelor,53,F," R$ 10,661.49 ",14/10/2023
2516,Operations,Assistant,High School,56,," R$ 12,124.48 ",2021-01-11
2517,Finance,Assistant,,36,F," R$ 14,691.96 ",12/08/2019
2518,Operations,Assistant,High School,63,F," R$ 12,804.42 ",2012-01-05
2519,IT,Director,PhD,53,F," R$ 12,763.63 ",2016-08-25
2520,Marketing,Director,PhD,51,F," R$ 11,746.13 ",2018-05-25
2521,HR,Coordinator,Bachelor,40,F," R$ 8,459.62 ",2012-06-21
2522,Finance,Analyst,Bachelor,45,M," R$ 20,867.25 ",2010-08-31
2523,,Coordinator,Bachelor,23,M," R$ 8,865.14 ",2014-02-22
2524,Legal,Director,PhD,42,M," R$ 15,501.64 ",2022-06-04
2525,Marketing,Technician,Technical Diploma,63,M," R$ 13,895.40 ",2015-10-16
2526,Operations,Coordinator,Bachelor,37,M," R$ 8,406.41 ",2022-11-02
2527,Logistics,Coordinator,Bachelor,61,F," R$ 8,935.05 ",2023-09-20
2528,Finance,Coordinator,Bachelor,60,M," R$ 23,521.16 ",2021-01-28
2529,Marketing,Specialist,Master,57,M,,2015-01-30
2530,Finance,Specialist,Master,62,F,,2017-12-28
2531,Operations,Analyst,Bachelor,23,M," R$ 7,515.79 ",2022-05-10
2532,IT,Analyst,Bachelor,37,F," R$ 13,947.96 ",2021-04-06
2533,Legal,Director,PhD,50,M," R$ 17,680.60 ",2021-11-15
2534,Finance,Director,PhD,28,F," R$ 17,662.71 ",2014-10-25
2535,Logistics,Analyst,Bachelor,36,M," R$ 6,377.20 ",27/04/2014
2536,Marketing,Manager,Master,44,M," R$ 11,709.76 ",2010-11-09
2537,Marketing,Analyst,Bachelor,26,F," R$ 10,430.18 ",2013-05-30
2538,Legal,Technician,Technical Diploma,22,M," R$ 12,650.31 ",2010-11-21
2539,Operations,Director,PhD,26,F," R$ 7,051.85 ",2012-11-04
2540,Operations,Director,PhD,34,F," R$ 10,096.11 ",2022-11-25
2541,,Manager,Master,47,M," R$ 8,662.05 ",2021-08-03
2542,IT,Manager,Master,34,," R$ 13,568.72 ",2016-07-02
2543,Legal,Coordinator,Bachelor,53,F," R$ 20,145.68 ",2019-04-19
2544,Operations,Technician,Technical Diploma,50,F," R$ 10,418.57 ",2022-04-11
2545,Marketing,Coordinator,Bachelor,39,M," R$ 10,003.84 ",2020-09-23
2546,HR,Director,PhD,23,F," R$ 6,782.68 ",2017-02-01
2547,Marketing,Coordinator,Bachelor,48,F," R$ 11,648.12 ",2018-06-17
2548,Legal,Coordinator,Bachelor,63,F," R$ 16,527.14 ",2010-01-04
2549,Legal, ,Bachelor,24,M," R$ 13,426.06 ",13/12/2019
2550,HR,Analyst,Bachelor,51,F," R$ 8,644.08 ",2021-04-24
2551,Legal,Specialist,Master,31,M," R$ 14,241.21 ",2010-10-30
2552,Operations,Specialist,Master,30,M," R$ 7,437.70 ",2011-08-03
2553,Legal,Analyst,Bachelor,24,M," R$ 13,459.73 ",2015-08-04
2554,Marketing,Specialist,Master,43,M," R$ 11,122.53 ",24/05/2013
2555,Logistics,Specialist,Master,59,M," R$ 8,499.25 ",20/04/2020
2556,Marketing,Assistant,High School,32, ," R$ 8,359.87 ",2021-12-22
2557,Marketing,Technician,Technical Diploma,27,M," R$ 9,282.32 ",2021-12-30
2558, ,Manager,Master,26,M," R$ 17,325.42 ",2011-12-09
2559,Legal,Technician,Technical Diploma,51,F," R$ 13,335.24 ",2014-02-14
2560,Finance,Analyst,Bachelor,35,M," R$ 16,378.06 ",2019-01-11
2561, ,Analyst,Bachelor,23,F," R$ 7,768.15 ",2020-09-08
2562,Legal,Director,PhD,54,F," R$ 20,428.79 ",2013-02-20
2563,HR,,PhD,58,M," R$ 8,727.56 ",21/04/2015
2564,Operations,Technician,Technical Diploma,29,M," R$ 7,952.61 ",08/02/2015
2565, ,Technician,Technical Diploma,31,," R$ 17,882.63 ",21/11/2021
2566, ,Director,PhD,42,F," R$ 15,361.82 ",2016-06-11
2567,HR,Specialist,Master,40,M," R$ 7,364.40 ",2016-12-27
2568,Logistics,Assistant,High School,56,M," R$ 8,207.30 ",2012-01-17
2569,Operations,Director,PhD,39,F," R$ 7,369.23 ",2017-02-09
2570,Marketing,Coordinator, ,28,F," R$ 8,275.59 ",03/04/2018
2571,Legal,Technician,Technical Diploma,34,F," R$ 16,190.85 ",12/04/2020
2572,Finance,Technician,Technical Diploma,33,F," R$ 20,033.28 ",2011-11-14
2573,IT,Coordinator,Bachelor,61,M," R$ 18,468.55 ",2010-03-27
2574,Legal,Coordinator,Bachelor,45,F," R$ 16,474.50 ",2015-09-29
2575,HR,Analyst,Bachelor,39,F," R$ 7,655.59 ",2016-12-09
2576,Legal,Specialist,,59,M," R$ 22,389.10 ",2011-08-06
2577,Marketing,Director,PhD,33,M," R$ 9,030.57 ",2014-04-26
2578,Logistics,Analyst,Bachelor,24,M," R$ 5,492.41 ",2012-09-23
2579,Operations,Specialist,Master,46,M," R$ 9,195.82 ",2011-08-13
2580,,Manager,Master,56,M," R$ 19,471.79 ",24/02/2022
2581,HR,Assistant,High School,37,M," R$ 7,151.12 ",2014-11-25
2582,Legal,Specialist,Master,34,M," R$ 15,222.10 ",2015-02-21
2583,Logistics,Manager,Master,45,F," R$ 7,778.73 ",2021-10-24
2584,HR,Coordinator,Bachelor,33,F," R$ 6,092.92 ",16/06/2018
2585,Logistics,Assistant,High School,23,M," R$ 5,557.81 ",2010-11-22
2586,Finance,Analyst,Bachelor,47,F," R$ 22,272.64 ",2023-01-30
2587,,Coordinator,Bachelor,31,M," R$ 21,029.36 ",2018-01-24
2588,Legal,,Technical Diploma,40,F," R$ 16,976.66 ",2012-06-07
2589,HR,Specialist,Master,43,M," R$ 7,314.53 ",24/04/2011
2590,IT,Specialist,Master,45,M," R$ 13,189.55 ",2012-11-13
2591,Marketing,Technician,Technical Diploma,47,F," R$ 10,976.54 ",17/06/2020
2592,HR, ,Bachelor,26,M," R$ 5,207.11 ",2021-06-30
2593,Finance,Technician,Technical Diploma,37,F," R$ 18,081.71 ",2017-11-20
2594,Finance,Manager,Master,58,F," R$ 23,748.41 ",12/07/2016
2595,Legal,Analyst,Bachelor,55,M," R$ 20,333.55 ",2011-04-10
2596,Logistics,Specialist,Master,59,F," R$ 8,230.54 ",2019-07-13
2597,Marketing,Assistant,High School,49,F," R$ 11,421.23 ",2011-02-26
2598,Finance,Manager,Master,33,F," R$ 17,156.44 ",16/06/2016
2599,HR,Analyst,Bachelor,42,M," R$ 8,056.19 ",2017-10-14
2600,IT,Director,PhD,53,M," R$ 15,739.87 ",2013-01-05
2601,Legal,Technician,Technical Diploma,46,M," R$ 18,395.70 ",04/11/2013
2602,Logistics,Technician,Technical Diploma,35,M," R$ 6,478.08 ",2013-02-21
2603,,Assistant,High School,56,F," R$ 10,379.88 ",02/08/2013
2604,Logistics,Manager,Master,30,M," R$ 5,764.89 ",2023-12-06
2605,Finance,Analyst,Bachelor,51,F," R$ 23,109.86 ",21/06/2012
2606,Finance,Assistant,High School,63,M," R$ 22,069.11 ",14/09/2019
2607,Operations,Manager,Master,50,M," R$ 10,793.34 ",13/05/2016
2608,Finance,Technician,Technical Diploma,60,F," R$ 24,457.79 ",2023-05-26
2609,Operations,Assistant,High School,52,F," R$ 9,718.48 ",2016-01-20
2610,Logistics,Manager,Master,35,M," R$ 5,903.57 ",2015-07-12
2611,Marketing,Technician,Technical Diploma,38,M," R$ 11,412.26 ",2017-01-29
2612,Marketing,Analyst,Bachelor,46,M," R$ 9,830.11 ",2017-03-19
2613,Operations,Coordinator,Bachelor,63,F," R$ 12,674.04 ",2022-05-15
2614,Finance,Assistant,High School,58,F," R$ 23,825.72 ",2012-06-08
2615,Finance,Director,PhD,48,F," R$ 21,383.55 ",2014-11-29
2616,Operations,Assistant,High School,39,M," R$ 8,020.08 ",2021-03-14
2617,Logistics,Coordinator,Bachelor,50,M," R$ 8,482.04 ",2022-12-23
2618,Logistics,Assistant,High School,39,F," R$ 7,263.38 ",2015-01-06
2619,HR,Technician,Technical Diploma,25,M," R$ 8,770.12 ",2022-05-20
2620,Legal,Coordinator,Bachelor,41,M," R$ 15,670.20 ",2014-08-25
2621,IT,Specialist,Master,22,F," R$ 9,387.29 ",2011-12-26
2622,Marketing,Analyst,Bachelor,45,F," R$ 10,492.00 ",2012-07-04
2623,Operations,Coordinator,Bachelor,63,F," R$ 11,086.17 ",2015-09-02
2624,HR,Technician,Technical Diploma,45,F," R$ 9,241.90 ",2019-11-07
2625,IT,Analyst,Bachelor,26,M," R$ 11,108.92 ",2019-09-13
2626,HR,Analyst,Bachelor,47,F," R$ 9,078.01 ",2023-10-03
2627,Marketing,Coordinator,Bachelor,39,M," R$ 11,518.38 ",2013-01-18
2628,Operations,Director,PhD,57,F," R$ 10,762.30 ",2014-01-28
2629,IT,Specialist,Master,22,M," R$ 10,328.87 ",2020-03-26
2630,Marketing,Director,PhD,31,F," R$ 9,489.23 ",2010-09-20
2631,Logistics,Technician,Technical Diploma,38,F," R$ 6,008.59 ",2017-05-25
2632,IT,Coordinator,Bachelor,56,F,,2022-10-18
2633,HR,Technician,Technical Diploma,25,M," R$ 6,301.15 ",2011-08-20
2634,Logistics,Manager,Master,48,M," R$ 7,563.11 ",2017-04-06
2635,Operations,Technician,Technical Diploma,32,F," R$ 8,315.47 ",2019-05-20
2636,Legal,,Technical Diploma,24,F, ,2021-03-09
2637,Legal,Director,PhD,49,M," R$ 17,958.90 ",2013-05-23
2638,IT,Specialist,Master,32,M," R$ 12,314.80 ",25/09/2019
2639,Finance,Director,PhD,24,M," R$ 15,033.58 ",2019-09-20
2640,Operations,Manager,Master,57,F," R$ 11,880.85 ",24/05/2016
2641,Finance,Assistant,High School,24,F," R$ 13,726.07 ",2023-03-28
2642,HR,Coordinator,Bachelor,46,F," R$ 8,084.38 ",2015-12-24
2643,IT,Director,PhD,33,M," R$ 11,671.22 ",2014-02-09
2644,Legal,Coordinator,Bachelor,33,F," R$ 15,450.05 ",2013-01-12
2645,IT,Assistant,High School,53,M," R$ 16,602.01 ",2017-03-26
2646,Logistics,Specialist,Master,61,F," R$ 8,816.93 ",2018-09-29
2647,Legal,Manager,,31,M," R$ 13,270.86 ",2023-02-08
2648,Finance,Director,PhD,40,M," R$ 17,658.33 ",2021-03-15
2649,Finance, ,Bachelor,64,M," R$ 26,483.71 ",2012-05-07
2650,Operations,Specialist,Master,28,F," R$ 7,228.45 ",2021-11-08
2651,Legal,Technician,Technical Diploma,45,F," R$ 19,330.53 ",2015-08-07
2652,IT, ,Technical Diploma,60,F," R$ 16,228.28 ",2014-12-28
2653,IT,Analyst,Bachelor,53,F," R$ 16,414.97 ",2014-09-13
2654,IT,Specialist,Master,44,F," R$ 13,055.33 ",06/09/2019
2655,Logistics,Specialist,Master,40,F," R$ 6,643.42 ",2011-07-04
2656,Finance,Analyst,Bachelor,24,F," R$ 13,657.85 ",2016-02-04
2657,Legal,Manager,Master,46,F," R$ 18,987.20 ",05/03/2018
2658,Operations,Specialist,Master,46,M," R$ 9,063.94 ",2022-12-17
2659,HR,Director,PhD,27,F," R$ 7,276.99 ",2020-04-13
2660,Legal,Analyst,Bachelor,54,M," R$ 19,369.20 ",2011-09-09
2661,IT,Manager,Master,54,F," R$ 15,990.11 ",2016-02-17
2662,Finance,Technician,Technical Diploma,36,F," R$ 19,972.31 ",28/02/2018
2663,Finance,Assistant,High School,41,," R$ 21,095.03 ",2023-11-04
2664,Finance,Technician,Technical Diploma,64,M," R$ 26,326.12 ",2015-11-28
2665,Logistics,Manager,Master,63,F," R$ 9,464.62 ",04/10/2023
2666,Marketing,Manager,Master,53,M," R$ 13,780.37 ",2020-03-10
2667,HR,Director,PhD,45,F," R$ 8,398.61 ",2016-12-05
2668,HR,Analyst,Bachelor,24,F," R$ 6,576.89 ",2021-05-26
2669,Logistics,Manager,Master,25,M," R$ 5,235.69 ",12/03/2013
2670,Marketing,Manager,Master,27,F," R$ 8,413.58 ",27/08/2015
2671,IT,Manager,Master,40,M," R$ 14,707.68 ",21/04/2017
2672,Logistics,Coordinator,Bachelor,47,F," R$ 7,357.70 ",17/07/2015
2673,Legal,Analyst,Bachelor,46,M," R$ 19,125.40 ",12/01/2013
2674,Marketing,Assistant,High School,46,M," R$ 11,154.95 ",16/12/2014
2675,Finance,Specialist,Master,31,M," R$ 14,599.15 ",09/01/2013
2676,Logistics,Coordinator,Bachelor,59,F," R$ 8,861.11 ",2019-02-06
2677,IT,Analyst,Bachelor,41,F," R$ 13,627.43 ",2020-11-22
2678,Finance,Coordinator,Bachelor,26,M," R$ 17,062.96 ",2011-04-29
2679,,Analyst,Bachelor,63,M," R$ 9,396.35 ",2020-03-15
2680,Logistics,Assistant,,56,F," R$ 7,894.37 ",2021-06-10
2681,Finance,Director,,26,M," R$ 15,917.86 ",26/07/2017
2682, ,,Bachelor,56,M," R$ 10,741.13 ",2014-12-18
2683,IT,Technician,Technical Diploma,24,F," R$ 9,477.98 ",2019-10-08
2684, ,Specialist,Master,62,M," R$ 10,544.63 ",2019-01-07
2685,Logistics,Coordinator,Bachelor,53,M," R$ 7,089.36 ",06/07/2020
2686,Marketing,Technician,Technical Diploma,57,F," R$ 14,358.45 ",2015-10-12
2687,IT,Specialist,Master,51,M," R$ 14,542.64 ",2014-12-24
2688,IT,Manager,Master,60,F," R$ 14,312.28 ",2023-09-06
2689,Marketing, ,Bachelor,50,M," R$ 13,959.26 ",2013-08-27
2690,Legal,Assistant,High School,47,M," R$ 20,926.66 ",2023-04-25
2691,HR,Manager,Master,46, ," R$ 9,352.66 ",08/08/2021
2692,IT,Coordinator,Bachelor,33,M," R$ 12,169.54 ",2017-12-12
2693,IT,Analyst,Bachelor,39,M," R$ 14,181.35 ",03/12/2015
2694,HR,Coordinator,Bachelor,47,M," R$ 8,310.79 ",2011-02-21
2695,Marketing,Analyst,Bachelor,36,F, ,01/05/2019
2696,Finance,Coordinator,Bachelor,26,F," R$ 15,065.01 ",2022-07-14
2697,Legal,Coordinator,Bachelor,54,F," R$ 19,279.56 ",23/04/2015
2698,HR,Specialist,Master,62,F," R$ 9,837.93 ",2010-02-07
2699,IT,Specialist,Master,30, ," R$ 12,964.40 ",2022-08-14
2700,Operations,Director,PhD,53,F," R$ 9,717.85 ",2012-11-24
2701,Legal, ,PhD,34,F," R$ 15,929.71 ",2017-09-29
2702,HR,Assistant,High School,64,F," R$ 10,122.85 ",2015-07-11
2703,HR,Coordinator,Bachelor,49,M," R$ 8,896.25 ",09/10/2018
2704,Marketing,Assistant,High School,44,F," R$ 9,418.16 ",2011-01-28
2705,HR,Specialist,Master,45,F," R$ 7,156.94 ",2020-02-24
2706,Logistics,Technician,Technical Diploma,62,F," R$ 8,127.62 ",12/03/2022
2707,Legal,Manager,Master,52,M," R$ 20,219.80 ",2019-12-11
2708,Logistics,Analyst,Bachelor,26,F," R$ 5,674.44 ",2013-07-28
2709,Marketing,Analyst,Bachelor,23,M," R$ 7,990.88 ",2022-07-06
2710, ,Technician,Technical Diploma,51,M," R$ 11,583.32 ",2019-03-15
2711,IT,Analyst,Bachelor,26,," R$ 10,270.46 ",2010-06-10
2712,Logistics,Assistant,High School,31,M," R$ 5,996.78 ",2019-02-08
2713,Finance,Assistant,High School,57,M," R$ 23,639.44 ",22/03/2020
2714,Finance,Specialist,Master,57,F," R$ 20,617.19 ",21/05/2018
2715,IT,Assistant,High School,28,M," R$ 9,683.83 ",2016-09-21
2716,IT,,Master,50,M," R$ 15,113.86 ",2021-01-20
2717,Finance,Analyst,Bachelor,53,F," R$ 21,092.13 ",2015-08-30
2718,Legal,Analyst,Bachelor,48,F," R$ 20,107.16 ",2021-11-20
2719,Marketing,Analyst,Bachelor,22,M," R$ 7,949.53 ",25/08/2011
2720,HR,Analyst,Bachelor,41,M," R$ 8,541.06 ",27/04/2019
2721,IT,Assistant,High School,55,M," R$ 16,371.05 ",27/05/2013
2722,Legal,Specialist,,57,F," R$ 22,107.74 ",2016-04-03
2723,Legal,Manager,Master,47,F,,2021-08-21
2724,Marketing,Technician,Technical Diploma,44,F," R$ 12,077.89 ",2020-05-10
2725,IT,Analyst,Bachelor,54,F," R$ 16,126.63 ",2012-07-15
2726,IT,Assistant,High School,22,M," R$ 10,179.53 ",2020-05-27
2727,Legal,Analyst,Bachelor,24,F," R$ 12,430.76 ",2013-10-10
2728,Finance,Technician,,56,M," R$ 24,141.04 ",2022-01-09
2729,Marketing,Specialist,Master,56,F," R$ 12,909.49 ",2015-12-10
2730,Finance,Coordinator,Bachelor,34,F," R$ 18,575.62 ",2022-03-20
2731,HR,Technician,Technical Diploma,54,M," R$ 9,773.19 ",2020-07-20
2732,Legal,Analyst,Bachelor,34, ," R$ 14,936.20 ",2013-02-09
2733,Marketing,Specialist,Master,43,F," R$ 11,194.36 ",2021-03-29
2734,Legal,Analyst,Bachelor,26,F," R$ 13,433.58 ",2016-02-13
2735,IT,Assistant,High School,38,M," R$ 12,820.19 ",2018-07-29
2736,Operations,Assistant,High School,64,F," R$ 11,672.26 ",2011-04-15
2737,Logistics,Coordinator,Bachelor,31,M," R$ 5,495.18 ",2022-04-01
2738,Operations,Director,PhD,48,F," R$ 10,122.69 ",2022-10-28
2739,Legal,Director,PhD,36,F," R$ 14,170.06 ",2014-10-23
2740,Marketing,Assistant,High School,63,M," R$ 16,002.20 ",2016-09-05
2741,HR,Manager,Master,30,M," R$ 5,835.47 ",2018-05-21
2742,Logistics,Coordinator,Bachelor,28,F," R$ 5,467.87 ",2015-11-29
2743,IT,Assistant,,31,F," R$ 13,655.69 ",15/06/2022
2744,Finance,Director,PhD,62,M," R$ 26,327.31 ",2020-06-16
2745,IT,Manager,Master,34,M," R$ 13,396.26 ",2016-01-25
2746,HR,Manager,Master,37,M," R$ 7,375.95 ",2014-11-07
2747,Finance,,Bachelor,55,F," R$ 22,327.06 ",2016-08-23
2748,Legal,Analyst,Bachelor,29,M," R$ 14,618.96 ",2022-03-07
2749,Legal,Specialist,Master,52,M," R$ 17,901.47 ",2022-11-15
2750,HR,Assistant,High School,49,F," R$ 7,583.99 ",09/02/2013
2751,Finance,Analyst,Bachelor,28,F," R$ 16,408.56 ",2021-10-07
2752,Legal,Analyst,Bachelor,55,F," R$ 17,708.69 ",2020-10-05
2753,Legal,Analyst,Bachelor,54,M," R$ 19,710.85 ",2010-10-17
2754,Legal,Technician,Technical Diploma,25,M," R$ 12,120.82 ",17/03/2013
2755,IT,Technician,Technical Diploma,59,M," R$ 18,387.02 ",2022-03-27
2756,Finance,Coordinator,Bachelor,47,M," R$ 18,242.40 ",2016-01-04
2757,Logistics,Manager,Master,23,F," R$ 5,682.22 ",2014-07-21
2758,Logistics,Analyst,Bachelor,53,F,,2020-10-07
2759,HR,Director,PhD,60,F," R$ 8,705.88 ",2023-10-26
2760,Marketing,Technician,Technical Diploma,63,F," R$ 12,631.12 ",2015-07-24
2761, ,Assistant,High School,62,M," R$ 16,674.51 ",2019-12-06
2762,Legal,Assistant,High School,23,F," R$ 13,662.39 ",2015-03-12
2763,IT,Director,PhD,47,F," R$ 14,821.31 ",11/05/2022
2764,Legal,Analyst,Bachelor,48,F," R$ 18,094.32 ",2017-08-26
2765,Marketing,Coordinator,Bachelor,36,F," R$ 8,909.43 ",2010-09-22
2766,Operations,Specialist,Master,42,M," R$ 9,430.28 ",2019-03-14
2767,Finance,,High School,48,M," R$ 18,988.31 ",2021-10-10
2768,HR,Analyst,Bachelor,55,F," R$ 9,445.56 ",2021-04-17
2769,Finance,Coordinator,Bachelor,32,F," R$ 18,556.17 ",2013-02-27
2770,Legal,Manager,Master,44,M," R$ 18,647.47 ",06/05/2012
2771,Legal,Assistant,High School,43,M," R$ 19,495.93 ",2012-03-22
2772,Logistics,Coordinator,Bachelor,44,F," R$ 6,366.24 ",2021-03-17
2773,Legal,Manager,Master,22,F," R$ 13,449.03 ",2018-11-30
2774,Finance,Analyst,Bachelor,33,F," R$ 19,987.71 ",2020-02-20
2775,Operations,Assistant,High School,46,M," R$ 11,289.11 ",2021-09-08
2776,Finance,Analyst,Bachelor,27,F," R$ 16,887.41 ",05/08/2015
2777,IT,Coordinator,Bachelor,55,M," R$ 17,972.86 ",2017-12-27
2778,Marketing,Technician,Technical Diploma,49,F," R$ 11,197.09 ",2015-07-11
2779,HR,Technician,Technical Diploma,46,F," R$ 7,328.75 ",24/09/2013
2780,Legal,Coordinator,Bachelor,39,M," R$ 16,715.28 ",2013-09-17
2781,Logistics,Coordinator,Bachelor,22,F," R$ 4,985.08 ",14/03/2010
2782,IT,Specialist,Master,53,M," R$ 15,745.43 ",08/01/2023
2783,Logistics,Analyst,Bachelor,50,F," R$ 8,252.78 ",2021-03-12
2784,Legal,Assistant,High School,41,M," R$ 16,252.43 ",2015-04-19
2785,IT,Manager,Master,34,F," R$ 12,345.30 ",02/01/2017
2786,Finance,Specialist,Master,33,M," R$ 17,222.12 ",2022-12-27
2787,Finance,Assistant,High School,29,M," R$ 16,421.02 ",09/01/2017
2788,Legal,Technician,Technical Diploma,60,M," R$ 18,160.29 ",08/02/2020
2789, ,Analyst,Bachelor,29,F," R$ 8,521.15 ",2010-11-16
2790,IT,Assistant,High School,39,M," R$ 13,545.10 ",2014-10-05
2791,IT, ,Master,42,M," R$ 15,833.84 ",2012-01-02
2792,,Coordinator,Bachelor,49,M," R$ 18,873.35 ",25/10/2015
2793,HR,Specialist,Master,52,M," R$ 8,797.58 ",2015-03-11
2794,Finance,Assistant,High School,36,F," R$ 20,730.73 ",2015-06-26
2795,Legal,Assistant,High School,60,F," R$ 19,256.33 ",2010-06-06
2796,Finance,Specialist,Master,54,," R$ 22,166.46 ",22/09/2017
2797,Logistics,Assistant,High School,59,F," R$ 8,111.01 ",2018-06-05
2798,Logistics,Coordinator,Bachelor,44,F," R$ 7,110.59 ",2011-08-19
2799,IT,Assistant,High School,37,M," R$ 12,757.35 ",25/02/2023
2800,HR,Specialist,Master,45,M," R$ 7,531.57 ",2012-01-16
2801,Logistics,Analyst,Bachelor,42,M," R$ 6,428.36 ",2014-01-30
2802,Marketing,Coordinator,Bachelor,29,M," R$ 9,138.99 ",2019-04-21
2803,HR,Manager,Master,63,F," R$ 10,725.83 ",2014-03-31
2804,HR,Assistant,High School,38,M," R$ 7,579.04 ",2023-03-26
2805,IT,Manager,Master,36,F," R$ 13,371.71 ",15/09/2012
2806,Operations,Analyst,Bachelor,35,," R$ 8,579.63 ",10/12/2022
2807,HR,,Bachelor,41,F," R$ 7,795.66 ",17/11/2022
2808,HR,Assistant,High School,53, ," R$ 8,241.61 ",26/04/2019
2809,Finance,Analyst,Bachelor,32,F," R$ 18,426.01 ",2017-02-26
2810,Finance,Specialist,Master,59,M," R$ 22,123.99 ",2012-08-25
2811,Legal,Analyst,Bachelor,53,F," R$ 17,571.68 ",2021-04-21
2812,Operations,Assistant,High School,25,M," R$ 7,406.65 ",2013-12-21
2813,Operations,Analyst,Bachelor,50,M," R$ 9,863.17 ",2014-10-08
2814,IT,Specialist,Master,26,F," R$ 12,575.05 ",2013-09-25
2815,Marketing,Director,PhD,64,F," R$ 15,369.29 ",2022-03-31
2816,Finance,Manager,Master,33,M," R$ 16,959.00 ",2019-03-20
2817,Logistics,Manager,Master,64,F," R$ 9,009.62 ",18/12/2016
2818,Legal,Analyst,Bachelor,60,F," R$ 20,463.28 ",2013-06-18
2819,IT,Analyst,Bachelor,44,F," R$ 13,875.35 ",2012-07-08
2820,IT,Specialist,Master,54,F," R$ 17,179.43 ",2016-09-03
2821,Finance,Director,PhD,37,M," R$ 18,307.43 ",2017-04-12
2822,HR,Technician,Technical Diploma,32,M," R$ 6,281.29 ",2023-05-04
2823,Operations,Specialist,Master,29,F, ,2015-01-14
2824,Marketing,Coordinator,Bachelor,54,F," R$ 13,203.36 ",2023-12-01
2825,HR,Director,PhD,55,F," R$ 8,597.38 ",2019-03-12
2826,Logistics,Technician,Technical Diploma,42,F," R$ 6,621.48 ",2013-04-09
2827,Finance,Coordinator,Bachelor,59,M," R$ 23,679.67 ",2014-03-25
2828,Marketing,Specialist,Master,38,M," R$ 9,882.31 ",2012-04-27
2829,Operations,Assistant,High School,55,F," R$ 9,678.41 ",2017-08-03
2830,Logistics,Director,PhD,62,M," R$ 7,962.66 ",2018-02-08
2831,Legal,Coordinator,Bachelor,24,F," R$ 11,567.39 ",2014-02-02
2832,IT,Technician,Technical Diploma,45,F," R$ 13,385.28 ",2017-10-05
2833,IT,Specialist,Master,43,M," R$ 13,939.15 ",2010-02-26
2834,Finance,Coordinator,Bachelor,31,M," R$ 19,677.53 ",2015-01-28
2835,Finance,Coordinator,Bachelor,26,F," R$ 14,098.09 ",2018-12-19
2836,Finance,Manager,Master,62,,,2021-05-12
2837,Marketing,Assistant,High School,52,F," R$ 11,628.38 ",2017-03-13
2838,IT,Director,PhD,45,F," R$ 13,842.40 ",10/03/2010
2839,Operations,Director,PhD,32,M," R$ 7,898.35 ",04/09/2021
2840,Finance,Specialist,Master,35, ," R$ 13,570.45 ",2018-03-06
2841,Operations,Assistant,High School,25,F," R$ 7,565.25 ",2012-03-01
2842,Operations,,Master,29,F," R$ 8,465.98 ",2020-08-06
2843,HR,Analyst,Bachelor,28,F," R$ 6,675.21 ",2022-09-12
2844,Operations,Technician,Technical Diploma,56,M," R$ 11,296.29 ",2013-05-05
2845,Logistics,Specialist,Master,53,F, ,2015-02-02
2846,IT,Specialist,Master,43,F," R$ 14,996.02 ",2016-05-08
2847,Operations,Assistant,High School,43,M," R$ 10,316.40 ",2019-03-31
2848,Finance,Coordinator,Bachelor,64,F," R$ 22,558.17 ",2022-02-05
2849,IT,Director,PhD,47,M," R$ 14,130.23 ",2019-05-09
2850,Operations,,Master,57,F," R$ 10,235.60 ",2019-11-15
2851,Operations,Analyst,Bachelor,50,M," R$ 10,637.85 ",2020-02-25
2852,Logistics,Specialist,Master,25,F, ,2010-07-27
2853, ,Technician,Technical Diploma,52,M," R$ 11,634.63 ",2018-11-05
2854,Finance,Director,PhD,43,," R$ 22,844.09 ",2018-08-12
2855,Operations,Coordinator,Bachelor,29,F," R$ 8,199.10 ",2015-08-28
2856,Logistics,Manager,Master,42,F," R$ 5,835.08 ",2010-04-16
2857,Marketing, ,Technical Diploma,36,F," R$ 9,151.52 ",2021-08-23
2858,Operations,Technician,Technical Diploma,25,M," R$ 7,099.60 ",2016-09-22
2859,Operations,Manager,Master,63,F," R$ 12,298.75 ",27/07/2019
2860,HR,Assistant,High School,26,M," R$ 6,476.47 ",2023-02-21
2861,HR,Director,PhD,57,F," R$ 9,153.40 ",2018-03-15
2862,Logistics,Specialist,Master,23,M," R$ 4,426.04 ",2022-10-29
2863,Finance,Specialist,Master,29,M," R$ 16,427.11 ",15/12/2019
2864,Legal,Assistant,High School,25,M," R$ 13,748.79 ",2013-04-09
2865,Finance,Coordinator,Bachelor,34,M," R$ 18,907.59 ",2011-03-14
2866,Marketing,Assistant,High School,35,M," R$ 10,457.53 ",2015-08-21
2867,Legal,Director,PhD,30,M," R$ 15,870.90 ",2018-08-01
2868,IT,Analyst,Bachelor,49,F," R$ 16,587.39 ",20/06/2013
2869,Logistics,,Master,59,F," R$ 9,427.61 ",2017-10-14
2870,Logistics,Coordinator,Bachelor,33,M," R$ 5,949.49 ",2014-02-19
2871,Logistics,Analyst,,49,M," R$ 6,532.74 ",2020-03-08
2872,IT,Analyst,Bachelor,34,M," R$ 12,362.79 ",2011-05-01
2873,Operations,Analyst,Bachelor,42,F," R$ 7,472.47 ",2021-07-26
2874,HR,Assistant,High School,59,M," R$ 9,386.06 ",31/07/2011
2875,Marketing, ,Technical Diploma,47,F," R$ 9,854.79 ",2016-07-11
2876,Operations,Assistant,High School,46,F," R$ 9,010.49 ",2015-05-15
2877,Legal,Manager,Master,43,F," R$ 14,692.01 ",08/05/2011
2878,IT,Assistant,High School,29,M," R$ 11,081.52 ",2017-02-10
2879,Marketing,Coordinator,Bachelor,58,M," R$ 13,891.02 ",2014-03-13
2880,Legal,Manager,Master,61,F," R$ 21,805.82 ",2023-04-10
2881,Marketing,Assistant,High School,43,F," R$ 11,348.88 ",21/10/2010
2882,HR,Analyst,Bachelor,34,M," R$ 7,223.74 ",2010-08-03
2883,Operations,Analyst,Bachelor,58,F," R$ 10,407.39 ",2017-01-27
2884,Legal, ,Master,35,F," R$ 16,047.36 ",2022-12-18
2885,Finance,Manager,Master,39,F," R$ 19,795.65 ",2013-04-02
2886,HR,Assistant,High School,54,M," R$ 8,644.29 ",2011-08-30
2887,Finance,Manager,Master,28,M," R$ 14,365.44 ",2010-03-15
2888,Finance,Specialist,Master,31,M,,2021-01-28
2889, ,Specialist,Master,51,M," R$ 28,785.07 ",28/10/2016
2890,Finance,Assistant,High School,55,M, ,2011-07-30
2891,HR,Specialist,Master,24,M," R$ 7,458.20 ",2014-06-27
2892,HR,Assistant,High School,61,M," R$ 9,919.93 ",2011-07-04
2893,Marketing,Director,PhD,33,M," R$ 10,348.74 ",2019-08-31
2894,Logistics,Specialist,Master,57,F," R$ 8,308.76 ",2016-02-03
2895,Finance,Coordinator,Bachelor,52,F," R$ 22,658.59 ",09/07/2019
2896,HR,Technician,Technical Diploma,44,F," R$ 8,164.58 ",01/06/2015
2897,Finance,Technician,Technical Diploma,29,F," R$ 17,882.65 ",2019-10-21
2898,Marketing,Assistant,High School,22,M," R$ 8,283.71 ",2023-02-25
2899,Legal,Assistant,High School,56,F," R$ 19,458.42 ",2015-05-05
2900,Logistics,Technician,Technical Diploma,36,F," R$ 6,982.14 ",15/05/2023
2901,Marketing,Coordinator,Bachelor,49,M," R$ 12,005.11 ",2019-10-08
2902,Finance,Manager,Master,33,F," R$ 20,118.42 ",2013-08-21
2903,Logistics,Director,PhD,22,F," R$ 4,669.43 ",2022-05-03
2904,Finance,Coordinator,Bachelor,32,F," R$ 17,750.52 ",2022-05-21
2905,Operations,Technician,Technical Diploma,58,F," R$ 11,217.45 ",2021-04-23
2906,Operations,Manager,Master,23,F," R$ 7,170.42 ",2015-09-26
2907,Logistics,Technician,Technical Diploma,56,M," R$ 9,461.39 ",28/10/2016
2908,Operations,Director,PhD,29,F," R$ 6,617.52 ",2018-07-11
2909,Legal,Coordinator,Bachelor,52,F, ,2015-04-28
2910,Legal, ,Technical Diploma,42,F," R$ 16,848.61 ",2013-07-16
2911,HR,Technician,Technical Diploma,24,M," R$ 5,524.15 ",2020-12-14
2912,Legal,Technician,Technical Diploma,46,F," R$ 17,045.49 ",2023-05-01
2913,Marketing,Director,PhD,62, ," R$ 14,304.70 ",2011-07-25
2914,Finance,Coordinator,Bachelor,49,M," R$ 22,636.82 ",2020-05-14
2915,Operations,Technician,Technical Diploma,49,M," R$ 9,081.75 ",20/12/2011
2916,Marketing,Director,PhD,23,M," R$ 9,153.83 ",17/02/2019
2917,Logistics,Coordinator,Bachelor,29,M," R$ 6,352.00 ",2016-03-31
2918, ,Specialist,Master,22,," R$ 7,307.92 ",2012-10-10
2919,Marketing,Director,PhD,42,M," R$ 10,767.08 ",2019-06-03
2920,Logistics,Analyst,Bachelor,36,M," R$ 6,888.57 ",2022-12-02
2921,Logistics,Assistant,High School,29,M," R$ 6,388.51 ",2013-05-24
2922,Legal,Analyst,Bachelor,61,F," R$ 21,287.17 ",2014-12-26
2923,Legal,Director,PhD,43,M," R$ 17,190.31 ",2014-06-28
2924,Legal,,Technical Diploma,60,F," R$ 21,218.52 ",2013-04-20
2925,IT,Technician,Technical Diploma,41,F," R$ 14,719.14 ",2013-10-02
2926,IT,Manager,Master,34,F," R$ 14,222.60 ",24/06/2023
2927,IT,Coordinator,Bachelor,47,F," R$ 14,874.41 ",2010-02-07
2928,IT,Assistant,High School,60,F," R$ 16,521.14 ",2011-08-22
2929,Finance,Analyst,Bachelor,28,F," R$ 17,335.75 ",2016-09-01
2930,IT,Specialist,Master,32,F, ,13/12/2010
2931,HR,Assistant,High School,52,M," R$ 9,171.45 ",2019-09-26
2932,Finance,Analyst,Bachelor,55,F," R$ 25,094.37 ",2015-06-26
2933,IT,Coordinator,Bachelor,32,M,,2019-06-19
2934,HR,Technician,Technical Diploma,45,F," R$ 8,269.73 ",2017-09-26
2935,HR,Analyst,Bachelor,46,F," R$ 9,015.52 ",2019-09-02
2936,Marketing,Technician,Technical Diploma,54,M," R$ 11,158.59 ",14/12/2019
2937,IT,Analyst,Bachelor,50,F," R$ 14,789.02 ",04/04/2020
2938,Legal,Director,PhD,42,M," R$ 18,300.03 ",09/06/2015
2939,HR,Technician,Technical Diploma,54,F," R$ 8,148.84 ",2013-11-18
2940,Operations,Technician,Technical Diploma,27,F," R$ 7,470.75 ",04/12/2023
2941,HR,Coordinator,Bachelor,58,F," R$ 8,733.58 ",2011-12-05
2942,Logistics,Director,PhD,23,M," R$ 5,570.40 ",2022-03-19
2943,HR,Director,PhD,63,, ,2019-12-04
2944,Logistics, ,Master,51,M," R$ 7,428.06 ",2010-01-08
2945,Marketing,Analyst,Bachelor,49,F," R$ 12,217.74 ",2014-12-04
2946,Logistics,,Bachelor,53,F," R$ 7,714.91 ",2014-04-22
2947,Operations, ,Master,48,F," R$ 10,985.63 ",2018-06-06
2948,Marketing,Technician,Technical Diploma,60,F," R$ 13,538.49 ",30/10/2010
2949,Logistics,Assistant,High School,43,M," R$ 6,501.34 ",2016-07-28
2950,Logistics,Director,PhD,36,F," R$ 5,550.81 ",26/12/2020
2951,HR,Director,PhD,64,F," R$ 8,908.59 ",2017-11-10
2952,Legal,Director,PhD,59,F," R$ 23,952.74 ",2022-02-09
2953,Logistics,Analyst,Bachelor,58,F," R$ 9,566.88 ",2021-07-30
2954,IT,Director,PhD,57,M," R$ 16,492.85 ",16/02/2014
2955,Marketing,Technician,Technical Diploma,59,M," R$ 12,923.09 ",2011-03-06
2956,Logistics,Specialist,Master,28,F," R$ 6,249.76 ",2013-10-22
2957,IT,Coordinator,Bachelor,52,F," R$ 16,830.68 ",2021-05-05
2958,Finance,Technician,Technical Diploma,51,M," R$ 21,663.02 ",2015-04-23
2959,Operations,Director,PhD,35,F," R$ 8,306.71 ",09/11/2016
2960,HR,Analyst,Bachelor,55,M," R$ 9,897.72 ",2020-01-28
2961,Logistics,Director,PhD,48,M," R$ 7,426.76 ",2018-04-13
2962,Legal, ,Bachelor,44,M," R$ 17,500.64 ",2018-11-11
2963,Logistics,Assistant,High School,24,M," R$ 5,138.11 ",2015-07-19
2964, ,Technician,Technical Diploma,26,M," R$ 5,838.50 ",2016-10-20
2965,HR,Manager,Master,63,F," R$ 9,774.66 ",2011-11-29
2966,Logistics,Manager,Master,51,F," R$ 7,842.12 ",2012-12-03
2967,Finance,Analyst,Bachelor,28,F," R$ 14,511.26 ",2021-05-15
2968,Legal,Director,PhD,62,F," R$ 23,208.99 ",2016-02-24
2969,IT,Specialist,Master,39,F," R$ 13,721.29 ",2013-07-10
2970,Logistics,Specialist,Master,59,M," R$ 9,198.91 ",2018-04-10
2971,HR,Coordinator,Bachelor,31,M," R$ 7,143.66 ",2020-02-18
2972,Logistics,Analyst,Bachelor,55,M, ,2013-10-31
2973,IT,Technician,Technical Diploma,54,M," R$ 17,872.71 ",2011-03-04
2974,Operations,Coordinator,Bachelor,53,M," R$ 10,187.74 ",2023-04-03
2975,Marketing,Assistant,High School,52,M," R$ 12,107.76 ",2018-06-03
2976,HR,Manager,Master,49,M," R$ 9,406.28 ",2023-09-25
2977,IT,Coordinator,Bachelor,25,F," R$ 11,862.09 ",2023-10-25
2978,Logistics,Director, ,36,F," R$ 6,381.23 ",2014-08-11
2979, ,Assistant,High School,23,M," R$ 10,368.07 ",09/09/2012
2980,IT,Manager,Master,44,M," R$ 15,617.68 ",2011-08-08
2981,IT,Assistant,High School,44,M," R$ 12,629.66 ",2017-02-27
2982,Operations,Specialist,Master,56,M," R$ 10,065.73 ",2020-05-27
2983,Marketing,Specialist,Master,48,M," R$ 10,803.80 ",2022-05-22
2984,Legal,Specialist,Master,47,F," R$ 18,371.65 ",2012-06-26
2985,Logistics,Manager,Master,55,F," R$ 8,423.97 ",2011-03-10
2986,Logistics,Coordinator,Bachelor,34,M," R$ 5,970.44 ",2012-06-18
2987,HR,Technician,Technical Diploma,61,M," R$ 9,546.56 ",28/07/2014
2988,Finance,Coordinator,Bachelor,31,M," R$ 18,426.80 ",2019-11-09
2989,HR,Analyst,Bachelor,60,F," R$ 8,956.34 ",2014-11-13
2990,Legal,Assistant,High School,47,M," R$ 18,629.30 ",2016-06-16
2991,Logistics,Manager,Master,25,M," R$ 5,884.11 ",2012-04-22
2992,IT, ,Bachelor,39,F," R$ 12,344.67 ",2016-03-04
2993,Legal,Assistant,High School,56,F," R$ 20,003.06 ",2022-03-14
2994,Finance,Analyst,Bachelor,38,F," R$ 17,888.77 ",2017-09-13
2995,Finance,Manager,Master,48,M," R$ 17,776.27 ",2020-06-01
2996,Finance,Manager,Master,29,M," R$ 18,213.57 ",2016-02-08
2997,IT,Technician,Technical Diploma,34,M," R$ 11,895.39 ",2019-10-28
2998,IT,Assistant,High School,43,M," R$ 12,753.81 ",2014-07-20
2999,Finance,Director,PhD,57,," R$ 22,347.33 ",2022-06-10
3000,Legal,Coordinator,Bachelor,64,F," R$ 21,817.12 ",2023-01-25
3001,Operations,Analyst,Bachelor,51,F," R$ 10,560.55 ",2012-12-24
3002,IT,Assistant,High School,56,M," R$ 16,168.27 ",2012-01-06
3003,IT,Director,PhD,25,F," R$ 11,234.41 ",2021-08-14
3004,Finance,Assistant,High School,34,M," R$ 19,271.64 ",2023-09-22
3005,IT,Specialist,Master,27,M," R$ 11,595.88 ",2020-11-02
3006,HR, ,Master,39,M," R$ 8,425.64 ",2014-01-14
3007,IT,Director,PhD,29,F," R$ 10,241.49 ",2022-11-05
3008,IT,Assistant,High School,62,F, ,2023-06-21
3009,Legal,Manager,Master,41,F," R$ 16,771.70 ",17/03/2019
3010,IT, ,Technical Diploma,42,F," R$ 15,511.03 ",2017-03-20
3011,Logistics,Coordinator,Bachelor,53,M," R$ 7,398.63 ",2019-05-13
3012,Legal,Analyst,Bachelor,53,F," R$ 20,160.07 ",2011-12-03
3013,HR,Coordinator,Bachelor,23,F," R$ 6,642.46 ",2017-07-21
3014,HR,Analyst, ,63,M," R$ 9,946.80 ",2018-12-11
3015,HR,Manager,Master,23,F," R$ 5,949.81 ",2011-10-31
3016,HR,Assistant,High School,62,F," R$ 10,410.43 ",2010-08-27
3017,IT,Manager,Master,53,F," R$ 15,031.38 ",2018-03-03
3018,IT,Director,PhD,43,F," R$ 15,638.90 ",23/04/2012
3019,Marketing, , ,47,M," R$ 12,064.75 ",2022-03-14
3020,Operations,Manager,Master,62,F," R$ 11,448.40 ",2011-02-24
3021,Operations,Analyst,Bachelor,31,F," R$ 7,605.64 ",2010-09-01
3022,IT,Analyst,Bachelor,60,F," R$ 18,548.55 ",2020-11-05
3023,Operations,Director,PhD,26,M," R$ 7,280.67 ",2014-03-02
3024,Legal,Technician,Technical Diploma,33,M, ,19/03/2014
3025,Legal,Coordinator,Bachelor,62,F," R$ 21,705.89 ",2010-05-26
3026,IT,Assistant,High School,62,M," R$ 15,290.31 ",2016-02-18
3027,Finance,Assistant,High School,53,F," R$ 23,691.76 ",2014-10-18
3028,Legal,Coordinator,Bachelor,61,F," R$ 20,157.72 ",19/07/2010
3029,IT,Technician,Technical Diploma,39,F," R$ 10,456.32 ",15/07/2019
3030,Finance,,Master,31, ," R$ 17,989.12 ",2023-08-29
3031,HR,Director,PhD,44, ," R$ 9,100.54 ",2015-04-01
3032,Legal,Manager,Master,22,," R$ 13,665.46 ",2013-02-04
3033, ,Specialist,Master,63,M," R$ 11,529.31 ",2015-06-21
3034,Logistics,Manager,Master,58,F," R$ 8,598.30 ",2012-07-23
3035,Marketing,Technician,Technical Diploma,39,M," R$ 10,303.37 ",2023-11-29
3036,Operations,Technician,Technical Diploma,51,M," R$ 11,341.83 ",2021-03-15
3037,HR,Technician,Technical Diploma,40,F," R$ 7,318.63 ",2020-02-28
3038, ,Specialist,Master,59,M," R$ 21,947.42 ",2011-06-16
3039,IT,Analyst, ,38,F," R$ 13,265.28 ",2018-08-07
3040,Finance,Technician,Technical Diploma,49,M," R$ 18,823.12 ",2010-02-24
3041,IT,Analyst,Bachelor,43,M," R$ 13,231.14 ",06/10/2023
3042,Logistics,Director,PhD,59,F," R$ 8,681.78 ",2019-09-10
3043,IT,Coordinator,Bachelor,53, ," R$ 16,967.89 ",2019-05-26
3044,Operations,Specialist,Master,46,F," R$ 11,133.39 ",2010-09-13
3045,Finance,Specialist,Master,30,M," R$ 17,933.44 ",2020-10-19
3046,Marketing,Technician, ,57,M," R$ 14,399.45 ",2017-04-29
3047, ,,Master,58, ," R$ 10,156.32 ",31/07/2020
3048,Legal,Manager,Master,22, ," R$ 12,062.26 ",2010-09-19
3049, ,Specialist,Master,50,M," R$ 12,774.78 ",2014-08-29
3050,Marketing,Analyst,Bachelor,36,M," R$ 11,419.31 ",04/02/2020
3051,IT,Specialist,Master,50,F," R$ 14,609.08 ",15/11/2020
3052,Operations,Analyst,Bachelor,42,M," R$ 9,007.52 ",2014-03-06
3053,Finance, ,,33,M," R$ 15,153.81 ",18/11/2017
3054,Legal,Specialist,Master,47,F," R$ 18,287.44 ",2018-03-08
3055,Legal,Specialist,Master,52,F," R$ 16,189.88 ",2012-06-08
3056,Operations,Technician,Technical Diploma,56,M," R$ 11,856.01 ",13/02/2020
3057,Finance,Technician,Technical Diploma,35,F," R$ 17,292.88 ",2022-12-26
3058,Marketing,Analyst,Bachelor,28,M," R$ 8,519.13 ",2011-04-12
3059,Legal,Assistant,High School,24,M, ,2014-03-14
3060,Marketing,Manager,Master,62,M," R$ 13,163.82 ",2015-11-29
3061,Logistics,Coordinator,Bachelor,25,F," R$ 5,419.20 ",2012-12-09
3062,Marketing,Analyst,Bachelor,23,F," R$ 8,041.11 ",10/12/2015
3063,Finance,Director,PhD,56,F," R$ 23,514.60 ",2014-07-13
3064,HR,Coordinator,Bachelor,54,M," R$ 9,741.12 ",2015-10-12
3065,Logistics,Analyst,Bachelor,58,F," R$ 9,453.77 ",2014-09-22
3066,Operations,Technician,Technical Diploma,62,F," R$ 10,704.61 ",18/11/2011
3067,Logistics,Specialist,Master,34,F," R$ 6,571.63 ",2016-10-12
3068,Logistics,Analyst,Bachelor,28,M," R$ 5,346.24 ",2010-03-01
3069,Operations,Specialist,Master,60,M," R$ 11,214.14 ",2021-07-23
3070,Logistics, ,Bachelor,48,M," R$ 8,005.68 ",2014-07-20
3071,Marketing,Coordinator,Bachelor,24,M," R$ 7,958.19 ",2010-05-16
3072,Marketing,Analyst,Bachelor,38,F," R$ 9,838.82 ",2011-08-22
3073,Operations,Coordinator,Bachelor,46,F," R$ 11,329.20 ",18/02/2013
3074,Finance,Analyst,Bachelor,51,M," R$ 22,592.68 ",2019-06-24
3075,IT,Analyst,Bachelor,35,F," R$ 13,044.99 ",01/05/2010
3076,Marketing,Assistant,High School,50,M," R$ 11,615.25 ",05/11/2020
3077,HR,Technician,Technical Diploma,26,F," R$ 6,522.56 ",2015-11-30
3078,Finance, ,Master,28,F," R$ 16,981.52 ",2015-02-27
3079,HR, , ,40,M," R$ 7,583.28 ",2021-07-08
3080,Operations,Director,PhD,54,F," R$ 11,058.77 ",09/09/2010
3081,IT,Director,PhD,42,M," R$ 12,869.06 ",24/12/2019
3082,HR,Specialist,Master,42, ," R$ 7,635.64 ",2022-06-24
3083,Legal,Manager,Master,38,M," R$ 18,274.64 ",2022-07-11
3084,Marketing,Specialist,Master,44,F," R$ 11,983.66 ",2018-07-17
3085, ,Manager,Master,48,M," R$ 7,768.46 ",2016-11-03
3086,Operations,Analyst,Bachelor,52,M," R$ 10,452.62 ",2014-06-11
3087,HR,Coordinator,Bachelor,36,F," R$ 7,395.55 ",2014-04-16
3088,Marketing,Technician,Technical Diploma,61,F," R$ 14,786.50 ",2017-11-12
3089,IT,Specialist,Master,61,M," R$ 16,154.99 ",2020-04-26
3090,IT,Technician,Technical Diploma,22,M," R$ 11,421.49 ",2014-11-30
3091,Marketing,Coordinator,Bachelor,41,M," R$ 11,589.32 ",2011-07-26
3092,HR,Coordinator,Bachelor,62,M," R$ 8,457.61 ",2021-05-19
3093,IT,Coordinator,Bachelor,55,F," R$ 14,318.56 ",2011-01-11
3094,Marketing,Coordinator,Bachelor,22,M," R$ 7,775.32 ",11/12/2018
3095,IT,Analyst,Bachelor,53,F," R$ 14,859.43 ",2014-08-04
3096,HR,Director,PhD,43,," R$ 7,762.34 ",2020-10-13
3097,Legal,Coordinator,Bachelor,50,M," R$ 17,292.55 ",2017-04-26
3098,Finance,Assistant,High School,32,F," R$ 17,623.93 ",2010-06-29
3099,Marketing,Technician,Technical Diploma,54,F," R$ 12,584.64 ",2014-12-13
3100,Marketing,Assistant,High School,59,F," R$ 12,748.28 ",2018-05-23
3101,Logistics,,Master,22,M," R$ 4,810.79 ",2012-07-11
3102,Legal,Assistant,High School,59,M," R$ 22,717.38 ",2020-09-25
3103,IT,Assistant,High School,30,F," R$ 10,568.03 ",14/06/2016
3104,Marketing,,Technical Diploma,34,M," R$ 9,882.66 ",2017-12-08
3105,HR,Technician,Technical Diploma,45,M," R$ 7,394.87 ",2020-02-12
3106,Marketing,Manager,Master,57,M," R$ 10,776.19 ",2015-04-09
3107,Legal,Assistant,High School,41,M," R$ 17,398.68 ",2013-10-08
3108,Logistics,Technician,Technical Diploma,64,M," R$ 9,754.78 ",2015-05-30
3109,IT,Technician,Technical Diploma,22,F," R$ 10,075.56 ",2015-12-31
3110,Marketing,Manager,Master,56,F," R$ 12,346.07 ",26/10/2012
3111,IT,Director,PhD,64,F," R$ 19,294.79 ",2010-01-31
3112,Operations,Manager,Master,41,M," R$ 9,109.35 ",2015-04-20
3113,IT,Specialist,Master,61,M," R$ 18,035.35 ",2012-11-17
3114,Finance,Coordinator,Bachelor,22,M," R$ 15,676.05 ",2023-11-03
3115,Finance,Analyst,Bachelor,27,F," R$ 17,058.96 ",2020-02-06
3116,Logistics,Director,PhD,62,F," R$ 10,237.40 ",2021-08-10
3117,Operations, ,Technical Diploma,47,M," R$ 9,382.73 ",2012-12-01
3118,Legal,Manager,Master,50,M," R$ 18,187.08 ",2016-10-13
3119,Operations,Director,PhD,62,F," R$ 10,241.85 ",2010-05-14
3120,Operations,Manager,Master,36,M," R$ 7,833.36 ",2020-12-21
3121,Marketing,Director,PhD,58,M,,2011-07-26
3122,Legal,Analyst,Bachelor,40,M, ,2014-03-08
3123,Marketing,Technician,Technical Diploma,30,F," R$ 9,899.39 ",2023-07-31
3124,Logistics,Assistant,High School,62,F," R$ 8,194.92 ",07/12/2015
3125,Marketing,Analyst,Bachelor,38,F," R$ 9,820.93 ",2022-11-22
3126,IT,,Bachelor,53,F," R$ 14,000.40 ",2022-11-27
3127,Operations,Manager,,49,F," R$ 10,236.00 ",2019-05-18
3128,,Specialist,Master,36,F," R$ 15,643.15 ",2022-07-04
3129,Legal,Technician,Technical Diploma,63,F," R$ 22,709.10 ",2018-01-14
3130,IT,Director,PhD,49,M," R$ 13,658.90 ",28/02/2016
3131,Legal,Director,,30,M," R$ 13,634.76 ",2017-12-17
3132,Finance,Analyst,Bachelor,48,F," R$ 16,574.22 ",2021-10-02
3133,IT,Analyst,Bachelor,40,," R$ 13,014.09 ",2019-11-28
3134,Operations,Manager,Master,28,F," R$ 8,150.43 ",2010-11-05
3135,IT,Director,PhD,46,M," R$ 14,430.13 ",2023-04-22
3136,HR,Director,PhD,51,F," R$ 8,181.28 ",2022-07-31
3137,Finance,,Bachelor,34,F," R$ 18,539.60 ",2013-11-24
3138,Marketing,Director,PhD,23,M," R$ 8,997.59 ",2012-05-29
3139,IT,Director,PhD,39,F," R$ 13,976.94 ",2016-07-23
3140,Operations,Coordinator,Bachelor,61,M," R$ 11,582.30 ",2014-11-18
3141, , ,Bachelor,29,M," R$ 10,298.57 ",13/06/2015
3142,IT,Specialist,Master,41,M," R$ 14,905.39 ",2015-03-02
3143,IT,Specialist,Master,30,F," R$ 11,144.49 ",2011-05-18
3144,IT,Specialist,Master,34,M," R$ 13,365.43 ",2016-06-28
3145,Operations,Manager,Master,42,M," R$ 8,848.70 ",2013-09-18
3146,Logistics,Manager,Master,49,M," R$ 7,850.17 ",2018-06-03
3147,IT,Technician,Technical Diploma,28,F," R$ 10,595.64 ",2010-08-25
3148,IT,Specialist,Master,52,M," R$ 15,435.57 ",2023-05-17
3149,Operations,Coordinator,Bachelor,44,F," R$ 10,181.63 ",2010-01-15
3150,Legal,Specialist,Master,34,F, ,2021-04-19
3151,Logistics,Technician,Technical Diploma,57,F," R$ 7,210.52 ",2014-02-05
3152,HR,Specialist,,23,M," R$ 5,701.82 ",2010-07-15
3153,,Manager, ,55,F," R$ 15,388.73 ",2017-12-22
3154,Operations,Technician,Technical Diploma,26,F," R$ 7,562.43 ",12/06/2010
3155,Finance,Analyst,Bachelor,23,M," R$ 17,520.27 ",2013-11-11
3156,IT,Technician,Technical Diploma,55,M," R$ 16,464.80 ",2018-10-24
3157,Legal,Analyst,Bachelor,23,F," R$ 14,423.22 ",2011-11-18
3158,IT,Director,PhD,41,M," R$ 13,473.16 ",2019-09-12
3159,IT,Analyst,Bachelor,29,,,2013-08-20
3160,Finance,Technician, ,44,M," R$ 22,283.89 ",2012-08-17
3161,Operations,Assistant,High School,58,F," R$ 11,745.58 ",2021-10-25
3162,HR,Specialist,Master,37,F," R$ 7,468.29 ",2016-10-07
3163,Marketing,Director,PhD,43,F," R$ 11,387.05 ",2015-07-05
3164,IT,Technician,Technical Diploma,29,M," R$ 10,606.16 ",11/02/2015
3165, ,Analyst,Bachelor,64,F," R$ 14,313.81 ",2023-10-25
3166,Legal,Manager,Master,64,M," R$ 21,104.66 ",2020-12-11
3167,HR,Technician,Technical Diploma,47,F," R$ 8,535.99 ",2010-04-28
3168,Logistics,Director,PhD,61,M," R$ 7,978.81 ",28/02/2023
3169,Operations,Analyst,Bachelor,44,F," R$ 9,097.99 ",2020-12-29
3170,Logistics,Technician,Technical Diploma,37,M, ,22/02/2015
3171,Legal,Assistant,High School,42,F," R$ 17,655.45 ",2014-03-08
3172,Finance,Analyst,Bachelor,61,F," R$ 24,470.66 ",2020-04-09
3173,Logistics,Assistant,High School,50,F," R$ 7,352.50 ",2023-08-15
3174,Logistics,Coordinator,Bachelor,41,F," R$ 7,427.78 ",2018-08-27
3175,HR,Technician,Technical Diploma,33,M," R$ 7,340.81 ",2015-10-21
3176,Legal,Manager,Master,58,M," R$ 22,370.94 ",2011-12-28
3177,Legal,Analyst,Bachelor,47,M," R$ 18,129.25 ",2022-12-20
3178,HR,Director,PhD,24,F," R$ 6,033.56 ",13/04/2013
3179,Finance,Coordinator,Bachelor,39,M," R$ 18,392.14 ",08/03/2015
3180,Finance,Coordinator,Bachelor,22,M," R$ 14,298.29 ",2018-02-17
3181,HR,Director,PhD,40,M," R$ 7,116.67 ",25/10/2023
3182,IT,Assistant,High School,34,F," R$ 13,595.13 ",2011-05-28
3183,Finance,Director,PhD,64,M," R$ 27,311.22 ",2015-07-27
3184,Finance,Coordinator,Bachelor,54,M," R$ 20,104.97 ",2016-09-01
3185,IT,Specialist,Master,51,M," R$ 12,559.95 ",2015-04-06
3186,IT,Manager,,43,M," R$ 15,944.90 ",2022-08-01
3187,Operations,Specialist,Master,48,M," R$ 9,311.80 ",2022-08-01
3188,IT,Manager,Master,34,M," R$ 11,422.36 ",2023-09-25
3189,Finance,Specialist,Master,29,M," R$ 17,128.34 ",2014-07-14
3190,Logistics,Director, ,23,M," R$ 4,526.45 ",2020-05-12
3191,Finance,Manager,Master,40,M," R$ 19,233.43 ",2023-02-23
3192,Marketing,Manager,Master,45,M,,2014-03-16
3193,Marketing,Technician,Technical Diploma,26,F," R$ 9,356.98 ",2016-04-28
3194,,,Master,29,M," R$ 14,751.57 ",2022-01-15
3195,HR,Analyst,Bachelor,41, ," R$ 8,080.44 ",2021-12-15
3196,Operations,Coordinator,Bachelor,56,F," R$ 11,210.70 ",2021-05-11
3197,Legal,Assistant,High School,23,M," R$ 12,940.18 ",2014-12-22
3198,Logistics,Analyst,Bachelor,27,M," R$ 5,870.22 ",2014-02-08
3199,Legal,Coordinator,Bachelor,37,F," R$ 15,159.81 ",2017-07-12
3200,Operations,Director,PhD,57,M," R$ 11,269.17 ",2013-05-29
3201,IT,Analyst,Bachelor,23,F," R$ 11,754.02 ",05/02/2011
3202,Operations, ,Bachelor,35,M," R$ 8,502.94 ",2012-01-13
3203,Legal,Assistant,High School,59,," R$ 20,554.94 ",07/06/2022
3204,IT, ,High School,47,M," R$ 15,752.50 ",2018-01-25
3205,Logistics,Specialist, ,41,M," R$ 7,033.40 ",2018-04-02
3206,Legal,Assistant,High School,50,F," R$ 19,716.73 ",2019-02-03
3207,Legal,Manager,Master,25,M," R$ 14,780.67 ",12/09/2020
3208,Finance, ,High School,41,F," R$ 17,559.60 ",23/03/2014
3209,HR,Assistant,High School,45,," R$ 7,824.11 ",14/01/2013
3210,Finance,Director,PhD,22,F," R$ 15,945.34 ",2021-08-12
3211,Marketing, ,Technical Diploma,46,F," R$ 11,076.36 ",2015-05-12
3212,IT,Director,PhD,35,M," R$ 11,770.81 ",2010-12-01
3213,Legal,Assistant,High School,56,M," R$ 24,182.58 ",2022-04-17
3214,Operations,Technician,Technical Diploma,42,F," R$ 9,027.31 ",2022-05-09
3215,Legal,Technician,Technical Diploma,57, ," R$ 19,568.64 ",2016-04-08
3216,IT,Assistant,High School,44,F," R$ 12,458.21 ",2015-03-14
3217,IT,Manager,Master,41,M," R$ 14,079.23 ",2018-02-19
3218,Legal,Technician,Technical Diploma,47,F," R$ 19,827.34 ",2010-03-13
3219,Marketing,Technician,Technical Diploma,48,F," R$ 10,930.58 ",2011-07-21
3220,Finance,Specialist,Master,62,F," R$ 21,937.31 ",2022-02-16
3221,HR,Analyst,Bachelor,35,F," R$ 7,066.58 ",2019-07-19
3222,Finance,Analyst,Bachelor,57,M," R$ 22,909.43 ",2015-02-07
3223,IT,Assistant,High School,25,M," R$ 10,165.49 ",2018-09-27
3224,Logistics,Technician,,47,F," R$ 7,440.48 ",13/08/2018
3225,Finance,Assistant,High School,61,M," R$ 25,778.60 ",2013-03-16
3226,Operations,,PhD,37,M," R$ 8,091.24 ",2016-06-10
3227,Logistics,Director,PhD,64,F," R$ 8,306.33 ",13/02/2014
3228,Logistics,Coordinator,Bachelor,60,F," R$ 7,928.21 ",2017-06-25
3229,Legal,Specialist,Master,41,M," R$ 18,327.78 ",2012-09-23
3230,Logistics,Specialist,Master,45,F," R$ 6,651.81 ",2021-01-05
3231,IT,Technician,Technical Diploma,31,F," R$ 11,113.43 ",17/11/2012
3232,IT,Technician,Technical Diploma,23,F," R$ 9,420.39 ",2015-02-20
3233,Legal,Technician,Technical Diploma,30,F," R$ 13,921.97 ",21/09/2017
3234,Operations,Technician,Technical Diploma,39,F," R$ 8,789.21 ",2020-10-05
3235,Marketing,Specialist,Master,63,M," R$ 14,225.25 ",17/04/2016
3236,Operations,Analyst,Bachelor,51, ," R$ 8,711.18 ",2022-04-29
3237,Legal,Analyst,Bachelor,24,M," R$ 12,116.16 ",2023-05-08
3238,Operations,Assistant,High School,50,F," R$ 12,070.83 ",2020-06-24
3239,Finance,Analyst,Bachelor,28,F," R$ 16,525.40 ",2017-12-04
3240,Logistics,Technician,Technical Diploma,46,F," R$ 7,797.21 ",15/12/2015
3241,Operations,Technician,Technical Diploma,45,M," R$ 9,246.64 ",2016-03-29
3242,HR,Coordinator,Bachelor,64,M," R$ 9,317.21 ",2020-02-02
3243,Legal,Director,PhD,27,M," R$ 13,107.69 ",2015-01-30
3244,Logistics,Technician,Technical Diploma,36,M," R$ 7,283.45 ",2019-05-26
3245,Operations,Manager,Master,36,F," R$ 8,527.41 ",08/06/2016
3246,HR,Technician,Technical Diploma,61,M," R$ 10,183.62 ",2021-03-07
3247,Finance,Coordinator,Bachelor,48,M," R$ 22,001.42 ",2010-01-23
3248,IT,Manager,Master,42,F," R$ 14,052.00 ",2020-12-22
3249,Logistics,Manager,Master,53,," R$ 7,958.34 ",2023-08-27
3250,HR,Technician,Technical Diploma,53,F," R$ 7,983.99 ",2013-07-09
3251,Operations,Assistant,High School,33,F," R$ 7,422.96 ",2013-06-11
3252,Legal,Analyst,Bachelor,30,F," R$ 14,861.54 ",18/03/2020
3253,Legal,,Bachelor,41,F," R$ 15,020.34 ",2011-03-24
3254,Finance,Analyst,Bachelor,36,F," R$ 16,854.34 ",2020-01-14
3255,Finance,Technician,Technical Diploma,34,F," R$ 17,228.08 ",2012-05-31
3256,Operations,Coordinator, ,29,M,,2016-08-24
3257,Marketing,Assistant,High School,42,M," R$ 11,982.97 ",2013-04-01
3258,Finance, ,,46,F," R$ 23,101.33 ",02/04/2013
3259,Operations,Manager,Master,56,M," R$ 10,793.15 ",2021-05-27
3260,Finance,Assistant,High School,61,M," R$ 21,639.30 ",09/12/2023
3261,HR,Analyst,Bachelor,51,M," R$ 9,233.70 ",09/06/2021
3262,Operations,Analyst,Bachelor,52,M," R$ 9,236.12 ",2011-05-23
3263,Legal,Assistant,High School,27, ," R$ 13,665.64 ",04/01/2022
3264,IT,Director,PhD,32,M," R$ 11,866.64 ",2012-03-19
3265,Finance,Specialist,Master,63,F," R$ 23,243.25 ",2016-09-29
3266,Logistics,Coordinator,,29,M," R$ 4,937.28 ",2023-07-20
3267,Marketing,Coordinator,Bachelor,29,M," R$ 9,162.88 ",2017-05-18
3268,IT,Specialist,Master,60,F," R$ 17,482.66 ",2011-07-12
3269,IT,Director,PhD,33,M," R$ 12,233.89 ",30/11/2013
3270,IT,Coordinator,Bachelor,24,F," R$ 11,066.59 ",2023-06-05
3271,Legal,Coordinator,Bachelor,64,F, ,2011-04-30
3272,Legal,Specialist,Master,37,F," R$ 14,146.66 ",2023-11-29
3273,,Specialist,Master,62,F," R$ 19,785.54 ",2022-06-23
3274,IT,Director,PhD,48,F," R$ 13,794.05 ",2012-09-08
3275,HR,Assistant,High School,37,F," R$ 7,986.90 ",2013-07-22
3276,HR,Director,PhD,26,F," R$ 6,842.13 ",06/01/2017
3277,Marketing,Director,PhD,61,M," R$ 11,942.72 ",2011-09-27
3278,HR,Assistant,High School,33,F," R$ 6,055.33 ",2019-08-29
3279, ,Manager,Master,24,F," R$ 7,832.05 ",2013-03-21
3280,Marketing,Assistant,High School,56,F," R$ 15,072.45 ",2023-01-08
3281,Logistics,Manager,,24,F," R$ 4,697.81 ",2017-03-31
3282,HR,Analyst,Bachelor,52,M," R$ 8,662.65 ",2020-03-09
3283,Operations,Director,PhD,45,F," R$ 9,615.51 ",2018-04-27
3284,Marketing,Specialist,Master,62,M," R$ 12,740.61 ",2022-06-26
3285,Operations,Assistant,High School,50,F," R$ 9,538.96 ",2020-02-03
3286,Logistics,Technician,Technical Diploma,54,M," R$ 7,743.13 ",2021-11-15
3287,Finance,,Technical Diploma,59,F," R$ 23,293.02 ",2023-03-25
3288,Operations,Coordinator,Bachelor,37,F," R$ 9,163.73 ",19/06/2012
3289,Logistics,Specialist,Master,54,F," R$ 7,326.41 ",2011-10-22
3290,Finance,Analyst,Bachelor,31,F," R$ 18,527.10 ",01/12/2023
3291,Marketing,Technician,Technical Diploma,51,M," R$ 11,214.43 ",2012-12-08
3292,Legal,Technician,Technical Diploma,55,F," R$ 21,344.84 ",20/08/2021
3293,Marketing,Technician,Technical Diploma,56,M," R$ 11,752.51 ",2021-11-22
3294,Finance,Manager,Master,28,M," R$ 18,086.36 ",29/05/2010
3295,Marketing,Manager,Master,27,F," R$ 8,228.06 ",2014-06-19
3296,Legal,Coordinator,Bachelor,36,M," R$ 15,416.83 ",19/01/2022
3297,Legal,Technician,Technical Diploma,53,F," R$ 19,336.62 ",14/11/2015
3298,Logistics,Analyst,Bachelor,23,," R$ 5,427.38 ",2013-06-05
3299,Finance,Analyst,Bachelor,53,M," R$ 20,730.36 ",2019-12-07
3300,IT,Director,PhD,49,F," R$ 14,114.22 ",06/09/2013
3301,Legal,Analyst,Bachelor,42,M, ,2021-08-21
3302,Operations,Coordinator,Bachelor,38,M," R$ 7,687.86 ",2019-05-09
3303,HR,Specialist,Master,40,M," R$ 8,427.36 ",2023-10-22
3304,Finance,Manager,Master,35,M," R$ 19,159.20 ",2016-12-02
3305,Operations,Assistant,High School,55,M," R$ 10,569.45 ",2018-10-15
3306,,Technician,Technical Diploma,41,F," R$ 12,266.35 ",13/12/2013
3307, ,Technician,Technical Diploma,42, ," R$ 16,911.16 ",2022-01-30
3308,Finance,Manager,Master,24,F," R$ 14,115.21 ",2010-08-25
3309,Legal,Coordinator,Bachelor,35,M," R$ 17,652.80 ",04/03/2023
3310,Marketing,Director,PhD,42,M," R$ 9,672.97 ",2017-03-22
3311,Logistics,Manager,Master,48,M," R$ 7,071.62 ",2019-03-02
3312,Finance,Specialist,Master,28,F," R$ 15,519.77 ",2016-04-01
3313,HR,Manager,Master,63,M," R$ 11,171.17 ",08/07/2015
3314,Operations,Technician,Technical Diploma,50,M," R$ 9,342.21 ",2013-03-17
3315,Legal,Assistant,High School,30,M," R$ 14,862.75 ",16/06/2023
3316,Logistics,Assistant,High School,61,M," R$ 8,981.18 ",2012-06-08
3317,Marketing,Director,PhD,36,M," R$ 9,055.26 ",2015-05-22
3318,Operations,Analyst,Bachelor,49,M," R$ 9,468.15 ",2011-08-21
3319,IT,Coordinator,Bachelor,59,F," R$ 18,303.43 ",2011-11-19
3320,Legal,Assistant,High School,36,F," R$ 17,064.51 ",02/11/2011
3321,Logistics, ,Master,36,F," R$ 7,352.08 ",2021-09-04
3322,IT,Coordinator,Bachelor,51,M," R$ 12,895.92 ",22/09/2015
3323,Marketing,Technician,Technical Diploma,53,F," R$ 11,177.52 ",2017-09-01
3324,Logistics,Technician,Technical Diploma,61,M," R$ 9,125.10 ",2012-08-18
3325,Logistics,Technician,Technical Diploma,33,, ,2016-11-11
3326,Legal,Manager,Master,41,M," R$ 18,083.27 ",2013-04-29
3327,,Specialist,Master,48,F, ,2011-04-09
3328,Legal,Assistant, ,23,M," R$ 12,249.30 ",29/07/2018
3329,IT,Analyst,Bachelor,62,F," R$ 18,366.33 ",21/07/2023
3330,Finance,Analyst,Bachelor,43,M," R$ 20,615.94 ",2023-03-11
3331,Logistics,Analyst,Bachelor,47,M," R$ 7,152.31 ",2010-10-20
3332,IT,Analyst,Bachelor,61,F," R$ 16,988.84 ",2011-05-07
3333,Legal,Technician,Technical Diploma,29,M," R$ 14,094.20 ",2011-09-06
3334,Legal,Coordinator,Bachelor,57,M," R$ 21,351.16 ",2016-10-21
3335,Finance,Specialist,Master,47,M," R$ 20,888.67 ",2023-12-06
3336,Logistics,Manager,Master,58,F," R$ 8,218.90 ",2013-01-26
3337,Logistics,Coordinator,Bachelor,38,M, ,2022-03-10
3338,Legal,Coordinator,Bachelor,28,M," R$ 15,883.47 ",2023-01-03
3339,Legal,Manager,Master,22,M," R$ 13,283.90 ",2021-08-07
3340,Legal,Director,PhD,48,F," R$ 18,726.06 ",2013-01-14
3341,Finance,Technician,Technical Diploma,63,F," R$ 23,653.70 ",2019-05-28
3342,Legal,Manager,Master,47,M," R$ 17,146.52 ",2020-10-26
3343,HR,Coordinator,Bachelor,53,F," R$ 8,663.52 ",2011-09-01
3344,Logistics,Assistant,High School,35,M," R$ 6,062.66 ",2020-09-25
3345,HR,Technician,Technical Diploma,40,F," R$ 9,178.64 ",2013-03-15
3346,Legal,Technician,Technical Diploma,30,M," R$ 15,052.46 ",2023-10-03
3347,Legal,Analyst,Bachelor,64,F," R$ 23,889.32 ",2011-01-17
3348,HR,Coordinator,Bachelor,22, ," R$ 5,894.72 ",2012-12-14
3349,Logistics,Analyst,Bachelor,42,M," R$ 5,474.53 ",2014-02-01
3350,Logistics,Assistant,High School,41,M," R$ 7,152.94 ",24/07/2011
3351,Finance,Manager,Master,54,M," R$ 24,511.97 ",2020-04-02
3352,Finance,Specialist,Master,54,M," R$ 23,379.24 ",2013-05-29
3353,Legal,Technician,Technical Diploma,39,M," R$ 15,904.13 ",16/10/2011
3354,Marketing,Assistant,High School,62,," R$ 14,095.99 ",2012-05-12
3355,IT,Specialist, ,38,F," R$ 13,191.24 ",2010-10-23
3356,Legal,Specialist,Master,34,F,,2016-06-15
3357,Finance,Director,PhD,64,F," R$ 27,549.65 ",2023-12-11
3358,HR,Specialist,Master,30,F," R$ 6,269.40 ",2023-12-08
3359,IT,Specialist,Master,22,F," R$ 11,607.65 ",2013-07-28
3360,Marketing,Coordinator,Bachelor,44,M," R$ 10,821.04 ",2012-09-17
3361,Legal,Specialist,Master,61,M," R$ 21,117.55 ",2010-11-08
3362,Marketing,Specialist,Master,55,F," R$ 10,982.57 ",2022-01-25
3363,Marketing,Assistant,High School,57,F," R$ 11,968.90 ",2010-05-13
3364,Marketing,Specialist,Master,35,M," R$ 9,775.70 ",2010-10-11
3365,Legal,Manager,Master,42,M," R$ 18,101.75 ",2022-11-24
3366,,Analyst,Bachelor,64,M, ,2012-01-15
3367,HR,Assistant,High School,64,F," R$ 9,920.99 ",2012-08-17
3368,Logistics,Coordinator,Bachelor,42,M," R$ 6,801.41 ",20/08/2023
3369,Legal,Manager,Master,49,M," R$ 20,294.63 ",12/11/2023
3370,Operations,Specialist,Master,53,F," R$ 11,050.13 ",2012-10-02
3371,Logistics,Coordinator,Bachelor,51,M," R$ 7,857.43 ",23/09/2021
3372,Finance,Coordinator,Bachelor,61,M," R$ 18,690.41 ",2014-02-08
3373,HR,Specialist,Master,33,F," R$ 7,803.77 ",2019-01-08
3374,Legal,Coordinator,Bachelor,50,F," R$ 18,141.95 ",2012-01-12
3375,Finance,Specialist,Master,22,F," R$ 13,777.66 ",2015-05-27
3376,Operations,Specialist, ,47,M," R$ 9,403.97 ",06/03/2022
3377,Marketing,Specialist,Master,37,M," R$ 11,076.26 ",12/02/2016
3378,Finance,Specialist,Master,39,F," R$ 17,178.60 ",2018-08-28
3379,Marketing,Technician,Technical Diploma,54,M," R$ 14,031.49 ",2017-08-01
3380,HR,Manager,Master,63,F," R$ 9,729.48 ",2016-05-18
3381,IT,Specialist,Master,64,F," R$ 16,008.38 ",2018-06-05
3382,IT,Assistant,High School,44,M," R$ 15,095.85 ",2010-02-13
3383,Marketing,Specialist,Master,26,F," R$ 8,138.54 ",20/04/2019
3384, ,Manager,Master,42,M," R$ 5,691.92 ",2013-08-03
3385,Finance,Assistant,High School,22,F," R$ 15,522.94 ",2015-02-10
3386,IT,Manager,Master,52,M," R$ 12,842.47 ",10/12/2020
3387,Logistics,Specialist,Master,39,M," R$ 6,615.36 ",2023-07-25
3388,Finance,Analyst,Bachelor,42,F," R$ 19,129.12 ",2011-07-05
3389,Logistics,Specialist,Master,28, ," R$ 5,951.36 ",18/07/2020
3390,Logistics,Director,PhD,22,M," R$ 5,095.69 ",27/08/2011
3391,Finance,Manager,Master,44,M," R$ 22,403.22 ",11/07/2014
3392,Logistics,Coordinator,Bachelor,48,F," R$ 7,709.21 ",2019-03-20
3393,IT,Analyst,Bachelor,23,M," R$ 11,582.30 ",2016-06-24
3394,Legal,Coordinator,Bachelor,55,F," R$ 20,615.01 ",2012-08-18
3395,IT,Assistant,High School,37,F," R$ 11,938.90 ",2012-08-21
3396,HR,Technician,Technical Diploma,61,M," R$ 10,196.53 ",2013-03-04
3397,Marketing,Technician,Technical Diploma,31,M," R$ 9,825.07 ",2020-12-20
3398,Finance,Manager,Master,41,M," R$ 18,687.78 ",2019-10-19
3399,Finance,Assistant,High School,58,M," R$ 23,652.94 ",2016-05-31
3400,Logistics,Specialist,Master,46,F," R$ 7,738.96 ",08/10/2020
3401,Legal,Manager,Master,25,F," R$ 14,513.02 ",2021-11-08
3402,Legal,Manager,Master,53,F," R$ 43,570.76 ",05/08/2014
3403,IT,Assistant,High School,49,M," R$ 12,740.83 ",2022-10-24
3404,IT,Assistant,High School,61,F," R$ 16,580.53 ",17/09/2022
3405,Marketing,Technician,Technical Diploma,34,," R$ 10,095.14 ",05/04/2016
3406,Legal,Analyst,Bachelor,26,F," R$ 14,552.46 ",2020-08-18
3407,HR,Assistant,High School,38,M," R$ 6,940.31 ",2012-01-03
3408,Finance,Analyst,Bachelor,28,F," R$ 18,305.72 ",2010-11-24
3409,IT,Analyst,Bachelor,31,F," R$ 11,292.89 ",23/01/2015
3410,Finance,Assistant,High School,48,F," R$ 19,607.74 ",2023-03-09
3411,Logistics,Coordinator,Bachelor,56,M," R$ 7,418.68 ",2019-01-28
3412,HR, ,PhD,44, ," R$ 8,352.50 ",2021-07-07
3413,Legal,Analyst,Bachelor,37, ," R$ 15,018.33 ",2010-01-13
3414,Legal,Specialist,Master,48,," R$ 19,245.59 ",2020-05-19
3415,Logistics,Director,PhD,36, ,,2011-03-05
3416,Logistics,Coordinator,Bachelor,27,M," R$ 5,958.94 ",2015-10-10
3417,Logistics,Technician, ,63,M," R$ 9,155.27 ",2010-02-19
3418,IT,Coordinator,Bachelor,60,M," R$ 15,782.20 ",2010-09-01
3419,Marketing,Technician,Technical Diploma,45,F," R$ 10,799.78 ",2017-03-08
3420,HR, ,Bachelor,44,F," R$ 7,903.49 ",20/07/2019
3421,Finance,Technician,,26,F," R$ 15,326.44 ",2011-12-13
3422,IT,Technician,Technical Diploma,28,F," R$ 10,903.47 ",2010-04-11
3423,Logistics,Technician,Technical Diploma,43,F," R$ 7,780.88 ",2013-06-11
3424,Legal,Coordinator,Bachelor,50,F," R$ 20,118.98 ",2010-12-24
3425,Finance,Assistant,High School,52,F," R$ 22,650.08 ",2013-06-20
3426,IT,,Technical Diploma,56,F," R$ 16,739.58 ",2014-10-27
3427,Logistics,Specialist,,55,F," R$ 8,051.25 ",2020-12-15
3428,HR,Director,PhD,40,M," R$ 8,057.86 ",2022-07-03
3429,HR,Director,,55,," R$ 9,750.97 ",2017-07-26
3430,Operations,Specialist,Master,51,M," R$ 9,542.21 ",2016-11-21
3431,HR,Specialist,Master,40,M," R$ 7,709.19 ",04/07/2016
3432,Finance,Coordinator,Bachelor,39,M," R$ 16,469.65 ",18/06/2015
3433, ,Coordinator,Bachelor,22,M," R$ 14,718.95 ",27/10/2021
3434,Logistics,Coordinator,Bachelor,62,F," R$ 9,171.60 ",2012-11-29
3435,Marketing,Specialist,Master,37,M," R$ 9,917.49 ",2014-01-22
3436,Operations,Coordinator,Bachelor,61,F," R$ 11,898.05 ",2017-11-18
3437,IT,,PhD,49,F," R$ 15,149.58 ",2018-10-20
3438,Legal,Specialist,Master,32,M," R$ 15,375.09 ",2014-08-12
3439,HR,Analyst,Bachelor,53,M," R$ 7,675.75 ",29/04/2011
3440,Operations,Director, ,47,M," R$ 10,969.16 ",2018-08-07
3441,Legal,Specialist,Master,31,F," R$ 16,727.10 ",2021-02-09
3442,Finance,Director,PhD,44,M," R$ 17,787.95 ",2023-06-22
3443,IT,Manager, ,60,M," R$ 16,156.03 ",2011-01-03
3444,Legal,Analyst,Bachelor,54,F," R$ 21,189.92 ",2014-09-07
3445,HR,Technician,Technical Diploma,35,F," R$ 6,496.31 ",10/12/2011
3446,Legal,Assistant,High School,30, ," R$ 17,491.13 ",2010-03-26
3447,IT,Assistant,High School,35,F," R$ 14,308.79 ",2012-05-31
3448,IT,Coordinator,Bachelor,57,M," R$ 18,689.72 ",2023-05-16
3449,Finance,Technician,Technical Diploma,62,M," R$ 26,733.97 ",2017-11-22
3450,IT,Assistant,High School,23,F," R$ 10,442.34 ",2019-01-14
3451,Legal,Assistant,High School,32,M," R$ 13,162.12 ",2010-02-08
3452,Logistics,Manager,Master,35,M," R$ 7,103.16 ",2021-07-17
3453,Logistics,Manager,Master,57,F, ,2020-06-26
3454,Marketing,Manager,Master,56,F," R$ 11,878.21 ",2019-09-23
3455,Finance,Coordinator,Bachelor,63,F," R$ 23,199.42 ",17/10/2020
3456,Operations,Analyst,Bachelor,46,M," R$ 7,989.76 ",01/06/2015
3457,Marketing,Director,PhD,54,M," R$ 13,887.24 ",2015-01-21
3458,Finance,Director,PhD,30,F," R$ 17,137.33 ",2012-05-24
3459,Marketing,,PhD,34,F," R$ 9,354.54 ",2014-01-28
3460,Operations,Assistant,High School,64,F,,2023-12-07
3461,Marketing,Analyst,Bachelor,31,M," R$ 9,822.89 ",2016-04-03
3462,HR,,Master,54,F," R$ 9,207.57 ",2021-10-15
3463,,Specialist,Master,30,M, ,2012-08-16
3464,Marketing,Analyst,Bachelor,61,," R$ 13,210.12 ",2022-06-11
3465,Legal,Director,PhD,34,M," R$ 13,807.92 ",2010-07-05
3466,Legal,Coordinator,Bachelor,45,M," R$ 13,980.65 ",23/06/2021
3467,Legal,Technician, ,61,F," R$ 17,887.27 ",2016-04-08
3468,Marketing,Director,PhD,38,M," R$ 10,029.79 ",2014-04-30
3469,Finance,Specialist,Master,54,F," R$ 19,295.37 ",2014-12-06
3470,Finance,Coordinator,Bachelor,44,F," R$ 22,147.79 ",07/10/2015
3471,IT,Manager,Master,48,F," R$ 18,400.53 ",2023-07-03
3472,Operations,Analyst,Bachelor,64,F," R$ 11,623.55 ",2019-06-15
3473,Marketing,Manager,Master,47,," R$ 10,601.50 ",2010-04-25
3474,Legal,Director,PhD,45,M," R$ 18,687.79 ",2010-10-18
3475,Logistics,Analyst,Bachelor,32,M," R$ 6,146.26 ",2015-04-01
3476,IT,Manager,Master,50,M," R$ 15,679.56 ",25/06/2013
3477,HR,Technician,Technical Diploma,26,F," R$ 6,354.72 ",2013-04-24
3478,Marketing,Assistant,High School,45,M," R$ 10,050.30 ",2014-09-13
3479,Legal,Assistant,High School,30,F," R$ 13,369.86 ",2013-09-20
3480,Legal,Analyst,Bachelor,31,M," R$ 14,050.04 ",2018-05-22
3481,HR,Analyst,Bachelor,32,M," R$ 7,582.46 ",2017-02-08
3482,Marketing,Coordinator,Bachelor,52,M," R$ 11,203.30 ",21/02/2021
3483, ,Coordinator,Bachelor,24,," R$ 7,672.02 ",2020-06-06
3484,HR,Assistant,High School,46,M, ,2017-06-22
3485,Legal,Manager,Master,64,M, ,2017-02-09
3486,HR, ,High School,61,F," R$ 9,248.01 ",14/06/2011
3487,Legal,,Technical Diploma,48,M," R$ 17,726.70 ",2022-01-02
3488,HR,Manager,Master,22,F," R$ 5,458.93 ",2011-01-15
3489,Legal,Assistant,High School,37,M," R$ 15,143.34 ",2019-01-02
3490,HR,Manager,Master,56,F," R$ 10,320.53 ",2019-11-25
3491,HR,Director,PhD,36,F," R$ 6,846.35 ",02/12/2020
3492,IT,Technician,Technical Diploma,55,F," R$ 18,767.65 ",2020-06-07
3493,Finance,Coordinator,Bachelor,32,M," R$ 16,561.73 ",2021-04-25
3494,Logistics,Analyst,Bachelor,30,F," R$ 5,624.84 ",04/04/2014
3495,Finance,Specialist,Master,45,F," R$ 19,661.05 ",2021-06-29
3496,Operations,Coordinator,Bachelor,58,M," R$ 11,275.49 ",2021-04-10
3497,,Assistant,High School,56,F," R$ 8,969.46 ",2021-02-18
3498,HR,Specialist,Master,43,F," R$ 7,067.08 ",2010-11-19
3499,Finance,Manager,Master,61,F," R$ 20,732.63 ",2019-07-15
3500,Marketing,Specialist,Master,59,M," R$ 12,308.61 ",2023-11-05
3501,Operations,Specialist,Master,28,F," R$ 6,429.23 ",2021-05-25
3502,Legal,Director,PhD,51, ," R$ 18,345.64 ",2018-06-07
3503,Finance,Analyst,Bachelor,50,F," R$ 15,705.83 ",2016-12-15
3504,IT,Specialist,Master,60,M,,2023-02-23
3505,HR,Coordinator,Bachelor,62,F," R$ 10,317.75 ",2015-06-09
3506,HR,Specialist,Master,30,M," R$ 5,822.78 ",2010-05-30
3507,Legal,Coordinator,Bachelor,22,F," R$ 12,564.76 ",2011-06-22
3508,Operations,Specialist,Master,24,M," R$ 6,614.68 ",01/02/2021
3509,Marketing,Technician,,26,M," R$ 8,128.55 ",2010-03-09
3510,Finance,Analyst,Bachelor,32,F," R$ 15,844.97 ",2021-10-02
3511,Legal,Director,PhD,25,M," R$ 14,180.24 ",2016-09-13
3512,Operations,Specialist,Master,54,M," R$ 12,746.73 ",2015-10-10
3513,Legal,Analyst,Bachelor,54,M," R$ 16,521.48 ",2022-07-10
3514,HR,Technician,Technical Diploma,41,F," R$ 7,651.83 ",2011-12-25
3515,HR,Analyst,Bachelor,58,M," R$ 10,788.38 ",2014-08-03
3516,Finance,Technician,Technical Diploma,41,M," R$ 20,405.57 ",2010-02-21
3517, ,Technician,Technical Diploma,55,F, ,2018-01-31
3518,Operations,Assistant,High School,42,F," R$ 7,673.57 ",2014-09-17
3519,HR,Analyst,Bachelor,28,M," R$ 7,584.04 ",2014-04-08
3520,Logistics,Specialist,Master,37,M," R$ 6,797.72 ",2022-02-25
3521,HR,Analyst, ,53,F," R$ 9,025.81 ",2022-06-11
3522,Legal,Director,PhD,57,F," R$ 19,400.23 ",2014-02-15
3523,Logistics,Analyst,Bachelor,32,F," R$ 5,294.58 ",2018-12-02
3524,Legal,Technician,Technical Diploma,50,F," R$ 21,114.69 ",03/06/2011
3525,HR,Manager,Master,63,M," R$ 8,944.56 ",26/11/2019
3526,Marketing,Assistant,High School,55,F," R$ 13,735.61 ",2016-10-06
3527,IT,Technician,Technical Diploma,31,F," R$ 10,894.22 ",2020-02-14
3528,Legal,Analyst,Bachelor,24,M," R$ 14,017.40 ",2012-03-14
3529,IT,Manager,Master,43,F," R$ 15,038.74 ",2014-06-12
3530,Legal,Director,PhD,53,M," R$ 21,999.93 ",2018-01-19
3531,HR,Specialist,Master,41,F," R$ 16,515.80 ",2022-10-20
3532,Legal,Coordinator,Bachelor,23,M," R$ 12,975.43 ",21/08/2012
3533,Logistics,Assistant,High School,29,F," R$ 6,023.44 ",2018-08-16
3534,Logistics,Coordinator,Bachelor,62, ," R$ 8,621.52 ",2015-03-10
3535,Finance,Technician,Technical Diploma,46,F," R$ 20,213.27 ",2018-03-19
3536,Operations,Manager,Master,32,F," R$ 7,894.91 ",2019-02-17
3537,,Director,PhD,45,F," R$ 13,303.32 ",2023-04-22
3538,HR,Assistant,High School,47,M," R$ 9,337.66 ",2019-08-04
3539,Finance,Director,PhD,56,F,,2014-02-14
3540,Operations,Specialist,Master,61,M," R$ 10,824.98 ",2023-01-18
3541,Operations,Specialist,Master,26,F," R$ 7,771.45 ",2010-03-01
3542,IT,Assistant,High School,36,M," R$ 37,072.67 ",04/06/2015
3543,HR,Specialist,Master,63,F," R$ 9,010.42 ",2017-01-06
3544,Legal,Assistant,High School,35,F," R$ 16,675.67 ",2022-07-25
3545,Marketing,Manager,Master,58,F," R$ 13,254.38 ",2011-10-15
3546,Finance,Analyst,Bachelor,39,M," R$ 22,858.79 ",2021-06-01
3547,HR,Assistant,High School,33,M," R$ 7,590.32 ",2015-04-17
3548,Finance,Manager,Master,24,M," R$ 14,350.71 ",08/04/2016
3549,HR,Specialist,Master,61,F," R$ 10,805.11 ",24/11/2016
3550,IT,Director,PhD,54,M," R$ 16,554.37 ",2018-02-13
3551,HR,Director,PhD,25,F," R$ 6,769.67 ",19/12/2016
3552,HR,Manager,Master,61,F," R$ 11,409.32 ",2016-12-30
3553,Marketing,Manager,Master,47,F," R$ 11,578.51 ",2017-01-24
3554,HR,Manager,Master,42, ," R$ 7,365.60 ",2011-09-11
3555,Legal,Director,PhD,37,M," R$ 16,713.27 ",2013-07-01
3556,Logistics,Specialist,Master,44,F," R$ 7,998.69 ",2023-01-26
3557,Finance,Specialist,Master,45,M," R$ 18,828.74 ",2023-02-08
3558,Legal,Assistant,High School,30,M," R$ 14,996.30 ",25/12/2014
3559,IT,Analyst,Bachelor,40,M," R$ 13,258.69 ",2021-03-30
3560,HR,Assistant,High School,48,F," R$ 7,780.80 ",2011-02-08
3561,HR,Director,PhD,61,M," R$ 8,990.42 ",2022-01-30
3562,Logistics, ,Bachelor,52,F," R$ 8,485.66 ",2017-10-07
3563,Finance,Manager,Master,22,F," R$ 14,497.45 ",2010-12-18
3564,Finance,Assistant,High School,34, ," R$ 17,871.51 ",2020-04-02
3565,Logistics,Analyst,Bachelor,25,F," R$ 5,441.25 ",2023-05-19
3566,HR,Assistant,High School,46,F," R$ 7,037.79 ",2014-07-16
3567,IT,Analyst,Bachelor,31,M," R$ 12,247.46 ",25/11/2017
3568,HR,Director,PhD,44,F," R$ 7,286.83 ",2020-05-08
3569,Finance,Assistant,High School,64,F," R$ 23,311.77 ",2016-10-28
3570,Legal,Specialist,Master,51,F," R$ 20,947.13 ",2011-11-24
3571,Operations,,Bachelor,35,M," R$ 9,176.37 ",2021-06-07
3572,Operations,Assistant,High School,53,F," R$ 9,562.83 ",2016-04-06
3573,Marketing,Manager,Master,51,M," R$ 10,996.07 ",2010-05-30
3574,Operations,Assistant,High School,26,F," R$ 7,859.80 ",2017-08-11
3575,Finance,Manager,Master,36,M," R$ 16,855.09 ",2021-04-24
3576, ,Technician,Technical Diploma,38,F," R$ 7,982.07 ",05/03/2018
3577,Marketing,Manager,Master,54,F," R$ 11,314.70 ",23/04/2017
3578, ,,Bachelor,33,M, ,2014-09-08
3579,HR,Coordinator, ,46,M," R$ 8,508.58 ",2014-12-09
3580,Logistics,Manager,Master,40,F," R$ 7,292.17 ",2016-01-01
3581,Marketing,Analyst,Bachelor,44,F," R$ 10,336.70 ",2018-12-10
3582,Marketing,Manager,Master,60,M," R$ 11,464.21 ",2018-01-19
3583,Logistics,Technician,Technical Diploma,26,M," R$ 5,419.87 ",15/01/2013
3584,Finance,Specialist,Master,61,M," R$ 25,285.77 ",2018-10-27
3585,Legal,Manager,Master,42,F," R$ 14,992.13 ",2018-05-28
3586,HR,Coordinator,Bachelor,57,M," R$ 9,536.28 ",2023-03-01
3587,Finance,Technician,Technical Diploma,35,M," R$ 19,399.23 ",2015-12-18
3588,HR,Director,PhD,27,F," R$ 6,293.33 ",01/05/2015
3589,Finance,Coordinator,Bachelor,40,F," R$ 21,956.92 ",2017-02-08
3590,Operations,Analyst,Bachelor,25,F," R$ 7,620.51 ",27/10/2022
3591,IT,Assistant,High School,45,F," R$ 15,264.74 ",09/05/2023
3592,Finance,Technician,Technical Diploma,47,M," R$ 20,390.36 ",2019-02-19
3593,HR,Technician,Technical Diploma,63,F," R$ 19,117.32 ",2012-09-23
3594,Finance,Director,PhD,40,M,,17/08/2013
3595,Marketing,Coordinator,Bachelor,53,F," R$ 11,694.26 ",2020-07-27
3596,HR,Analyst,Bachelor,63,M," R$ 10,415.58 ",2019-10-07
3597,Operations, ,Bachelor,56,M," R$ 9,642.41 ",2023-11-14
3598,Finance,Technician,Technical Diploma,61,F," R$ 23,692.18 ",2021-04-18
3599,HR,Analyst,Bachelor,63,F," R$ 10,717.94 ",2014-07-25
3600,Finance,Manager,Master,23,F," R$ 12,838.28 ",2018-09-21
3601,Legal,Analyst,Bachelor,54,M," R$ 19,160.00 ",2011-01-29
3602,IT,Manager,Master,31,M," R$ 12,640.08 ",2014-02-09
3603,Marketing,Technician, ,54,F," R$ 11,556.58 ",03/11/2020
3604,Marketing,Manager,Master,44,M," R$ 10,990.64 ",2020-07-01
3605,HR,Specialist,Master,55,F," R$ 10,293.12 ",2022-03-01
3606,Legal,Manager,Master,63,F," R$ 20,766.37 ",2012-02-02
3607,IT,Director,PhD,57,M," R$ 17,796.31 ",2016-09-30
3608,HR,Technician,Technical Diploma,51,M," R$ 8,797.72 ",2021-02-02
3609,Finance,Analyst,Bachelor,60,F," R$ 26,429.11 ",2010-05-19
3610,Logistics,Analyst,Bachelor,26,F," R$ 6,323.58 ",2022-11-19
3611,IT,Technician,Technical Diploma,42,F,,2016-05-16
3612,Operations,Specialist,Master,37,M," R$ 9,146.58 ",2022-10-07
3613,Marketing,Manager,Master,28,M," R$ 9,746.84 ",2013-10-07
3614,HR,Coordinator,Bachelor,30,F," R$ 7,138.31 ",18/03/2017
3615,HR,Assistant,High School,62,M," R$ 9,873.43 ",2020-04-01
3616,Finance,Director,PhD,64,F," R$ 30,162.25 ",08/04/2017
3617,HR,Analyst,Bachelor,45,F," R$ 7,598.87 ",19/06/2014
3618,HR,Technician,Technical Diploma,47,M," R$ 7,984.34 ",2014-10-01
3619,HR,Analyst,Bachelor,53,F," R$ 10,010.70 ",06/07/2013
3620,Legal,Assistant,High School,64,," R$ 22,223.05 ",13/09/2010
3621,Marketing,Specialist,,48,F," R$ 10,456.71 ",2020-02-26
3622,IT,Assistant,High School,62,M," R$ 16,394.98 ",08/07/2015
3623,Logistics,Coordinator,Bachelor,40,F," R$ 6,268.64 ",2017-10-06
3624,Legal,,Bachelor,29,F, ,2018-03-13
3625,Marketing,Manager,Master,58,M," R$ 13,286.35 ",2014-07-05
3626,Logistics,Manager,Master,27,M," R$ 5,792.56 ",2015-09-02
3627,HR,Analyst,Bachelor,40,M," R$ 8,513.31 ",02/01/2010
3628,Finance,Technician,Technical Diploma,64,F," R$ 18,376.40 ",2012-02-25
3629,IT,Analyst,Bachelor,44,F," R$ 14,506.76 ",2020-04-27
3630,Logistics,Manager,Master,23,M," R$ 5,115.16 ",2018-02-06
3631,Finance,Technician,Technical Diploma,24,F," R$ 14,848.54 ",04/05/2019
3632,Operations,Specialist,Master,23,M," R$ 6,985.87 ",2015-02-18
3633,IT,Manager,Master,34,M," R$ 13,726.73 ",2011-07-20
3634,Finance,Manager,Master,53,F," R$ 24,424.74 ",2018-07-15
3635,HR,Director,PhD,64,F," R$ 10,919.94 ",2017-03-02
3636,HR,Manager,Master,46,F," R$ 8,642.45 ",2012-12-06
3637,Marketing,Director,PhD,64,," R$ 15,281.37 ",25/07/2011
3638,HR,Director,PhD,34,F," R$ 7,068.42 ",2016-06-24
3639,Legal,Coordinator,Bachelor,51,M," R$ 19,491.28 ",2015-11-02
3640,Logistics,,Master,40,M," R$ 6,240.16 ",2012-05-13
3641,Marketing,Manager,Master,45,F," R$ 11,431.10 ",2014-08-12
3642,Finance,Analyst,Bachelor,54,F," R$ 25,841.54 ",28/09/2013
3643, ,Director,PhD,34,M," R$ 7,668.51 ",2010-07-01
3644,Legal,Manager,Master,52,M," R$ 22,038.04 ",12/10/2018
3645,Finance,Technician,Technical Diploma,59,M," R$ 26,225.97 ",2011-07-04
3646,Legal,Coordinator,Bachelor,29,M," R$ 13,964.16 ",05/02/2017
3647,Logistics,Director,PhD,51,M," R$ 8,116.38 ",2011-10-15
3648,Marketing,,PhD,40,F," R$ 9,658.01 ",2011-10-10
3649,IT,Coordinator,Bachelor,53,M," R$ 15,243.67 ",03/07/2023
3650,Finance,Specialist,Master,51,F," R$ 21,981.77 ",2019-12-03
3651,Finance,Director,PhD,59,M,,21/06/2010
3652,IT,Technician,Technical Diploma,38,F," R$ 14,378.55 ",2016-09-15
3653,HR,Assistant,High School,55,F," R$ 9,305.06 ",2010-09-17
3654,Logistics,Specialist,Master,37,M," R$ 6,672.37 ",2018-12-24
3655,Legal,Assistant,High School,58,M," R$ 20,877.29 ",26/03/2017
3656,HR,Specialist,Master,27,M," R$ 6,369.58 ",2010-12-28
3657,Marketing,Manager,Master,23,F," R$ 7,234.79 ",17/02/2020
3658,IT,Specialist,Master,26,F," R$ 10,752.53 ",2017-06-21
3659,Marketing,Assistant,High School,63,F," R$ 12,688.88 ",2020-06-05
3660,HR, ,Technical Diploma,40,M," R$ 7,364.98 ",2022-04-04
3661,IT,Technician,Technical Diploma,22,M," R$ 11,157.04 ",02/11/2010
3662,IT,Analyst,Bachelor,59,F," R$ 18,449.31 ",2013-12-28
3663,HR,Director,PhD,46,F,,2022-08-17
3664,Marketing,Director,,37,M," R$ 10,844.28 ",2014-12-16
3665,IT,Coordinator,Bachelor,51,F," R$ 15,231.20 ",2010-05-21
3666,Finance,Coordinator,Bachelor,51,M," R$ 18,577.41 ",2016-04-17
3667,Legal,Assistant,High School,31,M," R$ 13,900.11 ",29/05/2020
3668,HR,Analyst,Bachelor,61,M," R$ 10,650.06 ",2010-06-05
3669,Operations,Technician,Technical Diploma,45,F," R$ 9,010.10 ",2011-02-24
3670,Legal,Director,PhD,42,F," R$ 19,710.26 ",2021-01-21
3671,Finance,Director,PhD,60,F," R$ 23,266.64 ",2017-03-16
3672,Finance,Specialist,Master,36,M," R$ 20,333.39 ",2014-08-13
3673,Logistics,Assistant,High School,26,F," R$ 5,840.63 ",2022-07-03
3674,Legal,Specialist,Master,57,F," R$ 19,828.24 ",2011-08-02
3675,Legal,Director,PhD,63,M," R$ 22,657.21 ",2013-07-31
3676,IT,Coordinator,Bachelor,43,F," R$ 14,038.68 ",2017-04-18
3677,Finance,Assistant,High School,29,M," R$ 17,981.62 ",2013-07-24
3678,HR,Technician,Technical Diploma,52,F," R$ 7,811.13 ",2011-12-02
3679, ,Assistant,High School,22, ," R$ 7,100.34 ",2023-05-30
3680,Operations,Specialist,Master,41,M," R$ 9,905.84 ",2010-03-11
3681,Marketing,Director,PhD,49,F," R$ 11,126.19 ",2013-07-01
3682,Legal,Director,PhD,52,F," R$ 17,051.74 ",2015-09-18
3683, ,Coordinator,Bachelor,45,," R$ 6,354.20 ",2011-08-01
3684,HR,Specialist,Master,28,M," R$ 6,886.97 ",2019-03-25
3685,Legal,Manager,Master,23,F," R$ 15,172.15 ",2020-12-15
3686,Operations,Assistant,High School,30,," R$ 7,892.03 ",2015-11-14
3687, ,Specialist,Master,40,F,,2022-02-20
3688,Legal,Coordinator,Bachelor,62,M," R$ 16,658.31 ",2023-08-02
3689,Operations,Manager,Master,46,F," R$ 10,177.11 ",2017-04-01
3690,IT,Technician,Technical Diploma,44,M," R$ 14,137.29 ",2017-02-15
3691,Finance,Analyst,Bachelor,31,F," R$ 18,701.80 ",11/02/2013
3692,Logistics,Director,PhD,44,M," R$ 7,616.62 ",2020-03-19
3693,IT,Assistant,High School,54,F," R$ 14,632.62 ",2015-06-06
3694,Logistics,Director,PhD,64,M," R$ 8,797.96 ",2023-08-02
3695,IT,Director,PhD,40,M," R$ 16,729.14 ",06/08/2012
3696,Marketing,Manager,Master,55,F," R$ 13,304.52 ",2012-04-09
3697,HR,Analyst,Bachelor,58,M," R$ 9,990.76 ",2018-07-11
3698,HR,Specialist,Master,24,M," R$ 6,017.56 ",2017-01-24
3699,Legal,Assistant,High School,28,M," R$ 14,142.72 ",2022-02-10
3700,HR,Assistant,High School,64,F," R$ 9,957.71 ",2013-01-07
3701,Operations,Coordinator,Bachelor,22,F," R$ 7,312.34 ",2017-02-03
3702,Legal,Analyst,Bachelor,57,M," R$ 23,239.88 ",2021-02-04
3703,Legal,Manager,Master,22,M," R$ 12,474.03 ",23/03/2021
3704,Operations,Technician,Technical Diploma,62,M," R$ 11,768.82 ",2018-11-10
3705,Operations,Technician,Technical Diploma,51,M," R$ 10,961.65 ",2013-07-10
3706,IT,Assistant,,53,F," R$ 15,213.99 ",2023-05-07
3707,Logistics,Coordinator,Bachelor,40,F," R$ 7,099.70 ",2014-12-04
3708,HR,Assistant,High School,31,F," R$ 7,464.35 ",2010-06-26
3709,Logistics,Technician,Technical Diploma,54, ," R$ 8,225.25 ",2019-05-14
3710,Logistics,Manager,Master,25,M," R$ 4,810.44 ",2014-03-02
3711,Operations,Director, ,41,M," R$ 9,864.60 ",2010-04-20
3712,HR,Analyst,Bachelor,36,M," R$ 7,648.22 ",2021-06-11
3713,Logistics,,Technical Diploma,62,F, ,2013-08-17
3714,Legal,Technician,Technical Diploma,51,F," R$ 20,353.67 ",2014-08-20
3715,Logistics,Coordinator, ,28,F," R$ 6,001.03 ",2020-07-04
3716,Finance,Specialist,Master,59,F," R$ 23,754.40 ",10/01/2020
3717,Logistics,Coordinator,Bachelor,62,M," R$ 9,442.42 ",11/05/2013
3718,HR,Assistant,High School,39,F," R$ 8,218.14 ",2015-01-05
3719,HR,Specialist,Master,51,M," R$ 9,204.10 ",2018-06-12
3720,Logistics,Coordinator,Bachelor,29,F," R$ 5,275.21 ",2010-09-23
3721,Operations,Assistant,High School,42,F," R$ 9,179.12 ",2013-06-27
3722,Operations,Analyst,Bachelor,28,M," R$ 8,746.79 ",2021-10-06
3723,Legal,Manager,Master,26,F," R$ 12,785.78 ",2010-03-03
3724,Operations,Technician,Technical Diploma,53,M," R$ 10,027.05 ",2010-12-19
3725,HR,Coordinator,Bachelor,37,M," R$ 7,188.53 ",2018-05-06
3726,IT,Director,PhD,61,F," R$ 15,984.71 ",2017-02-26
3727,Logistics,Coordinator,Bachelor,47,M," R$ 7,630.63 ",20/01/2011
3728,Legal,Analyst,Bachelor,48,M," R$ 19,694.67 ",2023-02-28
3729,Logistics,Specialist,Master,60,M," R$ 8,640.12 ",2013-11-14
3730,Operations,Coordinator,Bachelor,49,F," R$ 10,175.38 ",2014-01-15
3731,Marketing,Technician,Technical Diploma,54,F," R$ 13,112.49 ",2019-02-20
3732,Legal,Director,PhD,23,F," R$ 13,182.26 ",2023-09-29
3733,HR,Analyst,Bachelor,62,F," R$ 8,068.75 ",2021-01-08
3734,Logistics,Technician, ,36,M," R$ 5,479.51 ",2010-06-17
3735,Operations,Coordinator,Bachelor,60,F," R$ 11,683.19 ",2017-07-30
3736,IT,Assistant,High School,28,F," R$ 11,594.95 ",2011-08-15
3737,Legal,Coordinator,Bachelor,41, ," R$ 15,665.06 ",2017-05-31
3738,Legal,Technician,Technical Diploma,34,M," R$ 14,289.46 ",2015-09-29
3739,Logistics,Assistant,High School,53, ," R$ 8,369.76 ",2012-06-20
3740,Logistics,Manager,Master,50, ," R$ 6,923.50 ",2012-04-23
3741,Legal,Assistant,High School,25,F," R$ 13,700.49 ",2018-01-01
3742,IT,Analyst,Bachelor,40,M," R$ 12,992.69 ",20/12/2017
3743,Operations,Technician,Technical Diploma,31,F," R$ 8,383.59 ",2016-10-30
3744,Operations,Technician,Technical Diploma,57,F," R$ 9,359.72 ",2022-09-28
3745,Marketing,Technician,Technical Diploma,33,F," R$ 10,137.28 ",2015-08-18
3746,Logistics,Assistant,High School,43,F," R$ 7,599.21 ",2022-11-19
3747,Finance,Assistant,,48,F," R$ 20,481.02 ",2017-03-24
3748,Legal,Technician,Technical Diploma,56,F," R$ 20,956.88 ",2021-02-22
3749,HR,Director, ,61,M," R$ 9,203.18 ",2013-04-15
3750,Finance,Technician,Technical Diploma,38,M," R$ 19,658.29 ",2016-09-29
3751,Legal,Analyst,Bachelor,27,F," R$ 12,762.20 ",2023-10-16
3752,Operations,Coordinator,Bachelor,64,F," R$ 11,126.15 ",2018-09-07
3753,Logistics,Specialist,Master,35,F," R$ 5,769.58 ",2019-01-16
3754,Finance,Director,PhD,54,M," R$ 23,330.08 ",03/06/2012
3755,Operations,Coordinator,Bachelor,49,F," R$ 10,916.83 ",17/12/2019
3756,IT,Analyst,Bachelor,59,M," R$ 14,374.63 ",2010-04-20
3757,Logistics,Coordinator,Bachelor,28,F," R$ 5,585.57 ",2023-09-30
3758, ,Director,PhD,32,F," R$ 17,259.63 ",2022-06-07
3759,Finance,Analyst,Bachelor,54,M," R$ 22,659.21 ",2010-04-14
3760,Legal,Assistant,High School,24,F," R$ 13,820.18 ",2012-01-19
3761,IT,Technician,Technical Diploma,43,F, ,06/06/2013
3762,Finance,Technician,,34,F," R$ 16,674.94 ",2014-04-03
3763,Legal,Assistant,High School,50,," R$ 18,359.15 ",2018-04-17
3764,Finance,Assistant,High School,27,F," R$ 17,125.55 ",2020-06-03
3765,Logistics,,Bachelor,63,M," R$ 8,373.61 ",2017-02-09
3766,HR,Assistant, ,60,M," R$ 10,220.22 ",2019-03-20
3767,IT,Specialist,Master,64,F," R$ 16,204.17 ",23/11/2023
3768,Marketing,Coordinator,Bachelor,49,M," R$ 10,991.11 ",2013-07-12
3769,Marketing,Specialist,Master,36,F," R$ 9,124.30 ",2016-04-14
3770,Finance,Technician,Technical Diploma,45,M," R$ 17,240.47 ",21/12/2017
3771,Legal,Specialist,Master,64,F," R$ 18,280.10 ",2010-08-25
3772,IT,Analyst,Bachelor,47,F," R$ 15,878.70 ",2017-04-01
3773,Marketing,Specialist,Master,22,M," R$ 8,544.79 ",03/11/2021
3774,IT,Director,PhD,47,M," R$ 14,060.57 ",2021-06-27
3775,Operations,Director,PhD,52,F," R$ 10,444.89 ",2017-02-06
3776,Legal, ,Master,44,F," R$ 14,497.79 ",2023-12-26
3777,Marketing,Analyst,Bachelor,53,M," R$ 13,235.46 ",2022-01-03
3778,Legal,,Technical Diploma,22,M," R$ 10,675.13 ",06/01/2021
3779,Operations,Technician,Technical Diploma,39,F," R$ 9,129.25 ",20/08/2012
3780,Logistics,Coordinator,Bachelor,38,F," R$ 6,532.25 ",2012-12-28
3781,Marketing,,Master,49,M," R$ 11,717.65 ",2021-03-21
3782,Logistics,Coordinator,Bachelor,22,F," R$ 4,709.42 ",2016-08-19
3783,Marketing,Technician,Technical Diploma,57,M," R$ 13,081.69 ",2012-07-24
3784,Finance,Assistant,High School,26,M," R$ 15,446.67 ",22/04/2014
3785,Operations,Analyst,Bachelor,26,," R$ 8,044.17 ",2020-07-09
3786,HR,Analyst,Bachelor,23,F," R$ 6,439.27 ",2019-04-11
3787, ,Technician,Technical Diploma,32,F," R$ 7,728.24 ",2012-05-19
3788,HR,Assistant,High School,56,F," R$ 8,551.39 ",09/03/2014
3789,Finance,,Master,51,F," R$ 22,475.18 ",2013-12-19
3790,HR,,PhD,53,M," R$ 8,705.77 ",2023-12-25
3791,Logistics,Specialist,Master,29,M," R$ 5,163.56 ",2016-06-18
3792,IT,Assistant,High School,23,F," R$ 9,349.04 ",2010-10-05
3793, ,Technician, ,57,F," R$ 11,790.58 ",2012-04-03
3794,Legal,Manager,Master,60,F," R$ 20,066.85 ",2014-10-05
3795,Legal,Manager, ,46,F," R$ 17,750.45 ",2017-05-11
3796,IT,Analyst,Bachelor,40,F," R$ 12,208.43 ",2016-07-17
3797,Legal,Manager,Master,28,F," R$ 13,785.26 ",2020-11-04
3798,Marketing,,Master,61,M," R$ 12,303.69 ",2021-06-14
3799,IT,Assistant,High School,35,F," R$ 12,748.91 ",2019-09-02
3800,Logistics,Technician,Technical Diploma,25,F," R$ 5,504.57 ",2010-07-28
3801,Finance,Assistant,High School,54,F," R$ 23,661.23 ",2017-05-30
3802,IT,Analyst,Bachelor,58,M," R$ 13,576.84 ",2016-01-16
3803,HR,,PhD,64,M," R$ 9,697.11 ",2014-09-03
3804,Legal,Coordinator,Bachelor,51,F," R$ 19,758.65 ",21/03/2015
3805,Marketing,Manager,Master,41,F," R$ 10,192.26 ",2015-07-18
3806,Marketing,Analyst,Bachelor,35,M," R$ 10,135.48 ",2018-07-21
3807,Marketing,Technician,Technical Diploma,48,F," R$ 12,063.42 ",2017-12-24
3808,Marketing,Director,PhD,34,F," R$ 10,572.51 ",2013-04-29
3809,Operations,Director,PhD,28,F," R$ 7,649.75 ",2011-03-08
3810,Operations,Manager,Master,39,F," R$ 8,895.67 ",2014-07-09
3811,IT,Coordinator,Bachelor,59,F," R$ 19,130.99 ",07/02/2018
3812,Legal,Coordinator,Bachelor,60, ," R$ 20,284.71 ",2019-04-05
3813,Marketing,Coordinator,Bachelor,30,M, ,2019-04-03
3814,Marketing,Assistant,High School,44,M," R$ 11,343.01 ",2015-05-04
3815,Marketing,Technician,Technical Diploma,52,F,,2019-08-03
3816,Operations,Coordinator,Bachelor,23,F," R$ 7,134.75 ",2012-12-22
3817,,Analyst,Bachelor,61,F," R$ 9,864.53 ",2010-08-03
3818,HR,Coordinator, ,59,F," R$ 9,617.98 ",13/06/2018
3819,Marketing,Manager,Master,62,M, ,2021-04-20
3820,HR,Technician,Technical Diploma,60,M," R$ 9,222.32 ",09/10/2010
3821,Operations,Analyst,Bachelor,26,F," R$ 7,370.07 ",2014-10-29
3822,Legal,Assistant,High School,44, ," R$ 20,583.02 ",2023-01-10
3823,IT,Manager,Master,53,M," R$ 15,783.07 ",2016-02-27
3824,Finance,Analyst,Bachelor,60,M," R$ 24,387.30 ",2014-09-26
3825,HR,Analyst,Bachelor,37,M," R$ 7,023.08 ",2016-05-04
3826,Operations,Technician,Technical Diploma,32,M," R$ 7,697.98 ",2017-12-12
3827,Operations,Technician,Technical Diploma,35,M," R$ 8,745.69 ",2021-01-22
3828,Logistics,Specialist,Master,24,M," R$ 4,759.07 ",2011-08-19
3829,IT,Director,PhD,29,F," R$ 10,483.74 ",2019-01-07
3830,Legal,Manager,Master,36,F," R$ 16,498.52 ",17/01/2015
3831,Finance,Technician,Technical Diploma,30,M," R$ 18,089.75 ",2013-07-06
3832,,Technician,,37,M," R$ 6,663.10 ",2022-12-22
3833,Legal,Technician,Technical Diploma,47,F," R$ 17,013.26 ",12/04/2022
3834,Legal,Analyst,Bachelor,53,F," R$ 22,143.29 ",2013-08-27
3835,Logistics,Manager,Master,39,F," R$ 5,954.64 ",2010-02-26
3836,IT,Technician,Technical Diploma,29,M," R$ 11,204.95 ",13/07/2011
3837,IT,Director,PhD,60,F," R$ 15,095.60 ",22/08/2022
3838,Legal,Analyst,Bachelor,53,F," R$ 19,327.01 ",2020-07-03
3839,Logistics,Specialist,Master,31,F, ,2010-08-24
3840,HR,Manager,Master,33,F," R$ 7,724.62 ",2021-10-19
3841,Finance,Analyst,Bachelor,33,F," R$ 18,134.94 ",2020-12-07
3842,Marketing,Manager,Master,31,," R$ 9,637.92 ",2012-08-05
3843,Operations,Technician,Technical Diploma,55,F," R$ 11,950.08 ",2017-07-15
3844,IT,Director,PhD,51,," R$ 13,851.18 ",2021-08-20
3845,HR, ,Master,52,M," R$ 8,261.98 ",2022-08-01
3846,Operations,Specialist,Master,59,M,,2018-11-25
3847,IT,Coordinator,Bachelor,46,F," R$ 14,142.57 ",2013-06-20
3848,Legal,Director,PhD,45,F," R$ 16,084.78 ",2020-02-08
3849,IT,Specialist,Master,54,M," R$ 14,140.66 ",06/05/2016
3850,Logistics,Specialist,Master,30,F," R$ 6,016.76 ",2015-10-17
3851,Marketing,Technician,Technical Diploma,46,M," R$ 11,758.92 ",01/10/2017
3852,Marketing,Manager,Master,41,F," R$ 10,312.82 ",2018-01-27
3853,HR,Analyst,Bachelor,38,M,,22/10/2014
3854,Logistics,Specialist,Master,27,F," R$ 5,868.46 ",17/10/2020
3855,Legal,Director,PhD,57,F," R$ 20,322.07 ",14/07/2017
3856,Marketing,Coordinator,Bachelor,62,M,,2023-06-17
3857,Legal,Analyst, ,41,M," R$ 17,756.54 ",28/07/2016
3858,IT,Coordinator,Bachelor,47,F," R$ 13,143.73 ",2011-09-04
3859,HR,Coordinator,Bachelor,61,F," R$ 9,639.95 ",2022-01-30
3860,HR,Analyst,Bachelor,33,F," R$ 6,791.85 ",2012-08-11
3861,Marketing,Specialist,Master,28,M," R$ 8,344.56 ",2010-04-26
3862,Logistics,Technician,Technical Diploma,61,F," R$ 9,737.87 ",2014-01-22
3863,IT,Manager,Master,51,F," R$ 14,192.37 ",2018-03-18
3864,Operations,Technician,Technical Diploma,43,M,,2016-02-13
3865,Logistics,Analyst,Bachelor,63,F, ,2017-02-08
3866,Finance,Technician,Technical Diploma,50,M," R$ 22,324.60 ",2014-03-31
3867,Legal,Assistant,High School,43,M," R$ 16,537.82 ",2018-10-05
3868,HR,Manager,Master,45,M," R$ 8,551.11 ",2020-01-12
3869,Legal,Specialist,Master,24,M," R$ 12,160.02 ",31/10/2016
3870,IT,Coordinator,Bachelor,62,M," R$ 17,479.64 ",2022-10-22
3871,Marketing,Assistant,High School,45,F," R$ 10,770.11 ",2012-05-31
3872,Legal,,,47,M," R$ 22,000.41 ",04/09/2019
3873,Logistics,Coordinator,Bachelor,26,F," R$ 5,098.25 ",2018-05-03
3874,Logistics,Analyst,Bachelor,34,F," R$ 6,324.45 ",2016-12-23
3875,Marketing,Assistant,High School,58,F," R$ 12,740.54 ",2015-11-19
3876,HR,Coordinator,Bachelor,43,F," R$ 7,937.72 ",2015-08-22
3877,Legal,,Bachelor,55,, ,2014-09-25
3878,Operations,Assistant,High School,60,F," R$ 12,429.10 ",2013-12-27
3879,,Technician,Technical Diploma,24,M," R$ 4,892.96 ",2015-05-03
3880,Marketing,Technician,Technical Diploma,53,M," R$ 13,644.36 ",2013-12-16
3881,Operations,Manager,Master,45,M," R$ 10,356.91 ",2012-03-23
3882,Marketing,Director,PhD,30,M," R$ 9,441.51 ",2023-03-01
3883, ,Manager,Master,24,F," R$ 4,952.54 ",2014-02-28
3884,HR,Manager,Master,43,M," R$ 9,050.19 ",2012-12-12
3885, ,Assistant,High School,45,F," R$ 8,301.48 ",2015-01-10
3886,Logistics,Analyst,Bachelor,59,M," R$ 9,244.22 ",24/09/2010
3887,HR,Analyst,Bachelor,31,M," R$ 7,318.39 ",2010-10-02
3888,Operations,Assistant,High School,56,F," R$ 10,927.32 ",2012-09-20
3889, ,Technician,Technical Diploma,41,M," R$ 18,970.03 ",10/08/2023
3890,HR,Analyst,Bachelor,62,F," R$ 10,462.22 ",2011-11-12
3891,Legal,Analyst,Bachelor,33,M," R$ 14,595.63 ",20/02/2014
3892,IT,Coordinator,Bachelor,64,F," R$ 15,988.97 ",2013-07-02
3893,Operations,Specialist,Master,33,M," R$ 8,231.17 ",2019-09-19
3894,HR,Technician, ,38,," R$ 7,123.95 ",2022-05-28
3895,Legal,Assistant,High School,25,M," R$ 13,469.46 ",2013-05-24
3896,Operations,Coordinator,Bachelor,63,M," R$ 10,728.40 ",2011-11-23
3897,IT, , ,29,F," R$ 13,152.17 ",2022-02-21
3898,Legal,Assistant,High School,28,F," R$ 14,937.09 ",2020-08-18
3899,Legal,Assistant,High School,39,F," R$ 14,527.99 ",2014-01-24
3900,Legal,Coordinator,Bachelor,47,M," R$ 16,553.36 ",2012-09-10
3901,Marketing,Technician,Technical Diploma,52,F,,2021-05-18
3902,Marketing,Technician,Technical Diploma,29,F," R$ 8,192.80 ",19/12/2011
3903,,Coordinator,Bachelor,55,M," R$ 12,408.56 ",2014-11-13
3904,IT,Manager,Master,37,F," R$ 11,673.74 ",2020-10-28
3905,Logistics,Assistant,High School,41,F," R$ 7,091.28 ",2010-08-04
3906,Marketing, ,Technical Diploma,31,M," R$ 9,750.01 ",2010-08-24
3907,HR,Manager,Master,26,F," R$ 6,586.38 ",2012-08-18
3908,Logistics,Analyst,Bachelor,32,F," R$ 6,119.51 ",2022-01-04
3909,Operations,Specialist,Master,59,M," R$ 10,673.20 ",2021-12-30
3910,Marketing,Assistant,High School,60,M," R$ 13,567.77 ",18/02/2015
3911,IT,Analyst,Bachelor,43,M," R$ 14,740.54 ",2013-04-04
3912,Logistics,Assistant,High School,32,M," R$ 5,918.34 ",11/11/2019
3913,IT,Director,PhD,39,F," R$ 13,295.27 ",2015-12-25
3914,IT,Assistant,High School,39,F," R$ 12,129.86 ",2012-05-19
3915,Logistics,Manager,Master,52,F," R$ 8,213.20 ",2014-04-02
3916,Operations, ,Bachelor,41,M," R$ 9,880.38 ",01/06/2022
3917,Operations,Technician,Technical Diploma,44,F," R$ 9,954.74 ",2017-01-18
3918,,Coordinator,Bachelor,61,F," R$ 21,748.00 ",2020-09-29
3919,Finance,Specialist,Master,31,F," R$ 15,812.44 ",22/08/2013
3920,HR,Manager,Master,38,M," R$ 7,913.00 ",2021-05-27
3921, ,Coordinator,Bachelor,62,F," R$ 15,108.62 ",2018-10-02
3922,Marketing,Technician,Technical Diploma,29,M," R$ 7,435.60 ",2012-10-14
3923, ,,PhD,52,F," R$ 19,408.79 ",2019-01-13
3924,Marketing,Coordinator,Bachelor,61,M," R$ 13,726.01 ",2017-11-24
3925,Legal,Analyst,Bachelor,47,M," R$ 17,554.77 ",11/12/2018
3926,Marketing,Technician,Technical Diploma,63,F," R$ 14,949.85 ",2013-05-02
3927,Marketing, ,Bachelor,30,F," R$ 8,615.60 ",2016-05-10
3928,HR,Technician,Technical Diploma,53,F," R$ 8,369.71 ",2023-09-23
3929,Logistics,Manager,Master,44,M," R$ 7,701.64 ",2011-03-11
3930,Legal,Assistant,High School,53,F," R$ 19,629.93 ",2012-09-06
3931,Finance,Technician,Technical Diploma,57,M," R$ 21,701.77 ",2010-12-06
3932,Finance,Director,PhD,26,M," R$ 16,703.67 ",2011-11-03
3933,,Coordinator,Bachelor,22,M," R$ 5,682.72 ",19/05/2012
3934,Operations,Analyst,Bachelor,52,F," R$ 10,115.74 ",2020-12-27
3935,Legal,Manager,Master,52,F," R$ 17,773.28 ",2010-06-17
3936,HR,Analyst,Bachelor,30,F," R$ 6,744.66 ",2021-02-18
3937,Legal,Analyst,Bachelor,54,F," R$ 17,900.19 ",2020-07-12
3938,HR,Technician,Technical Diploma,56,F," R$ 9,834.99 ",2016-09-17
3939,Finance,Coordinator,Bachelor,47,F,,2018-05-19
3940,Logistics,Coordinator,Bachelor,23,M," R$ 4,915.47 ",2020-05-20
3941,HR,Coordinator,Bachelor,55,M," R$ 8,383.48 ",2012-11-17
3942,Legal,Specialist,Master,38,M," R$ 16,212.87 ",2015-06-06
3943,Operations,Manager,,27,M," R$ 7,061.59 ",2020-11-01
3944,HR,Director,PhD,58,M,,2011-04-06
3945,Operations,Coordinator,Bachelor,52,M," R$ 9,778.09 ",2019-05-03
3946,IT,Specialist,Master,49,F," R$ 16,353.91 ",2012-10-17
3947,HR,Coordinator,Bachelor,42,F," R$ 8,444.34 ",2022-12-26
3948,Marketing,Coordinator,Bachelor,32,F,,20/06/2011
3949,Legal,Manager,Master,62,F," R$ 22,094.88 ",2020-02-16
3950,Operations,Analyst,Bachelor,57,F," R$ 11,846.36 ",2023-01-19
3951,IT,Coordinator,Bachelor,60,M," R$ 17,338.40 ",2021-02-13
3952,Finance,Coordinator,Bachelor,48,F," R$ 20,958.78 ",2015-09-30
3953,HR,Manager,Master,41,F," R$ 8,160.77 ",2019-01-10
3954,Legal,Director,PhD,41,M," R$ 17,658.74 ",2011-02-21
3955,Legal,Technician,Technical Diploma,23,M," R$ 13,849.02 ",2022-04-18
3956,Operations,Coordinator,Bachelor,58,M," R$ 31,134.81 ",28/04/2022
3957,Logistics,,Master,48,M," R$ 7,819.37 ",2021-09-29
3958,Operations,Specialist,Master,39,M," R$ 10,946.06 ",2016-06-08
3959,Logistics,Coordinator, ,34,F, ,2016-12-31
3960,HR,Manager,Master,39,M," R$ 7,383.00 ",2013-01-20
3961,Finance,Technician,Technical Diploma,32,M," R$ 18,057.48 ",23/04/2011
3962,Finance,Assistant,High School,35,F," R$ 20,290.86 ",2023-10-31
3963,Marketing,Director,PhD,25,F," R$ 8,718.27 ",2021-06-19
3964,Finance,Assistant,High School,60,M," R$ 25,450.67 ",2017-12-10
3965,Finance,Manager,Master,34,M," R$ 18,803.20 ",2019-06-27
3966,Logistics,Technician,Technical Diploma,40,F," R$ 6,576.92 ",2016-07-27
3967,HR,Technician,Technical Diploma,64,M," R$ 10,001.90 ",2013-11-11
3968,Operations, ,Technical Diploma,60, ," R$ 10,867.16 ",2013-12-25
3969,Operations,Technician,Technical Diploma,46, ," R$ 10,087.30 ",2019-04-28
3970,Legal,Coordinator,Bachelor,36,F," R$ 17,561.56 ",22/12/2019
3971,Finance,Specialist,Master,41,F," R$ 19,322.33 ",29/04/2015
3972,Logistics,Director,PhD,38,M," R$ 5,328.61 ",2017-09-11
3973,HR,Specialist,Master,22,M," R$ 5,153.00 ",01/02/2017
3974,Logistics,Manager,Master,50,F," R$ 8,750.73 ",2012-01-23
3975,IT,Director,PhD,40,F," R$ 13,812.70 ",03/02/2022
3976,Finance,Manager,Master,51,M," R$ 21,484.27 ",2014-02-04
3977,IT,Specialist,Master,46, ," R$ 14,541.18 ",2013-05-24
3978,Marketing,Technician,Technical Diploma,49,M," R$ 12,166.42 ",01/02/2022
3979,HR,Director,PhD,58,F,,2022-05-26
3980,Marketing,Assistant,High School,63,F," R$ 13,697.55 ",2018-04-21
3981,HR,Director,PhD,32,M," R$ 7,689.55 ",2018-10-07
3982,Finance,Coordinator,Bachelor,37,M," R$ 17,934.07 ",23/04/2017
3983,HR,Assistant,High School,39,M," R$ 7,487.09 ",2021-10-29
3984,Legal,Technician,Technical Diploma,62,M," R$ 21,126.99 ",2019-05-07
3985,IT,Manager,Master,30, ," R$ 10,683.65 ",2023-03-26
3986,Operations,Coordinator,Bachelor,49,F," R$ 9,818.40 ",2020-11-15
3987,Legal,Manager,Master,48,F," R$ 18,426.71 ",2016-06-24
3988,Logistics,Director,PhD,59,," R$ 8,973.54 ",2018-06-12
3989,Operations,Coordinator,Bachelor,44,F," R$ 10,954.86 ",2022-06-10
3990,Operations,Assistant,High School,64,F," R$ 11,889.68 ",2015-04-20
3991,HR,Specialist,Master,43,M," R$ 7,662.45 ",2016-10-25
3992,Marketing,Specialist,Master,25,M," R$ 7,141.45 ",2018-01-24
3993,Marketing,Coordinator,Bachelor,53,F," R$ 13,259.58 ",24/11/2021
3994,HR,Assistant,High School,45,F," R$ 8,331.03 ",2020-08-23
3995,Operations,Analyst,Bachelor,59,F," R$ 11,588.89 ",2010-05-15
3996,HR,Director,PhD,49,M," R$ 9,486.89 ",2017-10-31
3997,Logistics,Specialist,Master,27,M," R$ 5,189.16 ",2014-09-14
3998,Legal,Analyst,Bachelor,54,F," R$ 21,681.63 ",05/09/2020
3999,Operations,Specialist,Master,52,F," R$ 10,304.80 ",2013-12-12
4000,HR,Assistant,High School,31,M," R$ 5,300.69 ",2019-01-15
4001,Legal,Director,PhD,33,M," R$ 15,170.29 ",2014-02-15
4002,Finance,Specialist,Master,28,M," R$ 16,609.12 ",2015-10-07
4003,Operations,Analyst,,45,M," R$ 9,880.29 ",2022-04-22
4004,Operations,Assistant,High School,49,F," R$ 11,863.34 ",2021-04-01
4005,IT,Analyst,Bachelor,32,M," R$ 12,361.64 ",2013-06-23
4006,Marketing,Manager,Master,53,," R$ 12,687.62 ",2017-10-13
4007,Marketing,Coordinator,Bachelor,41,M," R$ 11,058.12 ",2016-12-27
4008,Operations,Analyst,Bachelor,49,M," R$ 10,401.98 ",2013-10-27
4009,Finance,Coordinator,Bachelor,22,M,,04/06/2018
4010,Operations,Assistant,High School,48,M," R$ 9,522.50 ",2020-08-04
4011,HR,Coordinator,Bachelor,37,F," R$ 7,799.23 ",2014-04-19
4012,IT,Manager,Master,57,M," R$ 16,031.99 ",16/02/2014
4013,IT,Assistant,High School,27,," R$ 9,760.44 ",2010-07-20
4014,Logistics,Director,PhD,31,M," R$ 6,503.86 ",14/07/2012
4015,HR,Technician,Technical Diploma,60,F,,2023-09-27
4016,Marketing,Specialist,,40,F," R$ 10,470.65 ",2019-10-02
4017,Marketing,Analyst,Bachelor,31, ," R$ 9,367.58 ",30/09/2017
4018,Finance,Specialist,Master,47,F," R$ 22,343.64 ",2023-10-06
4019,Operations,Analyst,Bachelor,55,M," R$ 11,910.42 ",2020-07-13
4020,Logistics,Manager,Master,62,F," R$ 8,988.24 ",2022-02-07
4021,Legal,Technician,Technical Diploma,22,F," R$ 11,269.31 ",2014-05-10
4022,HR,Coordinator,Bachelor,31,M," R$ 6,443.65 ",2018-01-17
4023,HR,Assistant,High School,54,M," R$ 8,155.00 ",26/02/2017
4024,Logistics,Director,PhD,47,F," R$ 7,908.46 ",2015-09-11
4025,Marketing,Coordinator, ,55,F, ,2023-05-27
4026,Marketing,Specialist,Master,58,F," R$ 10,734.59 ",2022-07-12
4027,Marketing,Technician,Technical Diploma,34,M," R$ 9,770.84 ",2021-07-29
4028,Finance,Director,PhD,59,F," R$ 23,563.37 ",2011-05-26
4029,Finance,Technician,Technical Diploma,51,F," R$ 21,899.34 ",30/01/2023
4030,HR,Specialist,Master,45,M," R$ 8,561.01 ",2018-10-26
4031,Legal,Coordinator,Bachelor,63,F," R$ 19,624.69 ",2023-09-13
4032,Legal,Specialist,Master,55,F, ,2012-10-11
4033,Logistics,Analyst,Bachelor,58,F," R$ 9,049.08 ",2017-04-02
4034,HR,Manager,,40,M," R$ 7,266.31 ",2014-05-05
4035,Finance,Coordinator, ,23,F, ,2019-08-12
4036,IT,Assistant,High School,51,F," R$ 14,906.98 ",2011-02-25
4037,Logistics,Analyst,Bachelor,43,F," R$ 8,072.45 ",2016-12-21
4038,Marketing,Director,PhD,53,F," R$ 11,797.67 ",02/04/2017
4039,Finance,Assistant,High School,54,F," R$ 19,874.52 ",11/08/2012
4040,Legal,Director,PhD,61,M," R$ 22,341.20 ",2010-02-25
4041,Logistics,Assistant,High School,36,F," R$ 5,345.81 ",2016-01-11
4042,IT,Specialist,Master,27,," R$ 10,337.32 ",09/03/2017
4043,Legal,Coordinator,Bachelor,57,M,,2015-10-30
4044,Logistics,Coordinator,Bachelor,37, ," R$ 6,437.22 ",13/08/2021
4045,HR,Assistant,High School,42,M," R$ 7,984.96 ",2023-01-13
4046,Finance,Manager,Master,55,M," R$ 22,996.35 ",2015-06-24
4047,Logistics,Analyst,Bachelor,61,M," R$ 10,674.87 ",2017-08-07
4048,Marketing,Specialist,Master,59,F," R$ 12,052.40 ",17/01/2020
4049,Finance,Technician,Technical Diploma,56,M," R$ 23,390.41 ",2022-04-08
4050,Legal,Specialist,Master,54,M," R$ 18,327.46 ",2018-01-29
4051,Legal,Technician,Technical Diploma,29,F," R$ 15,106.86 ",2016-01-30
4052,Logistics, ,Technical Diploma,33,F," R$ 6,686.77 ",2016-01-24
4053,IT,Manager,Master,60,M," R$ 18,301.47 ",2016-01-22
4054,IT,Analyst,Bachelor,39,M," R$ 14,154.25 ",03/06/2020
4055,Operations,Coordinator,Bachelor,61,M," R$ 11,471.61 ",2020-07-07
4056,Finance, ,Master,42,M," R$ 18,899.62 ",2020-02-27
4057,HR,Specialist,Master,48,M," R$ 7,189.20 ",2010-07-18
4058,,Assistant,High School,33,F," R$ 15,441.92 ",2013-02-11
4059,Operations,Specialist,Master,27,F,,2020-04-02
4060,IT,Specialist,Master,52,M," R$ 15,771.73 ",2011-08-26
4061,Logistics,Analyst,Bachelor,55,F," R$ 19,172.19 ",19/07/2010
4062,Operations,Director,PhD,28,M," R$ 7,597.39 ",2016-05-23
4063,Marketing,Assistant,High School,52,F," R$ 13,131.93 ",2015-10-03
4064,HR,Coordinator,Bachelor,25,F," R$ 6,521.92 ",2021-02-25
4065,IT,Specialist,Master,38,M," R$ 13,500.45 ",31/03/2012
4066,Operations,Assistant,High School,50,F," R$ 10,267.89 ",2015-04-17
4067, ,Technician,Technical Diploma,24,M," R$ 5,799.40 ",01/06/2021
4068,IT,Assistant,High School,45,M," R$ 15,142.53 ",2021-10-10
4069,Marketing,Director,PhD,24,M," R$ 8,378.88 ",2017-09-15
4070,Marketing,Manager,Master,60,M," R$ 13,901.21 ",2018-02-25
4071,Finance,Director,PhD,48,M," R$ 23,917.78 ",2012-07-26
4072,Operations,Technician,Technical Diploma,22,M," R$ 5,573.26 ",2013-09-12
4073,Marketing,Analyst,Bachelor,36,F," R$ 10,524.96 ",2012-02-04
4074,Marketing,Manager,Master,35,F," R$ 9,223.90 ",2021-08-08
4075,Logistics,Manager,Master,25,M," R$ 5,437.88 ",2013-10-15
4076,Finance,Coordinator,Bachelor,25,F," R$ 16,002.48 ",2023-07-22
4077,Marketing,Manager,Master,46,F," R$ 11,137.66 ",09/08/2022
4078, ,Director,PhD,32,M," R$ 10,524.57 ",2017-02-23
4079,Finance,Director,PhD,54,M," R$ 23,152.00 ",2011-11-01
4080,Logistics,Manager,Master,32,M," R$ 6,227.67 ",10/07/2012
4081,IT,Director,PhD,33,M," R$ 13,578.29 ",2018-03-07
4082,Logistics,Manager,Master,36,F," R$ 4,991.76 ",2016-12-24
4083,Logistics, ,High School,47,M," R$ 7,682.56 ",2015-07-09
4084,Finance,Assistant,High School,45,M," R$ 22,615.17 ",2022-08-10
4085,,Technician,Technical Diploma,47,M," R$ 8,142.41 ",10/08/2020
4086,Finance,Assistant,High School,48,F," R$ 19,565.80 ",2022-01-02
4087,IT,Technician,Technical Diploma,57,M," R$ 15,075.82 ",27/10/2019
4088,Finance,Coordinator,Bachelor,48,F," R$ 17,379.48 ",21/04/2023
4089,Legal,Technician,Technical Diploma,59,M," R$ 22,557.05 ",2012-04-09
4090,Legal,Assistant,High School,23,F," R$ 11,663.40 ",01/08/2010
4091,Marketing,Director,PhD,44,M," R$ 10,914.50 ",2023-12-11
4092,Finance,Director,PhD,30,M," R$ 16,956.40 ",24/05/2017
4093,IT,Manager,Master,29,M," R$ 12,536.11 ",2014-05-30
4094,Operations,Technician,Technical Diploma,61,F," R$ 11,481.73 ",2012-10-08
4095,IT,Technician, ,63,F," R$ 17,718.84 ",2015-04-20
4096,Marketing,Director,PhD,22,F," R$ 9,151.69 ",2023-07-13
4097,HR,Specialist,Master,42,F," R$ 6,445.37 ",2023-09-09
4098,Operations,Manager,Master,47,F," R$ 10,586.12 ",2019-02-13
4099,HR,Director,PhD,36,," R$ 7,027.87 ",30/05/2011
4100,IT,Analyst,Bachelor,64,M," R$ 15,119.10 ",2014-11-10
4101,HR, ,Master,46,F," R$ 8,443.31 ",2019-08-22
4102,Marketing, ,Master,60,M," R$ 13,860.77 ",2018-07-19
4103,Operations,Director,PhD,37,M," R$ 9,221.78 ",2022-10-30
4104,HR,Analyst,Bachelor,56,F," R$ 9,683.83 ",2016-12-31
4105,Logistics,Manager,Master,44,F," R$ 7,646.98 ",2014-01-15
4106,Logistics,Director,PhD,33,M, ,2010-11-26
4107,Legal,Director,PhD,40,M," R$ 15,306.37 ",2013-09-24
4108,HR,Assistant,High School,55,F," R$ 8,601.85 ",2012-10-15
4109,IT,Manager,Master,29,M," R$ 11,993.12 ",2017-02-26
4110,Marketing,Manager,Master,44,M," R$ 11,003.12 ",2016-02-29
4111,Operations,Technician,Technical Diploma,32,M," R$ 8,877.09 ",2021-02-01
4112,HR,Specialist,Master,64,F," R$ 9,491.92 ",2011-04-23
4113,Logistics,Manager,Master,55,M," R$ 8,895.66 ",21/07/2015
4114,HR,Technician,Technical Diploma,26,M," R$ 6,519.75 ",2010-08-10
4115,HR,Assistant,High School,58,M," R$ 10,860.51 ",25/05/2017
4116,HR,Coordinator,Bachelor,46,F," R$ 8,035.64 ",2019-06-06
4117,IT,Technician,Technical Diploma,45,M," R$ 13,934.42 ",2020-12-10
4118,Legal,Technician,,45,F," R$ 16,657.42 ",2015-09-14
4119,IT,Technician,Technical Diploma,63,F," R$ 16,861.60 ",2020-07-27
4120,Logistics,Assistant,High School,55,F," R$ 7,393.27 ",2019-10-21
4121,Logistics,,PhD,39,M," R$ 6,310.18 ",2018-07-27
4122,HR,Technician,Technical Diploma,33,F," R$ 6,717.75 ",2023-05-01
4123,Operations,Technician,Technical Diploma,63,F," R$ 11,913.61 ",2017-01-08
4124,IT, ,Bachelor,60,M," R$ 17,609.24 ",2022-12-07
4125,Logistics,Manager,Master,36,F," R$ 6,475.09 ",2015-09-07
4126,IT,Specialist,Master,33,M," R$ 11,096.45 ",2021-04-20
4127,Finance,Technician,Technical Diploma,50,M," R$ 22,418.43 ",2017-02-27
4128,HR,Technician,Technical Diploma,50,M," R$ 9,035.64 ",2022-04-05
4129,Logistics,Technician,Technical Diploma,41,M," R$ 5,835.08 ",2012-10-24
4130,Logistics,Specialist,Master,36,F," R$ 7,057.26 ",2010-05-02
4131,Marketing,Specialist,Master,24,F," R$ 8,602.41 ",2019-12-11
4132,HR,Specialist,Master,37,F," R$ 7,788.10 ",2018-10-01
4133,Operations,Manager,Master,40,F," R$ 8,904.41 ",2011-07-19
4134,Legal,Analyst,Bachelor,28,M," R$ 12,484.45 ",01/03/2021
4135,Operations,Assistant,High School,57,M," R$ 11,503.07 ",2018-05-21
4136, ,Assistant,High School,43,M," R$ 8,606.04 ",2023-10-28
4137,Operations,Manager,Master,36,F," R$ 9,482.74 ",2019-05-25
4138,Marketing,Assistant,High School,30,F," R$ 8,680.89 ",2020-08-15
4139,Finance,Technician,Technical Diploma,38, , ,2014-11-06
4140,Marketing,Manager,Master,54,F," R$ 27,118.70 ",27/09/2012
4141,Legal,Director,PhD,23,M," R$ 11,878.31 ",2013-06-06
4142,Operations,Specialist,Master,28,M," R$ 7,535.58 ",2015-05-25
4143,Operations,Specialist,Master,52,M," R$ 10,905.20 ",2015-05-06
4144,Logistics,Coordinator,Bachelor,35,M," R$ 7,083.49 ",2020-07-22
4145,Logistics,Director,PhD,58,F," R$ 8,774.01 ",2020-05-06
4146,Finance,,Master,25,M," R$ 15,835.68 ",20/10/2018
4147,HR,Coordinator,Bachelor,31,F," R$ 5,922.77 ",2019-05-08
4148,Marketing,Director,PhD,43,F," R$ 10,818.34 ",2020-09-17
4149,Marketing,Technician,Technical Diploma,45,F, ,2023-05-24
4150,HR,Specialist,Master,39,," R$ 7,271.47 ",2023-08-28
4151,Operations,Director,PhD,32,F," R$ 6,651.56 ",2023-12-11
4152,HR,Manager,Master,22,M," R$ 5,738.49 ",2022-05-10
4153,Marketing,Coordinator,Bachelor,53,M," R$ 13,864.31 ",2015-03-05
4154,Marketing,Specialist,Master,37,M," R$ 10,523.18 ",2020-11-11
4155,Finance,Technician,Technical Diploma,35,M," R$ 16,930.72 ",2011-12-24
4156,Finance,Coordinator,Bachelor,54,F," R$ 25,937.48 ",2014-11-19
4157,Finance,Specialist,Master,28,M," R$ 17,044.81 ",2016-04-21
4158,Operations,Coordinator,Bachelor,40,F," R$ 9,351.47 ",2012-09-13
4159,HR,Coordinator,Bachelor,46,M," R$ 7,289.78 ",2013-05-03
4160,Finance,Coordinator,Bachelor,26,F," R$ 16,281.67 ",30/11/2013
4161,IT,,Master,31,M," R$ 9,399.59 ",2020-10-14
4162,Logistics,Director,PhD,25,M," R$ 4,951.96 ",26/08/2012
4163,Operations,Technician,Technical Diploma,45,F," R$ 10,363.42 ",2014-09-07
4164,Finance,Technician,Technical Diploma,27,M," R$ 14,197.68 ",2019-09-17
4165,Legal,Coordinator,Bachelor,33,F," R$ 15,203.24 ",16/06/2018
4166,,Assistant,High School,41,F," R$ 16,275.26 ",2023-07-31
4167,Legal,Manager,Master,47,M," R$ 19,708.72 ",2021-10-05
4168,Marketing,Specialist,Master,33,M," R$ 9,690.82 ",2017-06-03
4169,Legal,Manager,Master,54,F," R$ 17,882.41 ",2013-11-09
4170,HR,Analyst, ,33,M," R$ 7,247.29 ",2018-10-13
4171,Marketing,Technician,Technical Diploma,59,M," R$ 13,174.09 ",2023-08-01
4172,Legal,Technician,Technical Diploma,25,F," R$ 15,772.32 ",2023-09-09
4173,IT,Specialist,,38,F," R$ 13,040.98 ",2018-11-09
4174,IT,Director,PhD,31,M," R$ 10,785.65 ",2020-11-21
4175,Legal,Coordinator,Bachelor,40,M," R$ 19,300.51 ",2015-10-15
4176,IT,Director,PhD,64, ," R$ 21,347.86 ",2014-10-24
4177,Marketing,Director,PhD,54,F, ,2010-02-23
4178,Legal,Director,PhD,58,F," R$ 23,492.75 ",2020-12-04
4179,Logistics,Director,PhD,49, ," R$ 6,845.74 ",06/08/2014
4180,Marketing,Director,PhD,23,F," R$ 8,200.26 ",2013-01-01
4181,IT,Coordinator,Bachelor,59,F," R$ 19,173.85 ",2017-11-18
4182,Marketing,Analyst,Bachelor,59,M," R$ 14,860.97 ",2015-05-18
4183,HR,Assistant,High School,42,F," R$ 8,281.03 ",2019-08-28
4184,HR,Analyst,Bachelor,44,M," R$ 7,932.89 ",2020-02-10
4185,Finance,Analyst,Bachelor,54,F," R$ 21,568.33 ",2022-06-29
4186,Finance,Manager,Master,47,M, ,2015-06-19
4187,Logistics, ,Bachelor,64,M," R$ 8,457.18 ",2013-01-30
4188,Legal,Director,PhD,51,F," R$ 19,595.91 ",2010-01-25
4189,Logistics,Specialist,Master,25,F," R$ 5,613.43 ",2014-12-27
4190,Logistics,Coordinator,Bachelor,27,M," R$ 5,651.61 ",2022-07-17
4191,HR,Analyst,Bachelor,55,M," R$ 9,344.58 ",2023-09-29
4192,IT,Coordinator,Bachelor,41,F," R$ 14,020.80 ",2017-03-24
4193,Legal,,Bachelor,58,M," R$ 18,597.82 ",2016-11-30
4194,Marketing,Technician,Technical Diploma,36,M," R$ 10,185.45 ",2011-06-13
4195,HR,Assistant,High School,61,M," R$ 10,347.87 ",2019-02-26
4196,Legal,Coordinator,Bachelor,44,F," R$ 16,789.49 ",2010-03-19
4197,Logistics,Technician,Technical Diploma,63,M," R$ 9,040.76 ",2023-11-11
4198,IT,Director,PhD,30,M, ,2016-09-29
4199,Operations,Assistant,High School,55,F," R$ 11,277.28 ",2022-04-23
4200,Legal,Coordinator,Bachelor,64,M," R$ 22,343.69 ",2016-05-21
4201,,Specialist,Master,55,F," R$ 19,836.33 ",2023-02-04
4202,Logistics,Assistant,High School,48,F," R$ 7,945.66 ",2020-06-23
4203,Logistics,Analyst,Bachelor,37,M," R$ 7,343.40 ",2015-01-11
4204,Marketing,Manager,Master,25,F," R$ 8,074.86 ",16/02/2011
4205,Finance,Manager,Master,49,F," R$ 20,816.19 ",2019-03-31
4206,Legal,Director,PhD,38,M," R$ 18,245.62 ",2015-03-17
4207,Finance, ,Master,62,F," R$ 25,924.69 ",29/04/2018
4208,Operations,Manager,Master,33,M," R$ 9,105.66 ",14/10/2011
4209,IT,Analyst,Bachelor,26,M," R$ 9,584.69 ",2010-10-26
4210,HR,Director,PhD,56,M," R$ 10,030.54 ",2020-05-19
4211,Legal,Specialist,Master,59,F," R$ 17,261.53 ",2022-09-06
4212,Operations,Specialist,Master,60,M," R$ 13,644.99 ",2014-03-14
4213,,Manager,Master,57,M," R$ 11,488.78 ",2022-09-05
4214,Finance,Assistant,High School,51,M, ,2013-10-28
4215,Marketing,Specialist,Master,35,F," R$ 12,405.74 ",2012-10-07
4216,Operations,Specialist,Master,35,M," R$ 8,731.71 ",2012-08-30
4217,Operations,Manager,Master,23,M," R$ 7,936.69 ",2013-01-27
4218,Logistics,Coordinator,Bachelor,49,M," R$ 7,540.94 ",2023-01-03
4219,Marketing,Technician,Technical Diploma,42,M," R$ 10,265.75 ",2022-05-07
4220,Finance,Assistant,High School,36,M," R$ 15,394.18 ",2020-06-29
4221,Logistics,Technician,Technical Diploma,44,M," R$ 7,253.66 ",2016-11-26
4222,Operations,Director,PhD,31,M," R$ 8,083.76 ",2012-02-05
4223,,Specialist,Master,47,M," R$ 10,526.11 ",2012-11-25
4224,IT,Specialist,Master,56,M," R$ 17,061.60 ",2015-07-10
4225,Logistics,Assistant,High School,55,F," R$ 8,879.60 ",2013-06-28
4226,IT,Assistant,High School,23,M," R$ 8,929.48 ",2017-01-25
4227,Legal,Technician,Technical Diploma,52,M," R$ 17,220.45 ",2013-02-26
4228,Operations,Assistant,High School,64,M," R$ 11,051.74 ",2013-10-08
4229,Marketing,Director,PhD,64,F, ,2021-02-13
4230,Finance,Assistant,High School,26,M," R$ 14,659.82 ",22/11/2018
4231,Finance,Specialist,Master,40,F," R$ 21,212.33 ",26/10/2021
4232,IT,Analyst,Bachelor,51,M," R$ 13,901.90 ",07/10/2020
4233,Operations,Technician,Technical Diploma,38,M," R$ 9,852.94 ",22/12/2012
4234,HR, ,Master,50,M," R$ 10,334.89 ",2011-12-03
4235,Operations,Technician,Technical Diploma,33,M," R$ 8,583.72 ",2017-12-12
4236,HR,Specialist,Master,29,M," R$ 7,739.39 ",2015-02-27
4237,IT,Assistant,High School,36,M," R$ 12,920.01 ",2014-09-06
4238,IT,Analyst,Bachelor,55,F," R$ 15,115.30 ",2023-01-14
4239,Operations,Assistant,High School,49,M," R$ 10,239.82 ",2023-06-12
4240,Finance,Specialist,Master,42,M," R$ 20,061.57 ",28/02/2022
4241,Operations,Manager,Master,38,M,,2010-05-13
4242,Marketing,Specialist,Master,63,F," R$ 16,009.91 ",2021-05-09
4243,Marketing,Assistant,High School,39,M," R$ 10,677.63 ",2016-07-02
4244,HR,Director,PhD,45,F," R$ 8,320.89 ",26/06/2021
4245,Logistics,Assistant,High School,45,M," R$ 7,005.16 ",2020-07-27
4246,Legal,Manager,Master,33,F," R$ 16,234.96 ",2015-01-08
4247,Finance,Manager,Master,22,F," R$ 14,271.07 ",2014-11-02
4248,Finance,Coordinator,Bachelor,57,M," R$ 24,378.52 ",2014-12-09
4249,Finance,Specialist,Master,53,M," R$ 20,398.85 ",2023-05-06
4250,IT,Coordinator, ,26,M," R$ 9,444.48 ",21/05/2017
4251,Legal,Technician,Technical Diploma,47,F," R$ 19,570.00 ",2014-02-25
4252,Legal,Technician,Technical Diploma,24, ," R$ 14,070.22 ",2011-02-25
4253,Logistics,Assistant,High School,54,M," R$ 8,477.70 ",2017-02-05
4254,IT,Manager,Master,60,,,2011-05-22
4255,Legal,Analyst,Bachelor,41,F," R$ 15,401.74 ",2012-02-28
4256,Legal,Assistant,High School,33,M," R$ 15,085.70 ",26/10/2015
4257,Logistics,Coordinator,Bachelor,59,M," R$ 8,405.30 ",2021-11-11
4258,Marketing,Director,PhD,41,M," R$ 9,587.19 ",09/06/2015
4259,IT,Analyst,Bachelor,38,F," R$ 13,057.65 ",2023-03-06
4260,Marketing,Specialist,Master,64,F," R$ 14,140.63 ",2015-02-04
4261,Logistics,Analyst,Bachelor,29,F," R$ 4,757.13 ",2014-09-30
4262,Legal,Assistant,High School,64,F," R$ 22,610.38 ",2014-06-18
4263,Legal,Director,PhD,34,M," R$ 14,996.42 ",2016-06-25
4264,HR,Analyst,Bachelor,30,F," R$ 5,842.25 ",2014-10-29
4265,Operations,Analyst,Bachelor,40,F," R$ 8,025.98 ",2013-01-05
4266,Logistics,Technician,Technical Diploma,47,M," R$ 8,011.93 ",2023-08-15
4267,HR,Director,PhD,26,F," R$ 6,281.72 ",2012-07-04
4268,Operations,Director,PhD,63,F," R$ 10,980.47 ",2016-04-02
4269,Finance,Technician,Technical Diploma,46,," R$ 17,620.29 ",2018-12-04
4270,Marketing,,Bachelor,26,F," R$ 9,276.79 ",20/06/2022
4271,Finance,Assistant,High School,44,M," R$ 17,783.24 ",11/05/2012
4272,IT,Director,PhD,56,M," R$ 15,060.35 ",2015-08-10
4273,Logistics,Director,PhD,53,M,,2011-08-02
4274,Legal,Specialist,Master,63,F," R$ 21,113.38 ",2010-12-09
4275, ,Technician,Technical Diploma,27,F," R$ 8,706.81 ",2010-07-28
4276,Operations,Specialist,Master,35,M," R$ 9,295.78 ",2023-10-06
4277,Finance,Specialist,Master,62,M," R$ 27,628.89 ",2018-12-23
4278,Marketing,Manager,Master,50,M," R$ 11,807.54 ",2012-06-24
4279,Marketing,Assistant,High School,58,F," R$ 13,244.76 ",2022-06-20
4280,Logistics,Technician,Technical Diploma,43,," R$ 6,200.60 ",2023-10-02
4281,IT,Manager,Master,41,F," R$ 12,901.75 ",27/06/2015
4282,HR,Specialist,Master,29,F," R$ 5,845.43 ",2021-04-19
4283,Operations,Analyst,Bachelor,48,M," R$ 10,289.07 ",2012-06-02
4284,Legal,Manager,Master,28,F," R$ 13,081.80 ",2021-06-30
4285,IT,Analyst,Bachelor,55,F," R$ 15,020.00 ",25/08/2023
4286,Legal,Director,PhD,62,F," R$ 21,433.83 ",2012-07-07
4287,Finance,Assistant,High School,49,M," R$ 21,553.28 ",2018-06-06
4288,IT,Director,PhD,52,M," R$ 17,168.89 ",10/09/2015
4289,Legal,Director,PhD,42,M," R$ 19,810.30 ",2011-06-07
4290,Operations, ,Bachelor,31,F," R$ 8,321.93 ",2010-06-21
4291,HR,Assistant,High School,57,F," R$ 9,015.76 ",2019-05-07
4292,HR,Manager,Master,34,M," R$ 7,851.29 ",17/07/2016
4293,IT,Coordinator,Bachelor,47,M," R$ 14,307.83 ",2011-10-10
4294,Finance,Specialist,Master,55,F," R$ 22,716.86 ",2010-05-30
4295,Operations,Technician,Technical Diploma,40,F," R$ 9,451.26 ",03/04/2018
4296,IT,Manager,Master,27,F," R$ 9,468.71 ",2017-05-28
4297,Legal,Coordinator,Bachelor,36,M," R$ 13,831.96 ",2011-12-12
4298,Marketing,Director,PhD,39,M," R$ 9,584.76 ",2015-02-17
4299,Operations,Technician,Technical Diploma,41,M," R$ 9,362.28 ",2011-09-23
4300,Logistics,Analyst,Bachelor,22,M,,2014-02-15
4301,Finance,Director,PhD,43,F," R$ 18,765.07 ",2012-02-08
4302,IT,Assistant,High School,57,M," R$ 14,271.06 ",2015-03-19
4303,Logistics,Specialist,Master,39,M," R$ 6,158.61 ",2021-08-08
4304,IT,Manager,Master,31, ," R$ 11,316.83 ",2013-07-04
4305,Finance,Specialist,Master,41,F," R$ 21,218.01 ",04/09/2023
4306,Marketing,Director,PhD,61,F," R$ 12,562.97 ",2015-06-08
4307,Legal,Analyst,Bachelor,27,M," R$ 12,967.05 ",23/09/2020
4308,Legal,Director,PhD,58,M," R$ 20,282.88 ",2013-10-01
4309,HR,Assistant,,43,F," R$ 7,521.27 ",2019-08-17
4310, ,Manager,Master,25,F," R$ 16,416.44 ",22/01/2016
4311,HR,Manager,Master,25,F,,03/05/2012
4312,Logistics,Coordinator,Bachelor,40,F," R$ 6,713.14 ",2015-03-28
4313,IT,Technician,Technical Diploma,50,M," R$ 14,654.41 ",2019-06-08
4314,HR,Technician,Technical Diploma,49,F," R$ 8,545.72 ",2013-09-25
4315,Logistics, ,Technical Diploma,62,M," R$ 9,411.82 ",02/12/2019
4316,Logistics,Specialist,Master,34,F," R$ 6,159.83 ",2014-06-20
4317,Marketing,Assistant,High School,60,F," R$ 13,492.62 ",2020-08-30
4318,Marketing,Technician,Technical Diploma,49,F," R$ 9,807.80 ",27/08/2015
4319,Marketing,Coordinator,Bachelor,51,F," R$ 12,884.69 ",2015-03-30
4320,Legal,Assistant,High School,43,F," R$ 18,326.63 ",2021-10-11
4321,HR,Manager,Master,44,F," R$ 6,711.45 ",2010-11-27
4322,Logistics,Analyst,Bachelor,39,M," R$ 6,175.98 ",2013-09-14
4323,Operations,Coordinator,Bachelor,38,M," R$ 7,700.87 ",18/12/2017
4324,Operations,Manager,Master,52,F," R$ 10,980.85 ",2016-06-11
4325,Marketing,Manager,Master,49,F," R$ 12,245.92 ",14/01/2016
4326,HR,Analyst,Bachelor,29,M," R$ 6,083.55 ",2018-07-25
4327,HR,Assistant,High School,53,F," R$ 9,060.83 ",2020-03-02
4328,HR,,High School,64,M," R$ 10,654.58 ",2011-06-14
4329,Marketing,Technician,Technical Diploma,27,M," R$ 8,303.43 ",2020-11-10
4330,Marketing,Coordinator,Bachelor,29,F," R$ 8,483.64 ",2017-01-11
4331,Logistics,Coordinator,,43,F, ,2013-07-10
4332,Finance,Technician,Technical Diploma,61,M," R$ 22,427.84 ",2012-12-15
4333,Operations,Technician,Technical Diploma,52,M, ,2018-08-08
4334,Operations,Coordinator,Bachelor,27,M," R$ 8,169.39 ",2017-06-13
4335,Marketing,Director,PhD,25,M," R$ 7,669.42 ",2015-10-19
4336,Operations,Manager,Master,28,F," R$ 7,793.57 ",2023-02-27
4337,Legal,Analyst,Bachelor,55,M," R$ 19,337.47 ",2010-09-13
4338,IT,Specialist,Master,48,M," R$ 14,863.77 ",2018-04-04
4339,Legal,Analyst,Bachelor,23,F," R$ 13,358.89 ",27/11/2014
4340,Finance,Assistant,High School,35,F," R$ 19,784.08 ",2014-02-03
4341,IT,Manager,Master,62,," R$ 17,871.36 ",2010-04-13
4342,Legal,Analyst,Bachelor,50,F," R$ 20,042.80 ",2023-02-08
4343,Finance,Technician,Technical Diploma,60,M," R$ 24,425.23 ",2021-05-18
4344,Logistics,,Bachelor,43,M," R$ 7,658.25 ",2016-12-09
4345,Marketing,,PhD,26, ," R$ 7,664.17 ",05/02/2016
4346,,Specialist,Master,39,M, ,2018-04-15
4347,Operations,Technician,Technical Diploma,37,F," R$ 9,427.49 ",2014-06-30
4348,IT,Specialist,Master,27,M," R$ 11,501.97 ",2010-12-31
4349,Logistics,Analyst,Bachelor,22,," R$ 5,321.72 ",2022-10-21
4350,Operations,Assistant,High School,33,F," R$ 8,751.19 ",11/03/2011
4351,IT,Director,PhD,45,M," R$ 13,839.74 ",2016-06-08
4352,Operations,Coordinator,Bachelor,32,M," R$ 8,289.48 ",2016-01-28
4353,Logistics,Technician,Technical Diploma,64,F," R$ 9,775.23 ",11/10/2018
4354,Finance,Analyst,Bachelor,62,M," R$ 27,811.01 ",2016-10-05
4355,Finance,Coordinator, ,55,F," R$ 20,287.67 ",2018-04-10
4356,Legal,Specialist,Master,50,F," R$ 17,768.62 ",2020-05-21
4357,Legal,Assistant,High School,53,F," R$ 18,192.15 ",2022-12-15
4358,HR,Director,PhD,42,M," R$ 7,840.17 ",15/03/2015
4359,Legal,Assistant,High School,61,F," R$ 21,164.82 ",14/04/2010
4360,Legal,Coordinator,Bachelor,54,F," R$ 18,275.32 ",2021-10-16
4361,Finance,Analyst,Bachelor,54,M," R$ 22,893.00 ",2016-03-25
4362,Legal,Director,PhD,49,M," R$ 21,383.74 ",03/11/2012
4363,Finance,Director,PhD,57,M," R$ 21,635.28 ",26/12/2015
4364,Legal,Analyst,Bachelor,22,F," R$ 13,046.96 ",2017-06-10
4365,Finance,Manager,Master,33,F," R$ 16,315.16 ",2010-12-05
4366,HR,Coordinator, ,54,M," R$ 9,411.74 ",05/11/2013
4367,Legal,Coordinator,Bachelor,26,M," R$ 15,333.67 ",2021-07-21
4368,IT,Director,PhD,23,M," R$ 9,934.14 ",2022-03-22
4369,Operations,Specialist,Master,57,F," R$ 11,125.34 ",10/12/2020
4370,Operations,Analyst,Bachelor,45,F," R$ 9,848.26 ",2016-02-22
4371,Marketing,Director,PhD,64,F," R$ 16,182.46 ",2011-03-05
4372,IT,Coordinator,,42,M," R$ 14,328.44 ",31/01/2010
4373,Operations,Assistant,High School,51,F," R$ 11,389.69 ",2017-05-18
4374,IT,,PhD,36,M," R$ 12,974.81 ",11/12/2022
4375,Legal,Technician,Technical Diploma,30,F," R$ 16,574.37 ",2020-08-19
4376,Finance,Technician, ,53,F," R$ 21,957.23 ",11/01/2015
4377,Marketing,Manager,Master,29,F," R$ 9,977.11 ",11/09/2019
4378,Marketing,Specialist,Master,44,M," R$ 10,744.11 ",2023-08-31
4379,Operations,Assistant,High School,48,M," R$ 9,382.55 ",2016-10-05
4380, ,Director,PhD,63,M," R$ 8,740.13 ",06/06/2013
4381,HR,Assistant,High School,29,F," R$ 6,646.21 ",31/07/2012
4382,Operations,Director,PhD,50,F," R$ 10,372.10 ",2023-01-23
4383,HR,Assistant,High School,32,F," R$ 6,978.45 ",2021-09-27
4384,Finance,Technician,Technical Diploma,42,M," R$ 19,549.00 ",2013-10-23
4385,Finance,Director,PhD,60,M," R$ 24,640.22 ",2019-09-13
4386,Operations,Specialist,Master,51,F," R$ 10,732.85 ",01/02/2023
4387,Operations,Manager,Master,54,F," R$ 10,144.50 ",2023-01-10
4388,Marketing,Assistant,High School,24,M, ,2016-07-31
4389,HR,Analyst,Bachelor,34,F," R$ 7,932.80 ",2017-03-04
4390,IT,Specialist,Master,57,," R$ 16,140.54 ",18/03/2014
4391,Operations,Director,PhD,44,M," R$ 9,841.48 ",2020-08-16
4392,Legal,Director,PhD,47,F," R$ 17,858.26 ",2014-06-24
4393,Marketing,Director,PhD,31,M," R$ 9,173.23 ",2017-01-31
4394,Logistics,Manager,Master,59,F," R$ 8,744.80 ",2019-01-12
4395,Finance,Director,PhD,57,F," R$ 25,586.67 ",2020-04-07
4396,IT,Analyst,Bachelor,44,M," R$ 14,968.80 ",2022-04-08
4397,IT,Manager,Master,29,," R$ 11,557.19 ",2020-04-03
4398,Legal,Assistant,High School,35,M," R$ 16,678.92 ",06/09/2012
4399,Operations,Director,PhD,45,M," R$ 8,844.41 ",2010-10-20
4400,Legal,Assistant,High School,39,M," R$ 17,345.11 ",2018-04-11
4401,IT,Specialist,Master,61,F," R$ 16,639.30 ",2020-04-21
4402,Logistics,Analyst,Bachelor,58,F," R$ 8,332.14 ",2014-01-11
4403,HR,Specialist,Master,46,F," R$ 8,485.98 ",2018-04-30
4404,Finance,Assistant, ,41,M," R$ 18,505.71 ",2020-09-10
4405,Legal,Assistant,High School,46,M," R$ 16,894.14 ",2022-02-18
4406,IT,Director,PhD,38,M," R$ 15,380.41 ",2010-11-07
4407,HR,Assistant,High School,25,M," R$ 6,402.17 ",16/04/2013
4408,Marketing,Assistant,High School,42,F," R$ 10,537.81 ",2014-12-30
4409,HR,Analyst,Bachelor,41,F," R$ 8,350.13 ",2021-08-18
4410,Marketing,Coordinator,Bachelor,62,M," R$ 12,878.68 ",2011-02-27
4411,Operations,Assistant,High School,38,F," R$ 8,686.27 ",2021-09-19
4412,Logistics,Technician,Technical Diploma,56,F," R$ 8,832.27 ",2018-08-15
4413,HR,Technician,Technical Diploma,62,M," R$ 8,058.40 ",2020-09-26
4414,Operations,Director,PhD,44,F," R$ 9,054.50 ",2015-04-06
4415,HR,Manager, ,42,F," R$ 7,018.78 ",2012-12-26
4416,Logistics,Analyst,Bachelor,64,M," R$ 10,293.47 ",2011-04-21
4417, ,Technician,Technical Diploma,42,F," R$ 21,293.41 ",2012-05-03
4418,Legal,Analyst,Bachelor,45,F," R$ 17,863.54 ",2018-02-03
4419,Operations,Manager,Master,58,F," R$ 11,413.58 ",2013-07-24
4420,Legal,Director,PhD,39,M," R$ 15,001.57 ",2013-04-06
4421,Marketing,Specialist, ,40,M," R$ 9,787.99 ",2013-01-10
4422,Operations,Coordinator,Bachelor,26,," R$ 7,198.71 ",2010-10-30
4423,Marketing,Specialist,Master,48,M," R$ 12,870.99 ",2018-01-19
4424,HR,Technician,Technical Diploma,27,F," R$ 6,021.56 ",2018-10-28
4425,HR,Specialist,Master,35,M," R$ 6,358.19 ",2021-11-27
4426,Finance,Specialist,Master,24,F," R$ 15,117.55 ",2014-08-16
4427,HR,Assistant,High School,22,M," R$ 5,734.41 ",2023-10-09
4428,Operations,Assistant,High School,52,F," R$ 11,173.25 ",2011-10-18
4429,Legal,Director,PhD,31,M," R$ 15,156.13 ",2013-05-06
4430,Logistics,Analyst,Bachelor,52,F," R$ 7,958.93 ",2022-05-22
4431,Legal,Assistant,High School,38,F," R$ 17,033.29 ",2023-12-05
4432,Logistics,Specialist,Master,60,F," R$ 9,464.39 ",2010-11-05
4433,IT, ,High School,61,F, ,2011-10-07
4434,IT,Director,PhD,37,F," R$ 11,488.20 ",2016-01-27
4435,Finance,Technician,Technical Diploma,48,F," R$ 19,967.42 ",2019-02-04
4436,Logistics,Manager,Master,37,F," R$ 6,769.80 ",2020-11-07
4437,Finance,Technician,Technical Diploma,62, ," R$ 27,963.63 ",2021-06-18
4438,HR,Analyst,Bachelor,25,M," R$ 6,531.63 ",2014-06-01
4439,IT,Coordinator,Bachelor,63,F," R$ 18,251.70 ",2014-09-17
4440,Operations,Technician,Technical Diploma,48,M," R$ 10,072.72 ",11/04/2023
4441, ,Director,,30,M," R$ 8,795.44 ",2022-07-04
4442,IT,Assistant,High School,46,F," R$ 14,542.45 ",2019-11-30
4443,Operations,Coordinator,Bachelor,45,F," R$ 8,571.24 ",2018-11-02
4444,Legal,Coordinator, ,49,F," R$ 17,064.69 ",2014-08-14
4445,Legal,Director,PhD,39,F," R$ 15,672.32 ",2011-02-02
4446,Finance,Coordinator,Bachelor,47,F," R$ 17,771.12 ",2012-09-27
4447,Finance,Coordinator,Bachelor,31,F," R$ 19,558.17 ",2019-12-04
4448,Finance,Assistant,High School,55,F," R$ 22,889.61 ",2021-09-16
4449,Logistics,Technician,Technical Diploma,59,F," R$ 8,514.43 ",2013-07-04
4450,HR,Coordinator,Bachelor,32,M," R$ 6,994.97 ",02/04/2010
4451,Operations,Assistant,,35,F," R$ 8,594.03 ",06/05/2014
4452,IT,Coordinator,Bachelor,59,F," R$ 17,803.33 ",2019-10-20
4453,IT,Specialist,Master,22,F," R$ 10,050.58 ",2020-09-19
4454,Logistics,Specialist,Master,38,M," R$ 7,397.38 ",2015-06-04
4455, ,Technician,Technical Diploma,38,F," R$ 11,086.87 ",2022-01-26
4456,Operations,Coordinator,Bachelor,31,M,,31/01/2018
4457,Operations,Specialist,Master,51,M," R$ 9,718.99 ",2020-01-08
4458,HR,Manager,Master,63,M, ,29/04/2018
4459,Finance,Specialist,Master,54,F," R$ 22,012.60 ",21/05/2018
4460,Legal, ,Master,23,M," R$ 13,227.69 ",2013-03-11
4461,Marketing,Analyst,Bachelor,41,M," R$ 10,154.94 ",01/01/2019
4462,Logistics, ,PhD,53,M," R$ 8,519.17 ",2017-08-22
4463,Legal,Coordinator,Bachelor,24,M," R$ 12,630.17 ",2013-02-11
4464,Finance,Specialist,Master,57,M," R$ 23,700.77 ",2016-10-16
4465,IT,Director,PhD,26,F," R$ 10,988.80 ",2011-11-23
4466,Finance,Manager,Master,41,M," R$ 19,922.25 ",2015-07-09
4467,HR,,PhD,24,M," R$ 5,736.76 ",2011-12-26
4468,Marketing,Coordinator,Bachelor,24,M," R$ 10,533.01 ",2023-09-08
4469,Logistics,Assistant, ,57,M,,2017-11-07
4470,Finance,Specialist,Master,27,," R$ 16,368.33 ",2010-03-06
4471,IT,,High School,60,M," R$ 13,904.84 ",01/01/2015
4472,Operations,Director,PhD,57,M,,2014-05-15
4473,Logistics,Specialist,Master,45, ," R$ 6,783.94 ",2018-01-17
4474,IT,Technician, ,59,F," R$ 16,146.32 ",2017-03-28
4475,HR,Director,PhD,58,F," R$ 10,820.65 ",2023-07-17
4476,,Specialist,Master,29,F," R$ 6,266.73 ",2014-05-24
4477,IT,Technician,Technical Diploma,59,F," R$ 17,863.14 ",2014-01-23
4478,Operations,Analyst,Bachelor,37,M,,12/04/2017
4479,Finance,Coordinator,Bachelor,64,M," R$ 23,714.76 ",2010-05-10
4480,Logistics,Manager,Master,22,F," R$ 5,370.57 ",2019-05-15
4481,Legal,Coordinator,Bachelor,35,M," R$ 16,394.40 ",04/08/2016
4482,HR,Manager,Master,31,F," R$ 6,882.98 ",2010-01-19
4483,Legal,Assistant,High School,31,M," R$ 14,848.88 ",10/03/2013
4484,Legal,Analyst,Bachelor,43,M," R$ 18,738.24 ",2022-09-26
4485,Logistics,Assistant,High School,61,F," R$ 9,405.05 ",2015-07-15
4486,HR,Assistant,High School,62,M," R$ 9,877.33 ",2019-04-20
4487,Marketing,Manager,Master,52, ," R$ 11,552.59 ",2011-01-23
4488,Operations,Director,PhD,25,M," R$ 5,923.06 ",2011-12-10
4489,Marketing,Director,PhD,64,F," R$ 14,932.40 ",30/06/2010
4490,,,Master,44,F," R$ 11,773.72 ",2011-12-01
4491,Marketing,Manager,,62,M," R$ 14,363.37 ",2010-02-05
4492,Logistics,Analyst,Bachelor,33,F," R$ 6,413.47 ",2013-08-21
4493,Finance,Coordinator,Bachelor,29,F," R$ 13,829.77 ",2013-07-30
4494,Finance,Technician,Technical Diploma,45,M," R$ 21,196.19 ",2016-11-01
4495,HR,Assistant,High School,22,F," R$ 5,906.76 ",2021-01-29
4496,HR,Manager,Master,47,M," R$ 7,719.13 ",2015-10-27
4497,Logistics,Specialist,Master,43,," R$ 7,707.56 ",2019-08-22
4498,Finance,Assistant,High School,64,M," R$ 25,586.31 ",2017-07-07
4499,IT,Technician,Technical Diploma,46,F," R$ 15,253.29 ",2013-01-31
4500,Legal,Specialist,Master,52,F," R$ 18,816.55 ",29/12/2016
4501,Finance,Technician,Technical Diploma,55,F," R$ 25,205.77 ",2013-11-11
4502,Marketing,Assistant,High School,58,M," R$ 12,832.48 ",2018-11-14
4503,Logistics,,Technical Diploma,32,F," R$ 5,524.98 ",2021-05-26
4504,Logistics,Assistant,High School,25,M, ,2017-01-18
4505,Legal,Manager,Master,29,M," R$ 14,887.11 ",02/08/2018
4506,Legal,Assistant,High School,56,M," R$ 18,556.34 ",05/10/2013
4507,, ,Master,46,F," R$ 7,797.81 ",02/02/2015
4508,Marketing,Analyst,Bachelor,52,F," R$ 11,030.63 ",2020-12-09
4509,Legal,Director,PhD,44,F, ,20/01/2022
4510,HR,Specialist,Master,61,M," R$ 9,220.08 ",2014-11-20
4511,Legal,Technician,Technical Diploma,59,F," R$ 22,134.28 ",2011-02-09
4512,IT,Analyst,Bachelor,25,M," R$ 11,063.22 ",2023-03-15
4513,Marketing,Manager,Master,57,M," R$ 13,428.41 ",2011-03-21
4514,Logistics,Director,PhD,28,M," R$ 5,625.06 ",2023-01-23
4515,Marketing,Assistant,High School,31,F," R$ 8,964.09 ",2011-10-12
4516,IT,Director,PhD,27,F," R$ 11,361.70 ",2012-02-23
4517,IT,Manager,Master,52,F," R$ 13,871.89 ",2010-09-10
4518,Marketing,Analyst,Bachelor,25,M," R$ 7,308.18 ",2011-07-26
4519,HR,Manager,Master,42,M," R$ 8,681.88 ",05/05/2011
4520,Finance,Technician,Technical Diploma,63,F," R$ 26,628.26 ",27/11/2021
4521,IT,Assistant, ,41,F," R$ 14,478.88 ",2019-04-01
4522,Finance,Analyst,Bachelor,38,M," R$ 16,882.21 ",2018-04-23
4523,Marketing,Director,PhD,27,M," R$ 8,423.01 ",2017-08-28
4524,Finance,Analyst,Bachelor,32,M," R$ 16,284.99 ",2021-12-13
4525,HR,Analyst,Bachelor,39,F," R$ 8,654.14 ",2011-06-01
4526,Finance,Coordinator,Bachelor,30,M," R$ 19,216.39 ",2014-07-06
4527,Logistics,Specialist,Master,33,M," R$ 6,490.42 ",2013-06-22
4528,Logistics,Coordinator,Bachelor,52,F," R$ 9,028.49 ",2023-11-03
4529,HR,Specialist, ,52,M," R$ 8,493.89 ",2015-02-15
4530,Logistics,Manager,Master,64,M," R$ 9,388.85 ",2015-05-01
4531,Marketing,Specialist,Master,55,M," R$ 11,993.24 ",2016-03-03
4532,Legal,Analyst,Bachelor,37,M," R$ 13,186.88 ",2017-06-08
4533,IT,Technician,,62,M," R$ 16,484.55 ",2011-10-18
4534,IT,Director,PhD,33,M," R$ 12,077.50 ",2013-10-27
4535,Operations,Analyst,Bachelor,34,M," R$ 7,906.96 ",10/12/2021
4536,Finance,Specialist,Master,57,F," R$ 25,753.74 ",2011-03-09
4537,Marketing,Coordinator,Bachelor,34,," R$ 10,465.14 ",2019-05-08
4538,Marketing,Technician,Technical Diploma,23,M," R$ 7,340.95 ",28/10/2021
4539,Legal, ,Bachelor,36,M," R$ 17,088.60 ",27/09/2012
4540,HR,Specialist,Master,34,F," R$ 7,405.66 ",2017-01-13
4541,Legal,Director,PhD,55,M," R$ 20,010.32 ",2020-03-30
4542,Finance,Director,PhD,47,M," R$ 21,564.26 ",2023-01-20
4543,Operations,Assistant,High School,27,F," R$ 6,364.94 ",2014-02-24
4544,Logistics,Director,PhD,42,M," R$ 7,185.56 ",2023-12-13
4545,Logistics,Assistant,High School,54,F," R$ 8,669.06 ",2015-12-19
4546,Logistics,Assistant,High School,36,F," R$ 6,301.61 ",28/10/2013
4547,Legal,Specialist,Master,56, ," R$ 19,791.56 ",2023-03-21
4548,IT,Coordinator,Bachelor,49,M," R$ 13,351.12 ",2021-11-05
4549,Legal,,Bachelor,63,F," R$ 20,323.72 ",2022-08-14
4550,Finance,,Master,27,F," R$ 17,395.77 ",2021-06-01
4551,Legal,Manager,Master,58,, ,2014-02-22
4552,IT,Manager,Master,61,M," R$ 16,703.33 ",2018-06-17
4553,Marketing,Specialist,Master,27,M," R$ 9,532.28 ",2023-10-01
4554,Finance,Technician,Technical Diploma,32,M," R$ 17,553.62 ",2011-03-20
4555,Operations,Technician,Technical Diploma,35,F," R$ 8,572.18 ",2016-12-25
4556, ,Analyst,Bachelor,42,F," R$ 18,315.54 ",09/04/2016
4557,HR,Analyst,,41,F," R$ 7,431.66 ",2013-10-14
4558,Marketing,Assistant,High School,26,F," R$ 9,318.50 ",2023-11-12
4559, ,Assistant,,30,F," R$ 8,191.15 ",2013-03-08
4560, ,Analyst,Bachelor,51,F,,31/12/2013
4561,Legal, ,High School,63,M," R$ 20,399.99 ",11/01/2012
4562,Marketing,Specialist,,64,F," R$ 12,125.70 ",2014-04-20
4563,Legal,Analyst,Bachelor,59,F," R$ 20,653.09 ",2018-02-25
4564,Finance,Assistant,High School,48,F," R$ 22,633.39 ",2013-07-20
4565,Legal,,Master,26,F," R$ 14,444.57 ",2023-04-29
4566,Marketing,Assistant,High School,26,M," R$ 9,023.26 ",2022-01-14
4567,Marketing,Technician,,61,F," R$ 13,622.72 ",2019-11-05
4568,IT,Manager,Master,36,F," R$ 13,367.96 ",14/04/2020
4569,,Assistant,High School,30,F," R$ 6,837.17 ",2012-07-10
4570,Logistics,Technician,Technical Diploma,46,M," R$ 7,795.23 ",2023-10-23
4571,Marketing,,High School,29, ," R$ 7,287.92 ",2022-06-29
4572,HR,Coordinator,Bachelor,35,M," R$ 6,571.65 ",2010-06-08
4573,Finance,Director,PhD,60,M," R$ 24,883.38 ",2012-11-23
4574,Logistics,Coordinator,Bachelor,53,M," R$ 7,898.75 ",2015-02-18
4575,Marketing,Director,PhD,52,M," R$ 12,205.52 ",23/12/2017
4576,HR,Coordinator,Bachelor,44,M," R$ 7,737.05 ",2012-08-17
4577,HR,Assistant,High School,22,M," R$ 5,612.17 ",03/03/2016
4578,Marketing,Coordinator,Bachelor,52,M," R$ 12,587.58 ",20/08/2016
4579,Legal,Assistant,,28,F,,2010-03-23
4580,Finance,Coordinator,Bachelor,36,F," R$ 18,696.83 ",2014-09-08
4581,Logistics,Manager,Master,63,M," R$ 9,269.70 ",04/03/2012
4582,HR,Assistant,High School,27,F," R$ 5,947.73 ",2019-05-15
4583,,Coordinator,Bachelor,37,F," R$ 9,560.65 ",2023-11-02
4584,,Manager,Master,35,M," R$ 8,786.13 ",01/07/2014
4585,Finance,Manager,Master,38,M,,2020-09-15
4586,HR,Coordinator,Bachelor,31,F," R$ 7,109.28 ",2023-12-26
4587,Legal,Specialist,Master,50,M,,2018-06-30
4588,HR,Manager, ,63,F," R$ 9,997.76 ",2015-11-15
4589,HR,Analyst,Bachelor,29,M," R$ 6,737.11 ",2010-09-08
4590,Logistics,Director,PhD,32,M," R$ 5,756.03 ",2013-05-25
4591,Legal,Coordinator,Bachelor,39,M," R$ 15,267.49 ",12/03/2022
4592,Operations,Analyst, ,41,M," R$ 9,391.05 ",04/07/2019
4593,IT,Director,PhD,37,M," R$ 12,333.34 ",2016-08-30
4594,Finance,Manager,Master,48,F," R$ 26,723.13 ",2021-11-30
4595,Marketing,Specialist,Master,44,M," R$ 10,722.57 ",2018-02-28
4596,Legal,Manager,Master,35,M," R$ 13,793.34 ",2016-01-06
4597,Operations,Technician,Technical Diploma,33,M," R$ 8,218.79 ",2011-09-15
4598,Logistics,Director,PhD,48,M," R$ 7,593.30 ",2012-11-26
4599,IT,Manager,Master,34,M," R$ 12,348.05 ",2016-10-01
4600,Logistics,Assistant,High School,37,F," R$ 6,035.09 ",2015-06-22
4601,Legal,Specialist,Master,54,M," R$ 19,583.36 ",22/08/2015
4602,Finance,Specialist,Master,45,," R$ 17,572.27 ",2012-09-24
4603,Operations,Coordinator,,33,F," R$ 8,350.24 ",2010-04-15
4604,Legal,Technician,,30,M," R$ 13,519.80 ",2017-10-11
4605,Marketing,Specialist,Master,34,F," R$ 9,576.32 ",2023-12-05
4606,Logistics,Analyst,Bachelor,29,F," R$ 5,474.81 ",21/08/2013
4607,IT,Director,PhD,39,M," R$ 13,599.89 ",2011-06-19
4608,Marketing, ,Master,48,F," R$ 11,339.03 ",2013-02-10
4609,Operations,Director,PhD,62,F," R$ 12,342.15 ",05/12/2023
4610,IT,Assistant,High School,54,F," R$ 15,332.18 ",22/11/2013
4611,Legal,Specialist,Master,28,F," R$ 13,710.35 ",2016-02-29
4612,Logistics,Assistant,High School,34,F," R$ 6,838.46 ",04/09/2021
4613,Operations,,Master,36,M," R$ 9,624.45 ",2016-08-11
4614,Marketing,Coordinator,Bachelor,55,," R$ 12,527.57 ",2021-03-03
4615,Marketing,,Master,61,M," R$ 13,769.16 ",2014-06-19
4616,Marketing,Coordinator,Bachelor,41,F," R$ 8,291.80 ",11/12/2015
4617,Marketing,Specialist,Master,58,M," R$ 14,529.58 ",2019-02-17
4618, ,Technician,Technical Diploma,62,F," R$ 25,398.35 ",10/06/2015
4619,Finance,Technician,Technical Diploma,38,M," R$ 15,455.75 ",2013-04-07
4620,HR,Director,PhD,50,F," R$ 8,874.79 ",2012-12-24
4621,IT,Analyst,Bachelor,42,M," R$ 15,025.08 ",2016-03-13
4622,IT,Analyst,Bachelor,35,F," R$ 13,828.37 ",2010-07-30
4623,Finance,Analyst,Bachelor,50,F," R$ 25,158.09 ",09/07/2012
4624,Marketing,Assistant,High School,62,M," R$ 14,792.78 ",2014-09-23
4625,Logistics,Analyst,Bachelor,43,F," R$ 6,063.33 ",2020-09-25
4626,HR,Analyst,,54,M," R$ 7,971.14 ",17/06/2010
4627,Finance,Coordinator,Bachelor,34,F," R$ 19,772.82 ",24/02/2023
4628,Finance,Technician,Technical Diploma,63,M," R$ 23,190.87 ",2012-10-05
4629,HR,Director,PhD,52,F," R$ 9,284.84 ",2019-03-19
4630,IT,Analyst,Bachelor,33,F," R$ 12,708.29 ",2021-03-24
4631,Marketing,Coordinator,Bachelor,53,F," R$ 13,303.46 ",2018-09-18
4632,Finance,Director,PhD,27,F," R$ 15,435.86 ",14/10/2014
4633,Legal,Coordinator,Bachelor,32,M," R$ 16,402.57 ",2021-06-25
4634,HR,,Technical Diploma,44,M," R$ 8,193.87 ",2017-06-10
4635,Logistics,Assistant,High School,28,M," R$ 5,534.18 ",2013-02-11
4636,IT,Director,PhD,41,F," R$ 12,532.45 ",2021-05-16
4637,Operations,Technician,Technical Diploma,25,F," R$ 6,773.99 ",18/04/2015
4638,Legal,Director,PhD,42,F," R$ 15,996.97 ",2021-08-04
4639,Logistics,Specialist,Master,51,F," R$ 8,310.56 ",2017-03-30
4640,IT,Coordinator,Bachelor,46,M," R$ 15,543.34 ",28/06/2015
4641,Marketing,Director,PhD,52,M," R$ 12,455.12 ",2010-03-10
4642,Logistics,Technician,Technical Diploma,23,F," R$ 4,434.82 ",2018-10-06
4643,Finance,Manager,Master,41,F," R$ 18,515.32 ",23/08/2016
4644,Logistics,Coordinator,Bachelor,62,M," R$ 9,870.04 ",28/06/2014
4645,Logistics,Technician,Technical Diploma,35,M," R$ 6,061.89 ",2010-07-09
4646,Legal,Assistant,High School,59,M, ,21/03/2015
4647,Logistics,Manager,Master,44,F," R$ 6,398.85 ",2012-06-14
4648,Marketing,Specialist,Master,26,M," R$ 8,841.20 ",2022-01-11
4649, , ,High School,40,M," R$ 20,726.50 ",2023-12-08
4650,IT,Coordinator,Bachelor,28,F," R$ 12,767.61 ",2020-06-29
4651,Operations,Assistant,High School,42,M," R$ 8,754.34 ",2015-05-20
4652,IT,Manager,Master,54,F," R$ 13,728.01 ",2023-05-07
4653,Legal,Analyst,Bachelor,41,M," R$ 14,853.56 ",2015-10-13
4654,Marketing,Specialist,,30,F," R$ 9,614.25 ",14/10/2022
4655,Marketing,Manager,Master,52,M," R$ 10,497.38 ",25/01/2017
4656,Finance,Analyst,Bachelor,29,F," R$ 15,913.82 ",22/06/2015
4657,Marketing,Assistant,High School,32,F," R$ 10,002.73 ",03/05/2014
4658,IT,Coordinator,Bachelor,28,M," R$ 11,249.89 ",2015-12-18
4659,Marketing,Manager,Master,42,M," R$ 11,398.82 ",23/07/2015
4660,Finance,Manager,Master,49,F,,03/06/2014
4661,Logistics,Technician,Technical Diploma,36,F," R$ 6,358.57 ",06/05/2017
4662,Finance,Director,PhD,29,F," R$ 16,353.78 ",2018-10-27
4663,Finance,Technician,Technical Diploma,33,F," R$ 18,358.22 ",2021-10-20
4664,Legal,Assistant,High School,26,M," R$ 11,168.99 ",2016-10-26
4665,Logistics,Specialist,Master,29,F," R$ 6,130.21 ",2021-08-10
4666, ,Assistant,High School,58,F," R$ 26,270.44 ",2013-08-08
4667,HR,Assistant,High School,35,F," R$ 6,185.89 ",2015-12-18
4668,IT,Coordinator,Bachelor,25,F," R$ 11,226.13 ",2012-01-03
4669,Logistics,Assistant,High School,48,F," R$ 7,053.15 ",2013-12-13
4670,Finance,Manager,Master,36,F," R$ 18,288.07 ",2022-03-12
4671,Operations,Director,PhD,41,F," R$ 8,857.18 ",2018-10-30
4672,Legal,Coordinator,Bachelor,43,F," R$ 14,119.23 ",2016-12-08
4673,Operations, ,Bachelor,63,F," R$ 11,357.73 ",14/02/2019
4674,Logistics,Director,PhD,57,F," R$ 6,582.84 ",2022-04-08
4675,Operations,Specialist,Master,51,F," R$ 10,826.58 ",2018-06-15
4676,IT,Coordinator,Bachelor,54,F," R$ 15,624.20 ",2013-10-30
4677,Operations,,Technical Diploma,49,M," R$ 10,526.84 ",2021-03-22
4678,Marketing,Director,PhD,59,M," R$ 13,455.05 ",2017-02-01
4679,Finance,Coordinator,Bachelor,61,M," R$ 23,739.73 ",2020-10-09
4680,Operations,Technician,Technical Diploma,25,F," R$ 6,128.15 ",2011-03-09
4681,Finance,Assistant,High School,35,M," R$ 18,139.98 ",2012-04-25
4682,Finance,Manager,Master,23,M," R$ 15,115.14 ",2014-07-28
4683,IT,Specialist,Master,58,M," R$ 16,070.91 ",14/11/2018
4684,Marketing,,PhD,40,F," R$ 11,037.73 ",2015-01-29
4685,Legal,Analyst,Bachelor,35,M," R$ 15,205.02 ",2021-02-21
4686,Finance,Director,PhD,28,M," R$ 13,645.38 ",2017-03-10
4687,Legal,Specialist,Master,30,M," R$ 12,722.74 ",2018-01-05
4688,IT,Specialist,Master,54,F," R$ 14,689.94 ",2017-07-22
4689,IT,Technician,Technical Diploma,45,M," R$ 14,280.06 ",2016-02-14
4690,Legal,Director,PhD,63,M," R$ 20,988.95 ",2016-03-29
4691,HR,Analyst,Bachelor,64,F," R$ 10,163.27 ",2014-12-13
4692,Logistics,Specialist, ,42,M," R$ 7,247.29 ",2022-01-26
4693,Operations,Analyst,Bachelor,22,F," R$ 6,760.07 ",2016-11-11
4694,Finance,Manager,Master,42,," R$ 19,192.65 ",2023-08-20
4695,Marketing,Manager,Master,61,M," R$ 14,945.94 ",2015-01-16
4696,HR,Director,PhD,45,F," R$ 7,638.95 ",2022-06-13
4697,Finance,Manager,Master,59,M," R$ 23,326.69 ",2017-12-17
4698,Finance,Assistant,High School,62,M, ,2011-06-11
4699,Finance,Director,PhD,25,M," R$ 15,749.13 ",2010-10-04
4700,Marketing,Director,PhD,27,M," R$ 9,840.86 ",17/03/2010
4701,Logistics,Analyst, ,24,M," R$ 6,187.54 ",2012-09-21
4702,Marketing,Coordinator,,55,F," R$ 13,564.07 ",2017-09-21
4703,Finance, ,High School,46,M," R$ 19,043.36 ",2016-10-15
4704,Operations,Director,PhD,48,M," R$ 9,254.98 ",2013-10-30
4705,Legal,Director,PhD,39,M," R$ 14,120.87 ",2012-04-13
4706,Legal,Analyst,Bachelor,26,F," R$ 15,401.39 ",2017-02-11
4707,IT,Manager,,45,M," R$ 15,499.82 ",2010-10-14
4708,Operations,Coordinator,Bachelor,53,F," R$ 9,627.52 ",2021-11-02
4709,Legal,Assistant,High School,42,M," R$ 16,679.62 ",2018-11-26
4710,Logistics,Director,PhD,55,M," R$ 7,408.73 ",2017-06-08
4711,Legal,Director,PhD,50,M," R$ 18,296.29 ",2022-12-26
4712,Logistics,Technician, ,26,M," R$ 5,363.35 ",2013-03-19
4713,HR,Director,PhD,49,F," R$ 9,310.11 ",2016-07-17
4714,HR,Coordinator,Bachelor,27,M," R$ 6,223.98 ",2018-01-05
4715,Operations,Analyst,Bachelor,32,F," R$ 8,512.61 ",06/05/2018
4716,Legal,Coordinator,Bachelor,60,F," R$ 20,010.31 ",2013-07-23
4717,Legal,Analyst,Bachelor,29,F," R$ 13,633.90 ",2019-05-15
4718,Marketing,Coordinator,Bachelor,56,F," R$ 13,505.15 ",03/02/2017
4719,Marketing,Director,PhD,32,M," R$ 8,117.36 ",2015-09-07
4720,Logistics,Manager,Master,41,F," R$ 7,041.58 ",2021-03-10
4721,Legal,Analyst,Bachelor,64,M," R$ 20,281.51 ",2011-01-28
4722,Logistics,Assistant,High School,43,M," R$ 6,752.23 ",2012-09-18
4723,Operations,Manager,Master,62,F," R$ 11,451.00 ",2018-08-08
4724,IT,Coordinator,Bachelor,33,M," R$ 12,457.36 ",2013-02-20
4725,Logistics,Analyst,Bachelor,26,M," R$ 5,370.04 ",2016-10-07
4726,Marketing,Coordinator,Bachelor,55,M," R$ 11,704.91 ",2019-10-15
4727,HR,Coordinator,Bachelor,63,F," R$ 9,545.81 ",2021-01-31
4728,Finance,Coordinator,Bachelor,55,M," R$ 23,190.19 ",2012-09-21
4729, ,Coordinator,Bachelor,51,F," R$ 8,341.33 ",2011-01-26
4730,IT,Assistant,High School,44,," R$ 15,355.26 ",2020-06-14
4731,Operations,Analyst,Bachelor,57,M," R$ 9,655.24 ",2019-11-10
4732,,Coordinator,Bachelor,46,M," R$ 10,107.92 ",15/10/2017
4733,Finance,Director,PhD,27,F," R$ 17,338.85 ",2019-12-07
4734,Legal,Director,PhD,63,M," R$ 20,926.49 ",2016-08-31
4735,IT,Assistant,High School,50,F,,2012-04-29
4736,Logistics,Assistant,High School,42,F," R$ 6,201.65 ",2023-05-19
4737,Logistics,Director,PhD,28,F,,04/08/2018
4738,Operations,Assistant,High School,58,F," R$ 11,313.32 ",22/12/2019
4739,Marketing,Technician,Technical Diploma,62,F," R$ 13,511.18 ",2012-01-21
4740,HR,Assistant,High School,30,M," R$ 6,497.48 ",2018-01-13
4741,Logistics,Coordinator,Bachelor,57,F," R$ 7,221.75 ",2014-01-05
4742,Finance,Assistant,High School,22,M," R$ 13,052.04 ",11/08/2023
4743,Logistics,Assistant,High School,52,F," R$ 8,959.56 ",2022-07-14
4744,Legal,Specialist, ,41,F," R$ 15,762.60 ",2022-11-19
4745,Operations,Manager,Master,49,M," R$ 11,462.98 ",2022-01-11
4746,IT,Manager,Master,40,F," R$ 13,886.98 ",2023-02-13
4747,Finance,Assistant, ,22,F," R$ 15,717.20 ",2020-06-22
4748,Legal,Manager,Master,50,F," R$ 19,781.82 ",08/08/2015
4749,Legal,Analyst,Bachelor,31,M," R$ 13,785.92 ",2020-03-08
4750,Logistics,Manager,Master,57,F," R$ 9,123.18 ",2020-09-22
4751,Finance,Specialist,Master,44,F," R$ 19,748.04 ",2012-03-20
4752,IT,Director,PhD,39,M," R$ 11,684.67 ",2017-05-03
4753,HR,Specialist,Master,50,F," R$ 8,451.23 ",2018-07-05
4754,IT,Technician,Technical Diploma,49,M," R$ 13,800.16 ",2010-07-10
4755,Logistics,Director,PhD,28,F," R$ 5,392.04 ",11/08/2014
4756,Operations,Analyst, ,52,M," R$ 11,248.94 ",29/10/2022
4757,Operations,Specialist,Master,59,F," R$ 11,960.36 ",2020-09-04
4758,Legal,Coordinator,Bachelor,62,M," R$ 22,812.91 ",2022-06-04
4759,Legal,Coordinator,Bachelor,23,F," R$ 12,663.27 ",2011-03-01
4760,Marketing,Manager,Master,36,M," R$ 10,152.54 ",02/11/2015
4761,Legal,Specialist,Master,43,F," R$ 17,043.06 ",2015-07-10
4762,IT,Director,PhD,32,M," R$ 10,908.25 ",2016-02-20
4763,Operations,Technician,Technical Diploma,40,M," R$ 8,750.29 ",22/02/2014
4764,Finance,Director,PhD,27,F,,2019-02-25
4765,Finance,Coordinator,Bachelor,30,F," R$ 19,037.77 ",2019-02-13
4766,Finance,Technician,Technical Diploma,50,M," R$ 22,968.73 ",2022-03-08
4767,Logistics,Analyst,Bachelor,64,F," R$ 9,879.60 ",2018-06-02
4768,Logistics,Manager,Master,24,F," R$ 5,414.87 ",2020-03-26
4769,IT,Director,PhD,34,M," R$ 12,878.19 ",2010-02-20
4770,Logistics,Analyst,Bachelor,36,F," R$ 6,119.59 ",2015-12-17
4771,Finance,Technician,Technical Diploma,26,F," R$ 13,549.66 ",2010-02-14
4772,HR,Analyst,Bachelor,26,M," R$ 5,070.47 ",2018-04-24
4773,IT,Coordinator, ,23,F," R$ 10,586.50 ",2015-01-07
4774,Operations,Coordinator,Bachelor,59,M," R$ 11,643.56 ",2010-04-12
4775,Logistics,Assistant,High School,51,F," R$ 7,041.76 ",2019-03-08
4776, ,Analyst,Bachelor,49,M," R$ 20,773.22 ",2018-03-05
4777,Logistics,Assistant,High School,60,M," R$ 8,012.56 ",2010-12-22
4778,Operations,Manager,Master,53,F," R$ 11,676.59 ",2020-10-10
4779,Logistics,Manager,Master,41,F," R$ 5,976.88 ",2020-01-01
4780,HR,Director,PhD,41,F," R$ 7,903.86 ",2012-12-22
4781,Finance,Technician,Technical Diploma,50,M," R$ 22,458.54 ",2013-12-15
4782,Legal,Technician,Technical Diploma,56,M," R$ 19,816.28 ",2015-04-28
4783,Marketing,Analyst,Bachelor,53,F," R$ 12,506.62 ",25/12/2018
4784,Operations,Director,PhD,38,F," R$ 10,518.92 ",2021-08-19
4785,Operations,Director,PhD,29,M," R$ 8,787.57 ",2015-09-06
4786,Marketing,Specialist,Master,42,M," R$ 11,856.22 ",2019-04-09
4787,Legal,Director,PhD,44,F," R$ 17,251.16 ",15/11/2023
4788,Legal,Manager,Master,48,M," R$ 19,353.31 ",2023-04-05
4789,Legal,Specialist,Master,27, ," R$ 15,687.00 ",2017-01-05
4790,Operations,Manager,Master,29,F," R$ 7,641.35 ",2011-10-31
4791,Legal,Analyst,Bachelor,56,F," R$ 18,508.82 ",02/11/2019
4792,Operations,Specialist,Master,26,F," R$ 7,825.56 ",2012-02-28
4793,Legal,Assistant,High School,54,F," R$ 21,202.52 ",2019-06-23
4794,Operations,Director,PhD,22,M," R$ 7,104.96 ",2016-03-25
4795,HR,Specialist,Master,45,," R$ 8,077.77 ",2023-11-24
4796,Operations,Coordinator,Bachelor,53,M," R$ 9,206.93 ",17/07/2017
4797,Legal,Assistant,High School,54,F," R$ 20,106.44 ",2019-09-12
4798,Marketing,Specialist,Master,59,F," R$ 13,276.15 ",2022-06-26
4799,Marketing,Coordinator,Bachelor,23,M," R$ 8,776.94 ",16/05/2016
4800,IT,Manager,Master,38,F,,2018-02-27
4801,Logistics,Director,PhD,31,M," R$ 6,514.20 ",12/02/2015
4802,Finance,Manager,Master,58,F," R$ 25,126.64 ",2012-05-18
4803,Legal,Manager,Master,58,F," R$ 20,945.63 ",2019-05-08
4804,IT,Manager,Master,23,F," R$ 10,411.46 ",2020-07-26
4805,Marketing,Specialist,Master,33,M," R$ 7,981.06 ",2020-01-06
4806,IT,Manager,Master,58,F," R$ 18,265.88 ",2010-07-20
4807,Finance,Technician,Technical Diploma,51,F," R$ 22,500.72 ",2015-12-14
4808,Marketing,Director,PhD,36,M," R$ 9,687.71 ",2018-03-20
4809,Logistics,Assistant,High School,44,F," R$ 6,755.69 ",2010-09-16
4810,Marketing,Director, ,39,M," R$ 11,020.19 ",2020-04-10
4811,HR,Analyst,Bachelor,52,F," R$ 8,768.82 ",2016-04-19
4812,HR,Technician,Technical Diploma,59,M," R$ 10,218.77 ",2013-06-23
4813,Finance,Analyst,Bachelor,50,M," R$ 22,470.16 ",2013-06-14
4814,Marketing,Technician,Technical Diploma,35,F," R$ 10,188.52 ",2013-03-04
4815,Operations,Technician,Technical Diploma,64,F," R$ 13,037.59 ",2015-07-07
4816,Marketing,Specialist,Master,61,M," R$ 13,056.21 ",2011-04-30
4817,IT,Specialist,Master,44,M," R$ 13,287.67 ",2016-08-21
4818,Marketing,Director,,46,F," R$ 11,799.76 ",2021-10-16
4819,Logistics,Manager,Master,62,F," R$ 9,072.64 ",22/04/2022
4820,Operations,Director,PhD,59,F," R$ 12,011.76 ",12/02/2022
4821,HR,Coordinator,Bachelor,49, ," R$ 8,780.99 ",2017-11-21
4822,Finance,Specialist,Master,56,F," R$ 24,105.18 ",07/03/2020
4823,Marketing,Analyst,Bachelor,51,M," R$ 11,003.17 ",25/05/2012
4824,HR,Technician,Technical Diploma,48,M," R$ 9,514.09 ",2013-11-26
4825,Logistics,Technician,Technical Diploma,29,F," R$ 5,128.08 ",2010-05-26
4826,Marketing,Director,PhD,40,M," R$ 10,029.00 ",15/08/2013
4827,IT,Director,PhD,22,F,,2019-07-03
4828,HR,Assistant,High School,41,M," R$ 8,113.61 ",2019-11-09
4829,Legal,Manager,Master,51,M," R$ 15,313.50 ",2021-07-04
4830,Marketing,Manager,Master,50,M," R$ 12,534.92 ",2021-09-17
4831,IT,Assistant,,29,F," R$ 12,819.44 ",2015-10-12
4832,Marketing,Assistant,High School,35,M," R$ 9,987.69 ",2010-08-30
4833,Marketing, ,Master,59,F," R$ 12,679.89 ",2016-08-08
4834,Logistics,Technician,Technical Diploma,24,M," R$ 5,488.48 ",2020-04-01
4835,HR,Technician,Technical Diploma,24,F," R$ 6,322.23 ",11/09/2010
4836,IT,Specialist,Master,35,M," R$ 12,003.32 ",2022-08-03
4837,Legal,Specialist,Master,42,M," R$ 19,088.63 ",2014-05-17
4838,Operations,Specialist,Master,56,M," R$ 11,307.79 ",2019-08-20
4839,Legal,Director,PhD,64,M," R$ 23,262.08 ",2017-02-17
4840,Marketing,Technician,Technical Diploma,62,M," R$ 14,319.35 ",2010-06-28
4841,IT,Assistant,High School,48,F," R$ 13,711.29 ",2022-01-27
4842,HR,Specialist,Master,49,F," R$ 9,192.62 ",2021-09-30
4843,Finance,Assistant,High School,49,F," R$ 22,655.65 ",2010-03-09
4844,HR,Analyst,,26,M," R$ 5,782.90 ",2017-11-30
4845,Legal,Assistant,High School,64,F," R$ 24,531.58 ",2020-06-14
4846,Legal,Assistant,High School,60,F," R$ 19,427.25 ",13/10/2018
4847,IT,Technician,Technical Diploma,31,M," R$ 29,794.10 ",2011-05-30
4848,HR,Coordinator,Bachelor,30,F, ,2016-09-04
4849,Operations,Director,PhD,41,F," R$ 9,741.29 ",2013-05-25
4850,Legal,Director,PhD,50,M," R$ 18,842.47 ",2010-05-04
4851,Logistics,Coordinator,Bachelor,50,F," R$ 7,677.08 ",23/06/2016
4852,HR,Analyst,Bachelor,49,M," R$ 7,849.04 ",2012-05-20
4853,Marketing,Specialist,Master,32,M," R$ 9,800.98 ",2010-11-02
4854,Marketing,Analyst,Bachelor,42,F," R$ 11,740.01 ",2011-09-27
4855,Marketing,Director,PhD,56,F," R$ 12,586.77 ",25/06/2014
4856,Logistics,Manager,Master,44,F," R$ 7,753.56 ",2017-09-25
4857,Logistics,Manager,,50,M," R$ 7,723.07 ",2019-10-13
4858,Legal,Specialist,Master,36,F," R$ 16,177.01 ",08/07/2016
4859,HR,Manager,Master,38,M," R$ 7,999.16 ",2018-12-19
4860,Marketing,Director,PhD,45,F," R$ 11,001.17 ",2016-03-20
4861,IT,Assistant,High School,56,F," R$ 15,694.22 ",2022-06-08
4862,Finance,Assistant,High School,41,M," R$ 19,399.58 ",29/03/2017
4863,Legal,Analyst,Bachelor,57,F," R$ 22,039.71 ",2020-04-10
4864,Legal,Assistant,High School,32,F," R$ 15,358.24 ",2010-01-16
4865, ,Analyst,Bachelor,51,F," R$ 19,062.77 ",22/09/2022
4866,Marketing,Coordinator,Bachelor,60,F," R$ 13,274.44 ",2016-05-13
4867,Operations,Analyst,Bachelor,41,M," R$ 9,159.86 ",02/10/2018
4868,Legal,Manager,Master,43,M,,2014-10-03
4869,Operations,Assistant,High School,45,F," R$ 8,794.49 ",2014-02-24
4870, ,Technician,Technical Diploma,35,F," R$ 7,998.07 ",2023-05-21
4871,Legal,Director,PhD,57,F," R$ 21,656.52 ",2012-09-15
4872,Operations,Analyst,Bachelor,34,F," R$ 7,428.85 ",2015-10-29
4873,Legal,Coordinator,Bachelor,22,M," R$ 10,733.20 ",2019-06-11
4874,Legal,Specialist,Master,48,F, ,2011-11-17
4875,Marketing,Coordinator,Bachelor,34,M," R$ 9,659.01 ",2014-02-26
4876,Marketing,Assistant,High School,56,M," R$ 15,022.44 ",2012-09-09
4877,Marketing,Manager,Master,29,M," R$ 9,526.66 ",01/06/2022
4878,IT,Manager,Master,39,M," R$ 14,181.46 ",2021-05-27
4879,Legal,Director,PhD,55,M," R$ 20,439.93 ",2012-10-14
4880,HR,Director,PhD,27,M," R$ 6,867.86 ",2023-02-16
4881,Operations,Specialist,Master,48,M," R$ 9,662.97 ",2010-05-07
4882,IT,Assistant,High School,39,M," R$ 11,835.30 ",23/03/2010
4883,IT,Specialist,Master,30,M," R$ 12,736.25 ",2011-04-05
4884,Finance,Analyst, ,36,M," R$ 16,007.54 ",03/07/2015
4885,Marketing,Specialist,Master,44,M," R$ 11,551.33 ",2023-01-27
4886,Operations,Assistant,High School,24,M," R$ 7,265.78 ",2010-04-17
4887,Legal,Technician,Technical Diploma,30,M," R$ 14,635.31 ",2012-04-16
4888,Legal,Manager,Master,43,F," R$ 18,563.31 ",2010-09-04
4889,IT,Coordinator,Bachelor,44,F," R$ 12,618.62 ",2015-03-24
4890,IT,Manager,Master,41,M," R$ 12,782.91 ",2016-02-08
4891,Finance,Specialist,Master,28,M," R$ 15,936.54 ",2022-06-28
4892,Marketing,Specialist,Master,38,," R$ 9,243.63 ",04/01/2010
4893,Marketing,Assistant,High School,24,," R$ 7,785.91 ",2023-06-23
4894,Legal,Analyst,Bachelor,28,F," R$ 14,033.48 ",2010-01-08
4895,Operations,Coordinator,Bachelor,34,M," R$ 7,609.29 ",26/08/2020
4896,Marketing,Technician,Technical Diploma,62,F," R$ 13,508.63 ",22/06/2011
4897,Marketing,Coordinator,Bachelor,62,F," R$ 11,064.68 ",2020-05-10
4898,HR,Specialist,Master,44,M," R$ 7,607.35 ",2023-05-06
4899,Legal,Director,PhD,58,F," R$ 18,769.40 ",2014-04-02
4900,Marketing,Assistant,High School,25,F," R$ 8,484.85 ",2011-03-27
4901,HR, ,PhD,30,F," R$ 7,315.83 ",25/03/2022
4902,Marketing,Specialist,Master,27,F," R$ 8,188.29 ",2021-04-20
4903,Logistics,Director,PhD,63,M," R$ 8,145.70 ",2010-12-22
4904,Marketing,Specialist, ,39,M," R$ 11,063.01 ",28/08/2015
4905, ,Assistant,High School,56,M," R$ 9,599.01 ",2023-03-23
4906,Legal,Specialist,Master,44,F,,2014-08-27
4907,Finance,Director,PhD,52,F," R$ 20,236.84 ",2020-07-26
4908,,Technician,Technical Diploma,41,M," R$ 9,245.31 ",2013-05-04
4909,Legal,Director,PhD,28,M," R$ 13,817.11 ",2021-01-11
4910,Operations,Specialist,Master,33,M," R$ 8,295.43 ",2021-06-14
4911,Finance,Coordinator,Bachelor,58,M," R$ 18,407.20 ",08/12/2016
4912,Marketing,Analyst,Bachelor,25,M," R$ 7,545.33 ",2012-12-09
4913,Operations,Specialist,Master,33,F," R$ 8,694.15 ",2017-03-16
4914,IT,Director,PhD,36,M," R$ 10,098.01 ",05/08/2013
4915,Finance,Specialist,Master,23,F," R$ 15,789.81 ",2014-06-02
4916,Marketing,Technician,Technical Diploma,32,M," R$ 10,167.90 ",2012-01-13
4917,Operations,Coordinator,Bachelor,54,M," R$ 11,768.50 ",2010-10-26
4918,Finance,Technician,Technical Diploma,35,F," R$ 17,273.51 ",2023-04-26
4919,Legal,Coordinator,Bachelor,48,M," R$ 16,016.51 ",12/08/2018
4920,IT,Specialist,Master,25,F," R$ 11,022.83 ",2021-07-11
4921,IT,Coordinator,Bachelor,59,F," R$ 17,373.29 ",2013-01-24
4922,Finance,Assistant,High School,61,M," R$ 50,024.15 ",2013-11-18
4923,IT,Coordinator,Bachelor,41,M," R$ 9,667.23 ",2019-06-04
4924,Operations,Manager,Master,23,F," R$ 7,847.88 ",25/05/2023
4925,Operations,Technician, ,25,F, ,2014-04-22
4926,HR, ,Bachelor,45,F," R$ 8,021.24 ",2016-05-05
4927,HR,Coordinator,Bachelor,30,F," R$ 7,485.47 ",2017-05-07
4928,Logistics,Manager,Master,40,M," R$ 5,931.36 ",2023-02-26
4929,Operations,Coordinator,Bachelor,29,F," R$ 6,875.38 ",2022-03-08
4930,IT,Assistant,High School,62,M," R$ 15,624.43 ",2018-01-06
4931,Finance,Coordinator,Bachelor,49,F," R$ 22,090.76 ",12/09/2014
4932,Logistics,Manager,Master,34,M," R$ 6,449.82 ",05/12/2021
4933,HR,Coordinator,Bachelor,29,F," R$ 6,472.06 ",2015-10-08
4934,IT,Analyst,Bachelor,35,M," R$ 11,441.47 ",2016-11-27
4935,Logistics,Technician,Technical Diploma,31,F," R$ 5,869.13 ",2018-10-03
4936,Marketing,Specialist,Master,41,M," R$ 11,851.83 ",2016-09-14
4937, ,Coordinator,Bachelor,22,M," R$ 10,273.23 ",2014-07-04
4938,Finance,Manager,Master,33,F," R$ 18,176.65 ",21/06/2014
4939,Finance,Manager,Master,56,M," R$ 21,446.60 ",2020-12-17
4940,Finance,,Master,41,F," R$ 17,804.06 ",2019-08-29
4941,IT,Manager,Master,33,F," R$ 12,238.89 ",2021-10-27
4942,Finance,Analyst, ,33,F," R$ 19,479.98 ",2020-08-03
4943,Marketing,Manager,Master,60,M," R$ 12,333.35 ",20/04/2011
4944,Logistics,Director,PhD,50,M," R$ 7,736.15 ",09/09/2019
4945,Logistics,Technician,Technical Diploma,24,M," R$ 4,956.90 ",2018-10-20
4946,Logistics,Manager,Master,28,M, ,2010-11-21
4947,Logistics,Coordinator,Bachelor,44,M," R$ 5,746.97 ",2010-08-08
4948,HR,Specialist,Master,34,M," R$ 6,590.12 ",2014-06-05
4949,HR,Assistant,High School,32,M," R$ 6,529.58 ",2016-10-17
4950,Finance,Analyst,Bachelor,46,M," R$ 19,614.87 ",2016-09-13
4951,Finance,Director,PhD,41,M," R$ 18,488.02 ",2020-07-28
4952,Operations,Analyst,Bachelor,48,M," R$ 9,157.05 ",29/08/2015
4953,IT,Manager,Master,27,M," R$ 9,344.16 ",2011-10-29
4954,Logistics,Specialist,Master,27,F," R$ 5,374.05 ",2010-07-05
4955,IT,Manager,Master,60,F,,2015-06-30
4956,HR,Specialist,Master,62,M, ,2011-12-05
4957,Operations,Coordinator,Bachelor,30,M," R$ 6,702.37 ",2012-04-01
4958,HR,Specialist,Master,42,F," R$ 8,042.59 ",08/11/2015
4959,Logistics,Specialist,Master,39,M," R$ 6,513.89 ",2023-04-05
4960,Operations,Manager,Master,22,F," R$ 6,713.79 ",2023-01-15
4961,Finance,Assistant,High School,33,F," R$ 14,818.81 ",2013-06-11
4962,HR,Manager,Master,22,F," R$ 5,436.77 ",2011-04-26
4963,Marketing,Manager,Master,49,F," R$ 12,231.02 ",07/04/2022
4964,HR,Analyst,,45,F," R$ 8,453.76 ",2019-11-24
4965,Logistics,Assistant,High School,40,M," R$ 6,634.70 ",02/05/2018
4966,Operations,Manager,Master,35,F," R$ 7,886.45 ",17/05/2021
4967,HR,Technician,Technical Diploma,35,M," R$ 7,939.95 ",2017-04-04
4968,Marketing,Analyst,Bachelor,47,M," R$ 11,905.83 ",2023-06-08
4969,Logistics,Analyst,Bachelor,37,F," R$ 6,809.44 ",2023-11-01
4970,HR,Director,PhD,45,F," R$ 9,246.26 ",2023-03-19
4971, ,Technician,Technical Diploma,53,M," R$ 13,808.24 ",2013-05-05
4972,Marketing,Director,PhD,27,F," R$ 9,393.10 ",2020-05-13
4973,Marketing,Coordinator,Bachelor,51,M," R$ 12,050.76 ",07/03/2023
4974,Legal,Director,PhD,44,F," R$ 15,176.97 ",21/04/2011
4975,Marketing,Director,PhD,40,, ,05/02/2015
4976,Legal,Coordinator,Bachelor,46,M," R$ 16,732.55 ",2015-04-16
4977,Operations,Assistant,High School,46,F," R$ 9,430.52 ",2021-10-13
4978,IT, ,,23,F," R$ 10,165.46 ",2019-03-09
4979,Logistics,Assistant,High School,31,M,,2011-11-19
4980,Logistics,Director,PhD,62,F," R$ 9,813.65 ",2012-09-02
4981,HR,Specialist,Master,48,F," R$ 8,399.51 ",2011-03-04
4982,IT,Director,PhD,29,F, ,2019-03-26
4983,HR,Coordinator,Bachelor,62,M," R$ 8,594.16 ",2010-04-16
4984,Logistics,Analyst,Bachelor,64,F, ,08/10/2010
4985,Logistics,Analyst,Bachelor,54,M," R$ 8,043.59 ",2023-12-26
4986,Marketing, ,High School,64,M," R$ 12,880.50 ",2021-03-10
4987,Logistics,Analyst,Bachelor,40,M," R$ 6,354.86 ",2019-02-09
4988,Finance,Coordinator,Bachelor,51,M," R$ 21,576.23 ",2012-03-01
4989,Finance,Technician,Technical Diploma,55,M," R$ 21,563.14 ",2015-09-21
4990,IT,Analyst,Bachelor,35,M," R$ 12,201.65 ",2020-05-28
4991,Operations,Analyst,Bachelor,57,F," R$ 12,457.32 ",2010-06-16
4992,IT,Director,PhD,41,F, ,2020-06-04
4993,IT,Director,PhD,44,M," R$ 15,649.53 ",2021-05-07
4994,Marketing,Specialist,Master,36,M," R$ 8,605.68 ",2014-04-15
4995,Finance,Assistant,High School,23,F," R$ 16,275.96 ",2016-09-24
4996,IT,Specialist,Master,45,F," R$ 14,074.91 ",2016-05-04
4997,Finance,Manager,Master,45, ," R$ 19,700.93 ",2013-01-17
4998,Finance,Director,PhD,52,F," R$ 22,033.97 ",2017-10-17
4999,HR,Director,PhD,37,F," R$ 7,023.16 ",2020-01-16
5000,Logistics,Manager,Master,25,F," R$ 5,242.66 ",2019-10-07
5001,IT,Director,PhD,55,M, ,2022-08-22
5002,Finance,Manager,Master,36,F," R$ 17,849.08 ",2022-11-17
5003,IT,Specialist,Master,40,M," R$ 14,596.84 ",2022-03-09
5004,IT,Specialist,Master,40,F," R$ 13,253.96 ",2017-02-27
5005,Legal,Manager,Master,56,F," R$ 22,610.88 ",2010-04-21
5006,Legal,Director,PhD,41,M," R$ 17,414.71 ",2021-05-16
5007,Legal,Coordinator,Bachelor,60,M," R$ 19,639.14 ",2022-09-05
5008,Legal,Coordinator,Bachelor,62,F," R$ 21,924.56 ",2019-11-26
5009,IT,Specialist,Master,50,," R$ 15,521.69 ",2023-03-02
5010,Logistics,Specialist,Master,36,M," R$ 5,944.93 ",2020-11-03
5011,Legal,Manager,Master,41,M," R$ 17,335.86 ",2012-04-26
5012,HR,Analyst,Bachelor,53,F," R$ 7,784.86 ",2015-09-01
5013,HR,Director,PhD,34,M," R$ 7,294.48 ",25/07/2010
5014,,Assistant,High School,28,F," R$ 5,915.55 ",2016-05-27
5015,IT,Assistant,High School,37,M," R$ 10,290.15 ",2020-03-26
5016,Finance,Technician,Technical Diploma,31,F," R$ 15,079.77 ",2019-01-28
5017,Finance,Specialist,Master,23,F," R$ 15,776.05 ",2012-07-16
5018,Legal,Assistant,High School,59,F," R$ 23,102.61 ",2011-01-23
5019,Marketing,Specialist,Master,39,F," R$ 10,909.61 ",2018-08-14
5020,Marketing,,Technical Diploma,55,M," R$ 13,888.42 ",2014-02-02
5021,Finance,Specialist,Master,42,," R$ 19,803.97 ",2012-01-22
5022,Logistics,Coordinator,Bachelor,42,F," R$ 5,908.13 ",2019-04-19
5023,Logistics,Assistant,High School,22, ," R$ 5,357.77 ",2016-03-19
5024,Operations,Coordinator,Bachelor,36,F," R$ 8,975.43 ",2023-11-27
5025,HR,Analyst,Bachelor,31,M,,2018-03-21
5026,Finance,Director,PhD,56,F," R$ 17,507.69 ",2011-11-11
5027,Operations,Manager,Master,46,M," R$ 9,349.22 ",26/03/2023
5028,Operations,Assistant,High School,53,M," R$ 11,934.05 ",2016-09-09
5029,Legal,,Bachelor,52, ,,2011-04-19
5030,Operations,Technician,Technical Diploma,31,M," R$ 7,553.69 ",2014-04-17
5031,Finance,Assistant,High School,24,M," R$ 17,057.37 ",2017-08-19
5032,Logistics,Assistant,High School,43,M," R$ 6,883.93 ",2022-11-17
5033,Operations,Technician,Technical Diploma,59,F," R$ 11,497.11 ",2020-09-02
5034,Logistics,Analyst,Bachelor,23,M," R$ 5,260.26 ",2012-11-28
5035,Logistics,Director,PhD,44,M," R$ 6,231.13 ",2019-09-21
5036,Logistics,Specialist,Master,62,M,,2023-01-25
5037,Marketing,Director,PhD,61,M," R$ 12,606.53 ",2011-11-27
5038,Marketing,Manager,Master,45,F," R$ 11,260.41 ",2020-09-11
5039,HR,Director,PhD,53,F," R$ 7,852.21 ",2022-08-31
5040,IT,Specialist,Master,54,F,,2014-06-14
5041,HR,Director,PhD,48,M," R$ 9,727.66 ",2019-12-15
5042,Legal,Analyst,Bachelor,34,F," R$ 15,123.85 ",2021-09-18
5043,Logistics,Technician,Technical Diploma,58,F," R$ 8,654.22 ",2017-08-30
5044,Marketing,Specialist,Master,60,M," R$ 13,056.78 ",2019-12-05
5045,HR,Manager,Master,50,F," R$ 7,705.16 ",2022-02-18
5046,Finance,Technician,Technical Diploma,62,F," R$ 23,034.78 ",2015-05-24
5047,Marketing,Specialist,Master,46,F," R$ 11,973.00 ",2018-07-28
5048,Operations,Manager,Master,40,F," R$ 9,679.25 ",2012-12-30
5049,Legal,Director,PhD,22,F," R$ 13,354.70 ",2011-09-02
5050,Legal,Assistant,High School,56,F," R$ 20,304.52 ",2014-03-05
5051,IT,Analyst,Bachelor,37,M," R$ 13,206.04 ",2012-04-30
5052,Finance,Assistant,High School,29,M," R$ 16,308.31 ",2012-01-27
5053,Operations,Analyst,Bachelor,28,M," R$ 7,501.64 ",21/07/2021
5054,IT,Coordinator,Bachelor,42,F," R$ 12,883.60 ",2017-05-08
5055,IT,Technician,Technical Diploma,32,F," R$ 13,628.59 ",2016-07-16
5056,HR,Analyst,Bachelor,47,M," R$ 8,549.32 ",2016-04-01
5057,HR,Coordinator,Bachelor,36,M," R$ 7,122.91 ",06/02/2012
5058,Finance,Specialist,Master,27,F," R$ 15,259.99 ",18/08/2012
5059,Logistics,Coordinator,Bachelor,58,M," R$ 7,363.19 ",2012-02-16
5060,IT,Manager,Master,25,F," R$ 10,783.32 ",2014-02-07
5061,Finance,Manager,Master,40,F," R$ 18,980.50 ",2013-10-11
5062,Finance,Technician,Technical Diploma,42,M," R$ 21,398.93 ",2015-10-26
5063,Finance,Director,PhD,58,M," R$ 24,977.27 ",2020-07-02
5064,Marketing,Analyst,Bachelor,64,F," R$ 14,606.40 ",07/03/2017
5065,Logistics,Director,PhD,39,M," R$ 6,786.64 ",02/05/2016
5066,Logistics,Coordinator,Bachelor,63,F," R$ 8,731.14 ",2014-09-11
5067,IT,Director,PhD,57,F," R$ 18,336.78 ",2013-06-14
5068,Logistics,Technician,Technical Diploma,58,M," R$ 9,099.80 ",2018-01-15
5069,Marketing,Technician,Technical Diploma,36,M," R$ 11,425.26 ",2016-07-31
5070,Logistics,Coordinator, ,59,F," R$ 8,748.46 ",2016-03-12
5071,Marketing,Manager,Master,23,F," R$ 8,686.12 ",2014-10-30
5072,Operations,Technician,Technical Diploma,63,M," R$ 11,208.67 ",2014-02-12
5073,Operations,Coordinator,Bachelor,52,F," R$ 10,092.26 ",2020-06-18
5074,Operations,Technician,Technical Diploma,27, ," R$ 8,004.97 ",18/06/2012
5075,Legal,Technician,Technical Diploma,40,," R$ 17,031.57 ",2017-05-30
5076,Logistics,Assistant,,59,F," R$ 8,179.23 ",01/09/2010
5077,IT,Specialist, ,36,M," R$ 12,892.42 ",2023-02-03
5078, ,Manager,Master,54,M," R$ 10,872.73 ",2023-05-23
5079,Operations,Specialist,Master,61,F," R$ 11,510.08 ",2011-03-08
5080,Marketing,Assistant,High School,47,M," R$ 10,844.46 ",2011-11-08
5081,IT,Technician,Technical Diploma,51,M," R$ 15,810.40 ",2020-05-07
5082,Marketing,Analyst,Bachelor,32,F," R$ 8,195.90 ",2014-10-19
5083,Legal,Analyst,Bachelor,22,F," R$ 14,776.83 ",2015-06-27
5084,Logistics,Director,PhD,35,M," R$ 5,864.16 ",2010-12-25
5085,Logistics,Analyst,Bachelor,31,F," R$ 5,684.45 ",2021-07-04
5086,Finance,Analyst,Bachelor,38, ," R$ 18,604.63 ",12/02/2017
5087,Legal,Coordinator,Bachelor,32,F," R$ 15,387.74 ",2014-11-24
5088,Finance,Manager,Master,63, ," R$ 24,586.33 ",2014-10-06
5089,Legal,Specialist,Master,36,F," R$ 16,807.57 ",15/09/2020
5090,Finance,Analyst,Bachelor,33,M," R$ 17,781.46 ",2023-04-16
5091,Operations,Director,PhD,24,," R$ 7,715.05 ",2017-09-26
5092,Operations,Technician,Technical Diploma,43,M," R$ 9,418.83 ",19/02/2010
5093,HR,Director,PhD,47,M," R$ 8,142.76 ",2016-10-07
5094,HR,Technician,Technical Diploma,60,F," R$ 9,865.68 ",2019-12-20
5095,Legal,Director, ,64,M," R$ 21,701.57 ",2017-02-27
5096,Marketing,Assistant, ,44,M,,2020-12-17
5097,IT,Manager, ,37,M," R$ 13,263.77 ",2010-11-12
5098,Logistics,Assistant,High School,24,F," R$ 5,409.44 ",12/11/2020
5099,IT,Director,PhD,51,M," R$ 13,269.19 ",2017-04-25
5100,Logistics,Specialist,Master,34,F," R$ 6,650.95 ",2010-03-13
5101,Marketing,Analyst,Bachelor,29,M," R$ 9,702.11 ",2014-03-29
5102,Logistics, ,Bachelor,45,F," R$ 7,308.29 ",2023-04-13
5103,Marketing,Specialist,,26,M," R$ 7,515.37 ",2012-03-01
5104,Logistics,Coordinator,Bachelor,28,F," R$ 5,218.09 ",04/03/2023
5105,IT,Specialist,Master,48,," R$ 13,847.72 ",2013-09-08
5106,Operations,Coordinator,Bachelor,33,M," R$ 8,792.05 ",2013-05-04
5107,IT,Assistant,High School,62,," R$ 17,182.21 ",2015-02-10
5108,,Coordinator,Bachelor,46,F," R$ 20,046.59 ",2018-09-08
5109,HR,Coordinator,Bachelor,63,F," R$ 10,555.78 ",2012-06-30
5110,Marketing,Director,PhD,54,F," R$ 12,197.64 ",2023-04-25
5111,Logistics,Manager,Master,36,M," R$ 6,540.21 ",13/02/2019
5112,Legal,Manager,Master,52,F," R$ 17,793.66 ",2012-12-15
5113,Logistics,Technician,Technical Diploma,32,F," R$ 6,224.50 ",2021-11-25
5114,HR,Assistant,,57,F," R$ 8,673.09 ",2017-02-04
5115,Finance,Director,PhD,27,F," R$ 14,191.78 ",2022-08-21
5116,IT, ,Bachelor,47,F," R$ 14,151.46 ",2016-11-24
5117,Logistics,Specialist,Master,29,," R$ 5,082.25 ",2017-10-23
5118,Operations,Assistant,High School,60,F," R$ 12,243.14 ",2010-03-19
5119,Finance,Specialist,Master,58,M," R$ 25,178.96 ",2014-09-04
5120,,Specialist,Master,58,M," R$ 18,464.52 ",2017-01-06
5121,Operations,Assistant, ,51,M," R$ 10,866.53 ",2010-06-13
5122,Operations,Manager,Master,59,M," R$ 11,938.61 ",2015-02-08
5123,Logistics,Director,PhD,37,M," R$ 6,416.22 ",16/02/2010
5124,IT,Manager,Master,36,M," R$ 11,520.75 ",2012-04-27
5125,Logistics,Specialist,Master,59,F," R$ 9,492.89 ",23/08/2013
5126,HR,Specialist,Master,29,M," R$ 6,590.57 ",2023-10-13
5127,HR, ,Master,56,M," R$ 10,173.58 ",2012-05-19
5128,Operations,Manager,Master,30,M," R$ 8,333.70 ",2017-12-15
5129,Logistics,Manager,Master,42,M," R$ 6,674.20 ",2013-05-22
5130,IT, ,PhD,62,F," R$ 18,076.90 ",28/09/2013
5131,Finance,Director,PhD,26,F," R$ 15,930.49 ",2018-04-26
5132,Marketing,Director,PhD,40, ," R$ 12,024.01 ",2010-12-24
5133,Finance,Specialist,Master,37,M,,2010-01-03
5134,IT,Director,PhD,39,M," R$ 12,720.53 ",2022-02-28
5135,Legal,Director,PhD,33,F,,2011-02-08
5136,Logistics,,PhD,37,F," R$ 6,257.17 ",2018-05-11
5137,Logistics,Analyst,Bachelor,26,F," R$ 5,575.71 ",2015-01-30
5138,Legal,Coordinator,Bachelor,24,M," R$ 13,293.17 ",2012-02-09
5139,Finance,Coordinator,Bachelor,28,M," R$ 17,859.87 ",2011-04-25
5140,,Coordinator,Bachelor,53,M," R$ 8,748.91 ",2012-03-11
5141,Marketing,Assistant,High School,52,M," R$ 12,415.11 ",2017-11-09
5142,Operations,Coordinator,Bachelor,35,M," R$ 8,632.08 ",2022-05-14
5143,Legal,Assistant,High School,45,F," R$ 18,785.10 ",2019-01-10
5144,Marketing,Specialist,Master,54,M," R$ 13,049.51 ",03/07/2013
5145,Operations,Specialist,Master,26,M, ,2020-11-04
5146,IT,Analyst,Bachelor,29,M," R$ 10,054.31 ",2015-11-18
5147,HR,Assistant,High School,23,F," R$ 5,160.12 ",15/05/2010
5148,Operations,Assistant,High School,60,M," R$ 10,902.54 ",2015-08-23
5149,Operations,Director,PhD,59,M," R$ 11,663.63 ",2017-06-13
5150,Legal,,High School,63,F," R$ 23,921.09 ",2016-08-27
5151,IT,Technician,Technical Diploma,56,F," R$ 16,633.55 ",2023-11-17
5152, ,Manager,Master,59,," R$ 11,449.54 ",2023-08-05
5153,Marketing,Director,PhD,55,F," R$ 11,387.70 ",2022-12-31
5154, ,Analyst,Bachelor,51,F," R$ 14,478.47 ",2015-02-21
5155,Logistics,Coordinator,Bachelor,44,M," R$ 7,163.27 ",2018-06-27
5156,HR,Manager,Master,25,M," R$ 5,956.18 ",2020-01-25
5157,HR,Technician,Technical Diploma,56,M,,2016-06-25
5158,IT,Analyst,Bachelor,35,F, ,2019-05-18
5159,HR,Coordinator,Bachelor,43,F," R$ 7,100.92 ",2022-07-08
5160,IT,Manager,Master,51,M," R$ 14,437.35 ",2011-08-21
5161,Operations,Coordinator,Bachelor,24,M," R$ 7,388.50 ",2023-12-02
5162,IT,Technician,Technical Diploma,32,M," R$ 12,961.85 ",2019-05-14
5163,Legal,Assistant,High School,31,M," R$ 14,547.75 ",2017-07-16
5164,Operations,Assistant,High School,24,M," R$ 7,087.77 ",2019-09-21
5165,Operations,Manager,Master,62,F," R$ 11,459.54 ",2017-06-14
5166,Operations,Manager,Master,26,F," R$ 7,668.96 ",2016-03-17
5167,IT,Specialist,,36,M," R$ 12,296.64 ",2018-09-11
5168,Operations,,High School,27,F," R$ 8,260.45 ",2017-09-25
5169,Logistics,Technician,Technical Diploma,25,M," R$ 4,793.88 ",05/07/2021
5170,Logistics,Specialist,Master,44,M," R$ 6,871.34 ",2011-06-02
5171,Operations,Assistant,High School,22,M," R$ 6,725.67 ",2019-01-20
5172,Logistics,Analyst,Bachelor,55,F," R$ 7,615.15 ",2013-01-18
5173,HR,Coordinator,Bachelor,36,M," R$ 7,103.82 ",10/09/2014
5174,HR,Director,PhD,25,F," R$ 6,291.49 ",2017-02-23
5175, ,Director,PhD,48,M," R$ 22,378.85 ",12/01/2022
5176,HR,Specialist,Master,34,M," R$ 7,499.08 ",2017-11-28
5177,Logistics,,Master,61,F," R$ 8,997.81 ",2012-08-01
5178,Legal,Analyst,Bachelor,53,F," R$ 21,163.65 ",2020-06-03
5179,Logistics,Analyst,,30,F," R$ 5,772.69 ",28/06/2021
5180,Legal,Assistant,,58,F," R$ 18,765.04 ",2012-03-30
5181,Finance,Assistant, ,46,F," R$ 20,031.57 ",2019-06-07
5182,Operations,Director,PhD,24,F," R$ 8,015.95 ",2021-11-21
5183,Finance,Assistant,High School,60,F," R$ 24,712.92 ",2010-07-22
5184,Finance,Director,PhD,61,M, ,2019-04-12
5185,Marketing,Analyst,Bachelor,37,F," R$ 9,974.88 ",2022-11-29
5186,Marketing,Analyst,Bachelor,38,M," R$ 8,962.80 ",2014-05-05
5187,HR,Analyst,Bachelor,48,M," R$ 8,523.07 ",2011-06-12
5188,Marketing,Assistant,High School,31,M," R$ 9,500.41 ",2016-02-09
5189,,Analyst,Bachelor,22,M," R$ 7,281.99 ",2018-11-04
5190,Logistics,Coordinator,Bachelor,50, ," R$ 7,445.75 ",2021-11-27
5191,HR,Director,PhD,39,F," R$ 8,218.12 ",2019-03-04
5192,Legal,Director,PhD,53,F,,2013-07-13
5193,Legal,Director,PhD,58,F," R$ 18,799.96 ",2019-12-15
5194,Marketing,Director,PhD,64,F," R$ 13,715.49 ",22/01/2012
5195,Operations,,Bachelor,54,F," R$ 9,871.52 ",2023-12-12
5196,HR,Manager,Master,43,F, ,2019-04-08
5197,IT,Technician,Technical Diploma,64,M," R$ 18,020.67 ",2012-02-07
5198,HR,Assistant,High School,32,F," R$ 6,026.81 ",23/08/2022
5199,Finance,Analyst,Bachelor,58,M," R$ 18,784.84 ",2012-08-12
5200,Legal,Manager,Master,50,F," R$ 19,406.58 ",2010-11-19
5201,Logistics,Coordinator,Bachelor,41,F," R$ 6,823.67 ",2016-12-26
5202,HR,Technician,Technical Diploma,43,F," R$ 7,860.09 ",2021-12-12
5203,,Coordinator,Bachelor,53,F," R$ 9,056.90 ",20/03/2015
5204,Logistics,Analyst, ,29,M," R$ 5,793.83 ",2017-06-19
5205,Finance,Coordinator,Bachelor,43,F," R$ 21,420.42 ",2010-05-27
5206,Legal,Technician,Technical Diploma,36,M," R$ 16,120.67 ",2015-08-03
5207,Legal,Director,PhD,56,F," R$ 18,322.34 ",2010-06-22
5208,Finance,Director,PhD,37,F," R$ 18,933.09 ",2020-03-30
5209,Logistics,Technician,,50,M," R$ 8,816.33 ",2022-06-21
5210,Marketing,Assistant,High School,55,M," R$ 11,102.80 ",2021-09-30
5211,Operations,Technician,Technical Diploma,41,M," R$ 10,105.11 ",2013-02-27
5212,HR,Assistant, ,34,F," R$ 7,564.87 ",29/06/2021
5213,HR,Coordinator,Bachelor,34,M," R$ 6,615.37 ",2018-06-17
5214,Logistics,Analyst,Bachelor,52,M," R$ 8,718.32 ",2011-03-11
5215,Legal,,Master,42,," R$ 16,793.87 ",27/07/2016
5216,Logistics,Specialist,Master,51,M," R$ 7,353.75 ",2018-09-25
5217,IT,Technician,Technical Diploma,46,F," R$ 16,086.11 ",2017-12-06
5218,HR,Director,PhD,51,F," R$ 8,076.40 ",2015-03-18
5219,Logistics,Specialist, ,31,M," R$ 6,411.58 ",27/05/2021
5220,Logistics,Technician,Technical Diploma,28,M," R$ 5,751.53 ",06/01/2012
5221,Finance,Specialist,Master,55,M," R$ 24,166.31 ",14/09/2018
5222,IT,Manager,Master,25,F, ,2011-03-12
5223,IT,Assistant,High School,43,F," R$ 14,347.73 ",2019-10-27
5224,Marketing,Analyst,Bachelor,50,M," R$ 11,745.13 ",2019-11-28
5225,HR,Technician,Technical Diploma,25,M," R$ 7,097.52 ",2021-03-23
5226,Finance,Coordinator,Bachelor,22,F," R$ 12,873.24 ",2021-01-15
5227,Marketing,Assistant,High School,44,F,,23/03/2023
5228,Finance,Assistant,High School,44,M," R$ 20,703.84 ",2015-12-26
5229,IT,Manager,Master,27,F," R$ 11,249.43 ",2015-09-16
5230,IT,Technician,Technical Diploma,26,F," R$ 10,949.99 ",2010-01-06
5231,HR,Manager,Master,44,F," R$ 6,789.82 ",2013-09-12
5232,Legal,Coordinator,Bachelor,59,M," R$ 20,282.36 ",2014-01-16
5233,HR,Manager,Master,28,,,08/12/2011
5234,HR,Coordinator,,26,F," R$ 6,733.33 ",2021-11-03
5235,Finance,Manager,Master,54,F," R$ 25,798.83 ",2013-04-21
5236,Finance,Manager,Master,47,M," R$ 22,508.61 ",2010-02-23
5237,Operations,Assistant,High School,42,M," R$ 8,962.28 ",2020-09-21
5238,Finance,Manager,Master,55,F," R$ 23,399.34 ",2013-07-28
5239,Operations,Coordinator,Bachelor,47,M," R$ 9,921.34 ",19/11/2023
5240,Legal,Technician,Technical Diploma,31,M," R$ 13,684.14 ",2019-10-15
5241,Legal,Assistant,High School,23,F," R$ 10,673.88 ",2021-09-26
5242,Legal,Manager,Master,41,M," R$ 16,205.57 ",2016-11-23
5243,Legal,Director,PhD,35,M," R$ 15,578.88 ",2020-05-04
5244,Operations,Technician,Technical Diploma,28,F," R$ 8,463.42 ",2019-01-11
5245,IT,Technician,Technical Diploma,31,F," R$ 11,184.59 ",2010-12-21
5246,Operations,Manager,Master,52,M," R$ 11,525.22 ",2021-10-25
5247,HR,Analyst,Bachelor,29,M," R$ 7,754.74 ",2021-06-19
5248,Logistics,Specialist,Master,22,," R$ 5,081.66 ",2013-08-18
5249,Legal,,Master,50,F," R$ 16,821.80 ",2022-10-16
5250,Marketing,Technician,,52,F," R$ 13,888.09 ",2019-11-14
5251,Operations,Director,PhD,29,M," R$ 8,584.85 ",2016-08-25
5252,Legal,Director,PhD,37,M," R$ 18,328.18 ",2023-08-02
5253,HR,Technician,Technical Diploma,40,M," R$ 7,922.05 ",2012-10-10
5254,Operations,Technician,Technical Diploma,47,M," R$ 8,497.51 ",2020-08-08
5255,Marketing,Manager,Master,31,F," R$ 9,429.42 ",2019-10-13
5256,Logistics,Coordinator,Bachelor,39,M," R$ 5,970.63 ",2022-10-10
5257,Operations,Coordinator,,23,F," R$ 7,078.06 ",10/12/2013
5258,Logistics,Analyst, ,58,M," R$ 8,359.86 ",2022-09-13
5259,Legal,Coordinator,Bachelor,50,F," R$ 18,761.40 ",2020-11-22
5260,HR,Coordinator,Bachelor,23,F," R$ 5,606.93 ",2017-10-22
5261,Operations,Coordinator,Bachelor,24,F," R$ 7,352.88 ",16/07/2017
5262,Logistics,Specialist,Master,45,M," R$ 5,899.49 ",2015-11-27
5263,HR,Analyst,Bachelor,30,F," R$ 5,863.15 ",2018-02-05
5264,IT,Coordinator,Bachelor,64,F," R$ 18,880.57 ",2021-05-04
5265,Marketing,Coordinator,Bachelor,35,M," R$ 10,085.97 ",2016-01-10
5266,Finance,Director,PhD,64,F," R$ 23,543.90 ",2011-04-10
5267,HR,Specialist,Master,32,F," R$ 6,825.52 ",02/05/2023
5268,Marketing,Analyst,Bachelor,64,F," R$ 10,939.11 ",2015-02-18
5269,Legal,Technician,Technical Diploma,45,F," R$ 17,344.92 ",2022-02-23
5270,Marketing,,PhD,35,M," R$ 9,984.92 ",2015-04-26
5271,Finance,Technician,Technical Diploma,39,F," R$ 18,101.73 ",21/02/2018
5272,Legal,Analyst,Bachelor,57,F," R$ 18,532.01 ",2015-07-30
5273,Operations,Assistant,High School,34,F," R$ 8,841.87 ",2021-06-21
5274,IT,Director,PhD,55,F," R$ 16,015.36 ",2018-07-15
5275,HR,Analyst,Bachelor,40,M," R$ 7,756.10 ",2018-04-08
5276,Logistics,Specialist,Master,62,F," R$ 8,584.08 ",06/09/2014
5277,Logistics,Analyst,Bachelor,32,M," R$ 6,506.65 ",2021-04-15
5278,Finance,Technician,Technical Diploma,47,M," R$ 20,057.17 ",2019-07-16
5279,Operations,Coordinator,Bachelor,26,M," R$ 6,488.93 ",2023-07-19
5280,Finance,Manager,Master,42,F," R$ 18,868.20 ",2016-05-20
5281,Operations,Specialist,Master,30,M," R$ 7,636.91 ",2011-11-06
5282, ,Specialist,Master,33,F," R$ 14,741.65 ",2019-07-24
5283,IT,Specialist,Master,22,F," R$ 9,390.17 ",2017-05-12
5284,Logistics,Specialist,Master,35,F," R$ 6,450.06 ",2018-06-25
5285,Marketing,Manager,Master,47,M," R$ 10,902.96 ",2020-08-21
5286,HR,Assistant,High School,28,M," R$ 6,760.46 ",2020-02-21
5287,Operations,Coordinator,Bachelor,37,F," R$ 9,225.63 ",2012-10-22
5288,HR,Coordinator,Bachelor,36,F," R$ 7,464.09 ",2011-01-09
5289,HR,Analyst,Bachelor,25,, ,2017-11-12
5290,Marketing,Coordinator,Bachelor,51,F," R$ 12,521.73 ",04/06/2012
5291,Logistics,Director,PhD,44,M," R$ 7,405.51 ",2015-07-13
5292,Operations,Manager,Master,43,F," R$ 9,790.77 ",2022-08-23
5293,HR,Analyst,Bachelor,36,,,2020-07-21
5294,HR,,Bachelor,38,M," R$ 8,034.51 ",2023-01-10
5295,Logistics,Director,PhD,23, ," R$ 5,414.69 ",15/12/2010
5296,HR,Analyst,Bachelor,29,M,,2016-08-30
5297,Finance, ,Master,27,M," R$ 17,140.84 ",2011-06-10
5298,Logistics,Analyst,Bachelor,60,F," R$ 7,588.05 ",2018-01-11
5299,Legal,,Master,49,F," R$ 18,608.59 ",2010-03-21
5300,IT,Manager,Master,26,F," R$ 11,117.21 ",2019-08-17
5301,Legal,Coordinator,Bachelor,42,M," R$ 19,597.31 ",06/03/2010
5302,Marketing,Specialist,Master,41,," R$ 11,673.14 ",2023-05-10
5303,HR,Analyst,Bachelor,64,M," R$ 9,857.31 ",2015-05-08
5304,Operations,Coordinator,Bachelor,55,F," R$ 10,367.46 ",21/03/2015
5305,Marketing,Director,PhD,28,M," R$ 9,310.99 ",2021-10-20
5306,Finance,Analyst,Bachelor,51,," R$ 20,308.39 ",2017-03-26
5307,IT,Analyst,Bachelor,51,F," R$ 15,702.77 ",2017-03-05
5308,Operations,Assistant,High School,36,F," R$ 8,138.90 ",2020-08-15
5309,Finance,Director,PhD,48,F," R$ 20,424.30 ",2014-05-01
5310,Finance,Manager,Master,30,F," R$ 16,345.94 ",11/09/2010
5311,Legal,Specialist,Master,48,F," R$ 15,621.72 ",2015-10-05
5312,Logistics,Technician,Technical Diploma,23,M," R$ 4,311.72 ",25/07/2023
5313,IT,Analyst,Bachelor,57,F," R$ 16,630.15 ",2015-07-26
5314,Legal,Technician,Technical Diploma,48, ," R$ 19,781.01 ",2015-12-08
5315,Finance,Coordinator,Bachelor,61,F," R$ 24,033.36 ",2020-08-25
5316,Operations,Specialist,Master,46,M," R$ 9,724.01 ",2021-09-13
5317,Marketing, ,Technical Diploma,57,M," R$ 13,978.70 ",19/02/2015
5318,IT,Analyst,Bachelor,61,M," R$ 18,203.70 ",06/04/2014
5319,IT,Coordinator, ,28,M," R$ 11,210.84 ",2011-12-18
5320,HR,Specialist,Master,34,M," R$ 7,386.00 ",2012-07-07
5321,HR,Manager,Master,58,F," R$ 8,139.54 ",2018-09-10
5322,Logistics,Technician,Technical Diploma,41,M," R$ 7,517.31 ",2019-09-05
5323,Operations,Director,PhD,43,F," R$ 9,207.76 ",2018-09-18
5324,Marketing,Manager,Master,39,M," R$ 10,557.86 ",2011-10-25
5325,HR,Specialist,Master,32,F," R$ 7,203.81 ",23/11/2019
5326,HR,Manager,Master,27,F," R$ 6,890.76 ",18/02/2016
5327,Finance,Specialist,Master,25,F," R$ 16,746.06 ",2018-12-16
5328,IT,Analyst,Bachelor,24,M," R$ 18,491.24 ",10/09/2017
5329,,Assistant,High School,27,M," R$ 16,016.03 ",10/09/2016
5330,IT,Coordinator,Bachelor,36,F," R$ 13,988.76 ",2010-01-02
5331,Logistics,,Bachelor,24,F," R$ 4,800.28 ",2011-05-17
5332,Legal,Technician,Technical Diploma,38,M," R$ 16,381.03 ",17/03/2010
5333,Logistics,Technician,Technical Diploma,51,M," R$ 8,179.50 ",2011-05-29
5334,HR,Manager,Master,43,M," R$ 8,320.71 ",2013-05-30
5335,Finance,Specialist,Master,23,F," R$ 13,603.35 ",2010-02-02
5336,IT,Coordinator,Bachelor,37,F," R$ 13,472.51 ",2014-02-25
5337,IT,Technician,Technical Diploma,43,F," R$ 14,811.91 ",2012-08-23
5338,Logistics,Analyst,Bachelor,32,M,,2023-07-14
5339,Logistics,Assistant,High School,57,M," R$ 8,376.72 ",07/08/2018
5340,Finance,Assistant,High School,33,M," R$ 17,873.12 ",2022-07-08
5341,,Specialist,Master,61,F," R$ 13,000.26 ",2010-02-08
5342,Legal,Coordinator,,56,M," R$ 19,879.16 ",2023-08-10
5343,IT,Coordinator,Bachelor,64,M," R$ 14,152.58 ",2011-03-20
5344,Finance,Specialist,Master,62,M," R$ 26,397.76 ",2013-08-30
5345,Legal,Coordinator,Bachelor,36,F," R$ 15,966.55 ",2019-03-03
5346,Operations,Technician,Technical Diploma,63,M," R$ 12,217.15 ",2019-04-12
5347, ,Analyst,Bachelor,42,M," R$ 8,944.82 ",2016-04-18
5348,Legal,Manager,Master,25,M," R$ 12,553.14 ",2016-12-03
5349,Logistics,Assistant,High School,28,M," R$ 5,759.08 ",2015-12-13
5350,Operations,Analyst,Bachelor,50,F," R$ 10,659.42 ",2020-09-26
5351,Legal,Analyst,Bachelor,62,F,,01/08/2016
5352,Legal,Specialist,Master,27,F,,16/11/2017
5353,Logistics,Coordinator,Bachelor,60,M, ,2013-03-04
5354,Operations,Manager,Master,38,F," R$ 9,661.37 ",2013-09-26
5355,HR,Coordinator,Bachelor,57,M," R$ 8,167.54 ",2015-02-09
5356,Logistics,Coordinator,Bachelor,23,F," R$ 4,951.68 ",2017-04-30
5357,Logistics,Analyst,Bachelor,38,M," R$ 7,257.60 ",2010-08-01
5358,Finance,Coordinator,Bachelor,50,F," R$ 19,996.69 ",10/04/2019
5359,Operations,Coordinator,,48,M," R$ 10,293.33 ",2015-07-28
5360,Marketing,Director,PhD,28,M," R$ 8,094.40 ",2014-11-07
5361,HR,Technician,Technical Diploma,32,M," R$ 6,439.34 ",04/06/2019
5362,Finance,Specialist,Master,47,F," R$ 20,805.77 ",2021-06-07
5363,Marketing,Coordinator,Bachelor,60,F," R$ 14,268.20 ",2014-07-15
5364,Finance,Manager,Master,53,M," R$ 20,855.12 ",2020-07-15
5365,Operations,Manager,Master,44,F," R$ 9,885.70 ",2017-09-08
5366,Legal,Assistant,High School,61,F," R$ 24,266.57 ",2020-10-10
5367,,Assistant,High School,28,M," R$ 16,038.78 ",2011-11-30
5368,Finance,Technician,Technical Diploma,22,M, ,2019-07-03
5369,Finance,Assistant,High School,46,M," R$ 20,532.87 ",2016-06-03
5370,HR,Specialist,Master,52,F," R$ 9,056.81 ",2022-08-24
5371,Legal,Specialist,Master,27, ,,07/08/2021
5372,Marketing,Coordinator,Bachelor,49,M," R$ 10,409.48 ",2016-01-15
5373,Operations,,PhD,52,F," R$ 10,771.29 ",2011-10-12
5374,Legal,Director,PhD,57,M," R$ 17,562.97 ",2022-11-04
5375,IT,Director,PhD,37,F," R$ 14,501.18 ",14/06/2019
5376,IT,Technician,Technical Diploma,36,M," R$ 13,523.86 ",2012-03-12
5377,Legal,Coordinator,Bachelor,43,M," R$ 18,056.11 ",2017-03-22
5378,Finance,Coordinator,Bachelor,39,F," R$ 18,356.81 ",2013-10-30
5379,HR,Director,PhD,29,F," R$ 6,743.70 ",2018-12-17
5380,Logistics, ,Master,31,F," R$ 5,662.60 ",09/06/2011
5381,Finance,Coordinator,Bachelor,58,F," R$ 25,307.59 ",2015-10-17
5382,Logistics,Assistant,High School,60,," R$ 8,751.41 ",2018-03-18
5383,Legal,Director,PhD,27,M," R$ 14,228.28 ",30/08/2010
5384,Marketing,Coordinator,Bachelor,64,F," R$ 14,064.48 ",2016-08-17
5385,Logistics,Manager,Master,31,F," R$ 6,452.68 ",2020-03-18
5386,Logistics,Specialist,Master,60,M," R$ 8,480.21 ",2016-04-28
5387,Legal, ,Master,28,M," R$ 14,735.16 ",2012-02-09
5388,Logistics,Director,PhD,63,M," R$ 9,257.12 ",2014-04-03
5389,Finance,Specialist,Master,56,F," R$ 25,981.28 ",2020-04-08
5390,HR,Manager,Master,49,F," R$ 8,403.92 ",2012-01-13
5391,HR,Coordinator,Bachelor,46,M," R$ 8,716.82 ",2013-10-27
5392,Legal,Coordinator, ,49,F," R$ 19,798.95 ",2019-06-10
5393,Operations,Manager,Master,30,F," R$ 9,078.73 ",2015-02-17
5394,IT,Manager,Master,26,F," R$ 11,057.94 ",2021-09-13
5395,Finance,Director,PhD,37,M," R$ 18,408.80 ",2023-09-13
5396,IT,Analyst,Bachelor,50,M," R$ 15,415.02 ",2020-01-14
5397,Operations,Manager,Master,64,M," R$ 10,156.45 ",2019-06-03
5398,HR,Technician,,44,F," R$ 7,951.00 ",2019-08-01
5399,Legal,Assistant,High School,39,M," R$ 18,098.93 ",2023-09-04
5400,HR,Analyst,,47,F," R$ 9,043.84 ",20/04/2018
5401,IT,Manager,Master,26,M," R$ 11,043.20 ",31/08/2016
5402,Operations,Manager,Master,29,F," R$ 7,251.28 ",2017-10-17
5403,Legal,Assistant,High School,61,M," R$ 19,169.91 ",2017-04-15
5404,Logistics,Manager,Master,40,F," R$ 6,073.65 ",2018-02-06
5405,Operations,Director,PhD,58,F," R$ 11,605.90 ",2010-04-23
5406,HR,,PhD,49,F, ,2013-06-26
5407,Legal,Analyst,Bachelor,25,M," R$ 14,113.70 ",2018-09-15
5408,Marketing,Coordinator,Bachelor,41,F," R$ 10,752.14 ",2023-02-17
5409,Logistics,Specialist,Master,43,M," R$ 8,136.65 ",2017-04-08
5410,Logistics,Analyst,Bachelor,33,F," R$ 6,521.09 ",15/04/2016
5411,Marketing,Coordinator,Bachelor,22,M," R$ 8,028.16 ",2010-01-30
5412,Marketing,Technician,Technical Diploma,29,M," R$ 9,225.38 ",2010-04-09
5413,Marketing,Technician,Technical Diploma,62,F," R$ 13,345.07 ",2023-01-20
5414,Legal,Director,PhD,48,M," R$ 16,988.24 ",2023-08-08
5415,HR,Assistant,High School,42,F," R$ 7,237.23 ",2021-08-17
5416,Operations,Coordinator,Bachelor,54,M," R$ 10,247.25 ",2012-08-02
5417,Logistics,Technician,Technical Diploma,59,M," R$ 9,330.47 ",16/11/2016
5418,Legal,Analyst,Bachelor,54,F," R$ 21,331.33 ",2022-12-28
5419,Finance,Director,PhD,58,F," R$ 25,788.91 ",2019-07-23
5420,IT,Coordinator,Bachelor,26,M," R$ 10,602.68 ",2010-04-05
5421,HR,Analyst,Bachelor,36,M,,2023-08-24
5422,Operations,Assistant,High School,51,M," R$ 11,752.20 ",26/09/2020
5423, ,Specialist,Master,24,M," R$ 5,161.70 ",2013-01-25
5424,Finance,Manager,Master,49,M," R$ 19,080.91 ",2017-08-08
5425,Legal,Coordinator,Bachelor,51,F," R$ 17,546.52 ",25/02/2022
5426,Operations,Director,PhD,57,F," R$ 11,958.27 ",2015-02-18
5427,Logistics,Analyst,Bachelor,24,M,,2023-03-26
5428,Marketing,Director,PhD,52,F," R$ 11,785.19 ",08/10/2016
5429,Operations,Assistant,High School,35,F," R$ 8,309.21 ",06/10/2011
5430,Legal,Analyst,Bachelor,27,M," R$ 13,627.07 ",01/01/2014
5431,HR,Technician,Technical Diploma,40,M," R$ 7,683.51 ",2015-01-16
5432,Finance,Assistant,High School,26,F," R$ 17,259.15 ",2019-05-14
5433,Legal,Technician,Technical Diploma,47,M," R$ 18,365.14 ",2014-12-01
5434,IT,Assistant,High School,39,F," R$ 13,209.20 ",2015-10-15
5435,Operations,Analyst,Bachelor,58,M," R$ 10,697.46 ",2020-11-20
5436,Finance,Assistant,High School,57,," R$ 29,581.98 ",10/08/2017
5437,IT,Manager,Master,52,F," R$ 15,499.86 ",2016-07-06
5438,Operations,Director,PhD,39,M," R$ 9,621.08 ",2021-12-18
5439,HR,Technician,Technical Diploma,30,M," R$ 6,651.10 ",2013-10-27
5440,HR,Manager,Master,47,," R$ 7,613.94 ",2016-02-03
5441,Logistics,Specialist,Master,23,M," R$ 5,206.81 ",2012-09-16
5442,Operations,Technician,Technical Diploma,53,M," R$ 9,819.02 ",08/04/2021
5443,Legal,Manager,Master,63,," R$ 22,053.47 ",2022-09-14
5444,Legal,Specialist,Master,27,M, ,19/11/2020
5445,Operations,Specialist,Master,41,M," R$ 8,123.19 ",05/11/2016
5446,Operations,Manager,Master,29,," R$ 7,952.58 ",2021-10-20
5447,IT,Director,PhD,25,F," R$ 10,489.37 ",2021-02-24
5448,Finance,Coordinator,Bachelor,46,F," R$ 21,269.52 ",2022-07-20
5449,Logistics,Specialist,Master,52,F," R$ 7,358.92 ",2017-11-29
5450,Logistics,Assistant,High School,40,M," R$ 6,312.71 ",26/08/2021
5451,Operations,Specialist,Master,28,M," R$ 7,153.61 ",2018-06-11
5452,Logistics,Manager,Master,58,M," R$ 8,414.94 ",2010-12-27
5453,Legal,Director,PhD,51,F," R$ 18,444.19 ",2022-06-08
5454,Finance,Manager,Master,48,F," R$ 21,755.22 ",07/01/2011
5455,Marketing,Coordinator,Bachelor,38,M," R$ 10,261.16 ",2012-09-25
5456,Operations,Manager,Master,53,F," R$ 10,729.65 ",2012-06-11
5457,Logistics,Specialist,Master,40,M, ,24/01/2023
5458,,Coordinator,Bachelor,46,M," R$ 15,201.01 ",14/01/2023
5459,Operations,Analyst,Bachelor,50,M," R$ 9,425.08 ",2014-11-30
5460,Legal,Director,PhD,46,M," R$ 16,692.42 ",2021-03-24
5461,Logistics,Assistant,High School,53,M," R$ 8,324.03 ",2014-11-11
5462,Operations,Manager,Master,58, ," R$ 9,856.08 ",2021-04-24
5463,HR,Analyst,Bachelor,32,F," R$ 7,626.06 ",2015-01-11
5464,IT,Coordinator,Bachelor,25,M," R$ 11,065.94 ",2015-07-26
5465,Marketing,Director,PhD,52,M," R$ 12,164.04 ",2013-05-13
5466,HR,Coordinator,Bachelor,57,F," R$ 9,840.07 ",2021-04-10
5467,IT,Director,PhD,25,M," R$ 11,133.61 ",2023-03-07
5468,Marketing,Assistant,High School,23,F," R$ 7,484.46 ",16/05/2012
5469,Marketing,Director,PhD,60,M," R$ 14,170.48 ",15/10/2015
5470,IT,Director,PhD,54,M," R$ 15,991.34 ",2020-12-03
5471,Logistics,Assistant,High School,48,F," R$ 7,391.51 ",2020-04-19
5472,HR,Coordinator,Bachelor,47,F," R$ 7,940.30 ",04/12/2021
5473,IT,Assistant,High School,40,," R$ 12,656.95 ",2022-03-29
5474,HR,Director,PhD,62,M," R$ 10,417.41 ",2018-03-26
5475,Finance,Director,PhD,60,M," R$ 25,206.19 ",2020-04-13
5476,Operations,Manager,Master,54,F," R$ 9,591.23 ",2012-02-29
5477,Logistics,Analyst,Bachelor,59,F," R$ 8,333.62 ",2013-12-29
5478,Operations, ,Master,31,F," R$ 9,148.42 ",02/09/2011
5479,Marketing,Technician,Technical Diploma,22,F," R$ 7,023.25 ",2019-11-10
5480,Operations,Specialist,Master,56,," R$ 10,627.43 ",2010-06-02
5481,Legal,,Bachelor,32,F," R$ 13,856.05 ",2010-07-18
5482,Legal,Coordinator,Bachelor,35,F," R$ 16,635.83 ",10/01/2010
5483,Finance,Assistant,High School,27,F," R$ 15,948.08 ",2015-07-04
5484,Operations,Assistant,High School,64,F," R$ 9,386.93 ",30/12/2012
5485,Finance,Director,PhD,60,F," R$ 24,709.29 ",2020-08-25
5486,,,Master,61,F," R$ 15,986.00 ",2012-03-13
5487,Legal,Analyst,Bachelor,46,M," R$ 15,776.66 ",2013-11-16
5488,HR,Analyst,Bachelor,44,M," R$ 9,302.59 ",2014-12-23
5489,,Manager,Master,26,M," R$ 8,101.81 ",2016-11-10
5490,Finance,Director,PhD,47,M," R$ 22,217.08 ",2022-05-09
5491,Operations,Technician,Technical Diploma,39,F," R$ 9,178.63 ",26/04/2021
5492,Marketing,Technician,Technical Diploma,53,F," R$ 11,338.06 ",2015-05-16
5493,Operations,Coordinator,Bachelor,42,M," R$ 9,259.82 ",2010-11-03
5494,HR,Analyst,Bachelor,47,F," R$ 10,478.45 ",08/12/2010
5495,Logistics,Assistant,High School,56,M," R$ 7,023.64 ",2023-08-19
5496,IT,Manager,Master,31,F," R$ 13,562.50 ",2018-04-11
5497,Finance,Technician,Technical Diploma,49,F,,2022-03-18
5498,HR,Analyst,Bachelor,52,F,,2021-04-22
5499,Legal,Coordinator,Bachelor,36,F," R$ 15,375.54 ",2019-01-21
5500,Operations,Analyst,Bachelor,61,M," R$ 12,124.33 ",11/06/2020
5501,Finance,Analyst,Bachelor,29,F," R$ 18,385.45 ",04/10/2013
5502,Legal,Technician,Technical Diploma,31,F," R$ 13,445.69 ",2020-07-13
5503, ,Manager, ,31,M," R$ 15,985.58 ",2022-06-18
5504,HR,Manager,Master,59,F," R$ 10,183.51 ",2014-09-14
5505,Finance,Manager,Master,39,F," R$ 19,039.40 ",2021-02-04
5506,HR,Specialist,Master,49,F," R$ 8,085.99 ",2012-10-22
5507,Finance,Analyst,Bachelor,49,M," R$ 21,037.48 ",2012-12-09
5508,HR,Manager,Master,41,F," R$ 7,333.89 ",2015-07-03
5509,Legal,Coordinator,Bachelor,45,F," R$ 18,313.16 ",2019-09-23
5510,HR,Specialist,Master,27,M," R$ 6,733.96 ",22/06/2019
5511,Operations,Coordinator,Bachelor,62,M," R$ 11,710.29 ",2021-05-02
5512,HR,Director,PhD,53,F," R$ 9,662.48 ",2016-02-18
5513,IT,,Technical Diploma,27,F," R$ 10,633.80 ",2022-03-27
5514,Legal,Analyst,Bachelor,32,M," R$ 16,840.04 ",2016-06-15
5515,Logistics,Assistant,High School,51,M," R$ 6,545.27 ",2011-12-14
5516,Legal,Coordinator,Bachelor,24,M," R$ 14,315.06 ",08/06/2014
5517,Marketing,Specialist,Master,29,F," R$ 9,162.70 ",2012-11-30
5518,HR,Technician,Technical Diploma,54,M," R$ 8,633.44 ",2013-12-10
5519,Marketing,Technician,Technical Diploma,40,M,,2022-06-02
5520,HR,Assistant,High School,31,M, ,06/08/2013
5521,HR,Director,PhD,40,F," R$ 8,243.03 ",2016-05-17
5522,HR,Technician,Technical Diploma,30,M," R$ 7,471.27 ",2021-06-09
5523,Finance, ,Technical Diploma,28,M," R$ 17,675.49 ",2018-08-17
5524,Operations,Director,PhD,35,M," R$ 9,055.77 ",2012-11-10
5525,Logistics,Coordinator,Bachelor,23,F," R$ 5,100.69 ",2020-12-21
5526,Finance,Manager,Master,43,M," R$ 20,169.03 ",16/12/2015
5527,Finance,Assistant,High School,41,F," R$ 19,783.98 ",07/07/2015
5528,Legal, ,High School,47,F," R$ 15,672.96 ",2016-06-30
5529,Legal,Technician,Technical Diploma,25,M," R$ 12,916.62 ",04/03/2011
5530,HR,Manager,Master,60,M," R$ 9,306.89 ",2017-06-02
5531,Legal, ,High School,61,M," R$ 21,675.94 ",2016-06-02
5532,Logistics,Specialist,Master,44,F," R$ 7,800.07 ",31/01/2023
5533,Logistics,Assistant,High School,37,M," R$ 5,407.01 ",2017-12-01
5534, ,Assistant,High School,46,F," R$ 16,346.07 ",2014-09-23
5535,IT,Technician,Technical Diploma,30,M," R$ 12,672.19 ",2016-05-24
5536,Legal,Assistant,High School,32,M," R$ 17,436.42 ",25/05/2014
5537,IT,Manager,Master,46,F,,19/02/2020
5538,Legal,Analyst,Bachelor,52,F, ,2018-05-14
5539,Finance,Specialist,Master,48,F," R$ 21,387.23 ",11/01/2014
5540,Operations,Specialist,Master,57,M," R$ 11,716.28 ",12/08/2018
5541,HR,Assistant,High School,35,M," R$ 7,330.84 ",2022-09-30
5542,HR,Assistant,High School,44, ," R$ 9,852.11 ",2013-08-19
5543,Logistics,Manager,Master,37,M," R$ 6,903.38 ",2020-07-31
5544,Legal,Director,PhD,41,F," R$ 18,774.04 ",22/03/2018
5545,Operations,Specialist,Master,24,M,,2011-12-13
5546,Finance,Analyst,Bachelor,27,M," R$ 16,545.44 ",2022-03-16
5547,Legal,Coordinator,Bachelor,50,F," R$ 18,043.61 ",27/12/2013
5548,Finance,Manager,Master,25,M," R$ 17,381.55 ",2021-05-18
5549,IT,Analyst,Bachelor,22,M," R$ 10,641.33 ",2011-03-28
5550,Finance,Director,PhD,29,M," R$ 17,364.37 ",2014-11-19
5551,Finance,Director,PhD,41,F," R$ 17,680.63 ",2011-12-22
5552,IT,Analyst,Bachelor,37,," R$ 12,299.58 ",2022-12-23
5553,Legal,Analyst,Bachelor,52,M," R$ 17,285.70 ",2013-10-26
5554,Operations,Coordinator,Bachelor,53,M," R$ 10,244.04 ",2014-11-08
5555,Marketing,Manager,,55,F," R$ 12,497.30 ",2021-04-28
5556,IT,Coordinator,Bachelor,50,F," R$ 14,548.88 ",13/04/2016
5557,,Technician,Technical Diploma,33,M," R$ 15,833.72 ",2016-06-30
5558,Logistics,Analyst,,25,F," R$ 5,500.14 ",2013-08-08
5559,Finance,Manager,Master,64,F," R$ 26,193.42 ",2019-06-07
5560,Marketing,Manager,Master,55,F," R$ 13,206.66 ",22/01/2010
5561,HR,Technician,Technical Diploma,27,F," R$ 6,395.72 ",10/02/2020
5562,Finance,Technician,Technical Diploma,30,M," R$ 15,031.90 ",2019-05-26
5563,Finance,Specialist,Master,26,F," R$ 15,601.62 ",10/01/2020
5564,HR,Technician,Technical Diploma,37,M," R$ 7,995.13 ",2019-01-18
5565,IT,Technician,Technical Diploma,22,F," R$ 10,288.24 ",2012-11-06
5566,Legal,Specialist,Master,41,M," R$ 18,233.87 ",2020-03-07
5567,Legal,Assistant,High School,56,F," R$ 21,389.87 ",2020-12-21
5568,Logistics,Technician,Technical Diploma,31,F," R$ 5,784.04 ",2018-04-25
5569,Legal,Technician,Technical Diploma,46,M," R$ 18,290.58 ",2023-09-21
5570,Logistics,Manager,Master,49,F," R$ 7,407.47 ",07/04/2015
5571,Legal,Manager,Master,56,," R$ 21,581.91 ",2011-12-23
5572,Operations,Assistant,High School,54,M," R$ 10,395.09 ",2023-12-02
5573,Operations,Specialist,Master,36,F," R$ 7,241.17 ",2017-02-04
5574,Marketing,Director,PhD,42, ," R$ 10,563.17 ",2021-05-25
5575,HR,Director,PhD,63,F," R$ 9,708.48 ",2010-01-23
5576, ,Manager,Master,56,M," R$ 10,417.45 ",2012-11-09
5577,Logistics,Technician,Technical Diploma,58,F," R$ 10,178.13 ",09/09/2011
5578,HR,Coordinator,Bachelor,31,F," R$ 6,860.26 ",2013-09-11
5579,Operations,Coordinator,Bachelor,37,F," R$ 9,944.96 ",2013-02-22
5580,IT,Specialist,Master,41,M," R$ 11,907.68 ",2020-02-04
5581,Legal,Director,PhD,29,M," R$ 13,495.84 ",03/07/2021
5582,IT,Manager,Master,52,M," R$ 12,008.11 ",2016-04-19
5583,HR,Analyst,Bachelor,29,F," R$ 7,079.66 ",2021-01-31
5584,Finance,Specialist,Master,34,F," R$ 19,007.05 ",2017-04-20
5585,IT,Specialist,Master,45,F," R$ 12,989.80 ",2018-02-20
5586,Operations,Technician,Technical Diploma,33,F," R$ 8,790.07 ",2011-06-01
5587,Finance,Analyst,Bachelor,38,F," R$ 19,453.38 ",2015-03-17
5588,HR,Specialist,Master,62,M," R$ 9,995.63 ",2017-07-17
5589,Marketing,,Master,57,M,,2013-02-27
5590,,Manager,Master,33,F," R$ 6,304.62 ",14/03/2010
5591,Marketing,Assistant,High School,57,F," R$ 14,136.56 ",2018-03-05
5592,HR,Specialist,Master,34,M," R$ 7,039.07 ",2011-05-31
5593,HR,Analyst,Bachelor,56,F," R$ 9,799.61 ",2016-11-14
5594,HR,Coordinator,Bachelor,26,M," R$ 6,108.66 ",2015-12-14
5595,Logistics,Specialist,Master,34,M," R$ 5,974.50 ",20/05/2018
5596,Finance,Specialist,Master,29,F," R$ 18,036.99 ",2010-03-11
5597,Operations,Director,PhD,32,M," R$ 7,781.01 ",28/06/2019
5598,IT,Director,PhD,29,M," R$ 9,335.98 ",2018-04-27
5599,IT,Coordinator,Bachelor,52,M," R$ 17,915.95 ",2013-11-01
5600,Finance,Technician,Technical Diploma,33,F," R$ 18,043.14 ",05/06/2013
5601,Logistics,Technician,Technical Diploma,32,M," R$ 5,693.06 ",2021-03-29
5602,Legal,Specialist,Master,38,F, ,2015-02-13
5603,HR,Director, ,48,M," R$ 8,570.92 ",2019-06-13
5604,Operations,Coordinator,Bachelor,34,M," R$ 8,577.03 ",2022-10-11
5605,Marketing,Analyst,Bachelor,57,F," R$ 12,984.04 ",2016-06-28
5606,Legal,Specialist,Master,34,F," R$ 15,570.88 ",19/07/2010
5607,Finance,Analyst,Bachelor,62,F," R$ 22,920.41 ",2020-03-25
5608,Logistics,Director,PhD,43,M," R$ 6,661.27 ",2022-06-09
5609,IT,Analyst,Bachelor,45,M," R$ 13,605.46 ",08/06/2014
5610,Legal,Coordinator,Bachelor,51,F," R$ 18,022.62 ",2017-09-24
5611,Marketing,Technician,Technical Diploma,34,M," R$ 9,214.88 ",2012-03-28
5612,Logistics,Coordinator,Bachelor,29,M," R$ 6,604.02 ",2023-07-31
5613,,Assistant,High School,26,M," R$ 6,802.44 ",2012-01-07
5614,IT,Manager,Master,64,F," R$ 21,826.47 ",2023-06-09
5615,HR,Technician,Technical Diploma,27,M," R$ 6,466.62 ",17/09/2019
5616,Marketing,Coordinator,Bachelor,28,F," R$ 9,734.01 ",2010-11-14
5617,Logistics,Assistant,High School,43,M," R$ 6,105.26 ",16/08/2021
5618,Logistics,Manager,Master,51,M, ,2019-06-25
5619,Marketing,Technician,Technical Diploma,36,F," R$ 9,382.13 ",2017-09-17
5620,Legal,Analyst,Bachelor,58,M," R$ 19,266.48 ",2022-06-19
5621,Operations,Analyst,Bachelor,62,F," R$ 13,381.30 ",27/12/2022
5622, ,Coordinator,Bachelor,41,F," R$ 19,461.01 ",11/12/2017
5623,Operations,Director,PhD,52,M," R$ 9,280.92 ",2020-06-04
5624,HR,Specialist,Master,26,F," R$ 7,881.78 ",2012-05-24
5625,,Specialist,Master,33,F," R$ 14,211.29 ",2013-07-20
5626,Logistics,Analyst,Bachelor,58,M," R$ 8,132.26 ",2021-09-03
5627,Legal,Analyst,Bachelor,51,M," R$ 19,451.57 ",2022-01-07
5628,HR,Specialist,Master,60,M," R$ 9,863.58 ",2015-04-13
5629,HR,Specialist,Master,24,F," R$ 6,313.28 ",2018-01-06
5630,HR,Specialist,Master,34,F," R$ 5,854.21 ",2017-09-25
5631,HR,Manager,Master,32,M," R$ 6,182.77 ",2023-02-07
5632,IT,Assistant,High School,31,F, ,2015-08-30
5633, ,Specialist,Master,51,F," R$ 17,184.71 ",2019-10-30
5634,IT,Assistant,High School,30,M," R$ 10,290.43 ",10/05/2021
5635,IT,Coordinator,Bachelor,51, ," R$ 15,296.67 ",2010-02-23
5636,Legal,Coordinator,Bachelor,50,F," R$ 22,025.21 ",2010-02-02
5637,HR,Director,PhD,59, ," R$ 9,475.21 ",2013-11-14
5638,HR,Assistant,High School,63,M," R$ 10,416.25 ",17/11/2012
5639,Marketing,Specialist,Master,55,F,,2016-03-24
5640,Marketing,Analyst,Bachelor,47,M," R$ 12,527.37 ",2010-12-03
5641,Operations,Coordinator,Bachelor,23,F," R$ 6,722.74 ",2012-09-25
5642,Logistics,Specialist,Master,57,M," R$ 8,545.38 ",05/10/2019
5643,Marketing,Technician,Technical Diploma,28,F," R$ 10,852.49 ",2019-04-27
5644,Finance,Assistant,High School,57,F," R$ 22,906.55 ",13/09/2012
5645,Finance,Director,,61,F," R$ 23,451.89 ",2011-06-18
5646,Legal,Coordinator,Bachelor,35,F," R$ 15,664.05 ",2021-06-07
5647,Marketing,Technician,Technical Diploma,48,F," R$ 11,561.82 ",2018-04-22
5648,Legal, ,PhD,47,F," R$ 18,561.97 ",2023-08-16
5649,Marketing,Coordinator,Bachelor,41,M," R$ 11,220.33 ",25/04/2014
5650,IT,Analyst,Bachelor,56,F," R$ 16,068.88 ",12/01/2015
5651,IT,Coordinator,,32, ," R$ 13,386.88 ",2021-08-12
5652,IT,Manager,Master,47,M," R$ 14,560.47 ",2013-04-30
5653,Operations,Analyst,Bachelor,56,M," R$ 11,063.67 ",2012-05-02
5654,Legal,Specialist,Master,26,M," R$ 13,447.64 ",2021-01-06
5655,Legal,Specialist,Master,37, ," R$ 12,669.90 ",25/01/2023
5656,Logistics,Specialist,Master,32,F," R$ 6,385.13 ",2016-03-13
5657,,Specialist,Master,54,M," R$ 14,691.52 ",2019-09-03
5658,Marketing,Specialist,Master,30,M," R$ 8,989.28 ",2017-06-10
5659,Operations,Coordinator,Bachelor,43,F," R$ 8,311.72 ",2010-08-12
5660, ,Technician,Technical Diploma,26,F," R$ 15,944.84 ",2017-03-06
5661,HR,Analyst,,41,F," R$ 8,020.29 ",16/11/2022
5662,Finance,Analyst,Bachelor,64,F," R$ 23,645.75 ",2012-04-18
5663,IT,Director,PhD,55,F," R$ 15,808.38 ",2014-07-20
5664,Finance,Analyst,Bachelor,51,F," R$ 22,627.00 ",2016-02-20
5665,Finance,Coordinator,Bachelor,31,F," R$ 16,398.10 ",17/03/2012
5666,Marketing,Technician,Technical Diploma,58,F," R$ 13,416.18 ",2011-07-26
5667,IT,Assistant,High School,53,F," R$ 15,451.76 ",27/12/2019
5668,IT,Technician,Technical Diploma,45,," R$ 14,969.96 ",28/02/2010
5669,Logistics,Manager,Master,38,F," R$ 5,925.05 ",2014-04-14
5670,Operations,Specialist,Master,24,F," R$ 6,761.74 ",2010-01-23
5671,HR,Manager,Master,60,F," R$ 11,625.36 ",09/05/2012
5672,Legal,Analyst,Bachelor,64,F," R$ 21,430.32 ",2015-01-23
5673,Marketing,Director,PhD,64,F," R$ 12,511.70 ",2017-09-28
5674,Finance,Technician,Technical Diploma,47,F," R$ 18,259.57 ",2023-11-16
5675,Legal,Manager,Master,33,F," R$ 15,939.04 ",02/10/2012
5676,Operations,Assistant,High School,58,F, ,2020-09-14
5677,Legal,Specialist,Master,63,F," R$ 22,175.26 ",2012-07-19
5678,HR,Technician,Technical Diploma,33,M," R$ 6,994.55 ",2016-06-25
5679,Finance,Coordinator,Bachelor,54,M," R$ 20,880.92 ",09/10/2011
5680,IT,Analyst,Bachelor,48,F," R$ 16,234.24 ",2013-12-28
5681,Operations,Specialist,Master,35,M," R$ 8,511.57 ",2017-09-04
5682,Legal,Technician,Technical Diploma,28,F," R$ 15,917.52 ",2015-09-24
5683,Logistics,Manager,Master,63,F," R$ 10,658.53 ",2020-03-14
5684,Legal,Specialist,Master,59,M," R$ 23,656.22 ",2020-08-11
5685,Operations,Director,PhD,63,M," R$ 13,359.49 ",2010-09-12
5686,Logistics,Assistant,High School,48,M," R$ 7,377.15 ",2023-05-21
5687,Legal,Specialist,,31,F," R$ 13,934.07 ",2014-05-13
5688,HR,Specialist,Master,63,M,,2017-03-12
5689,Finance,Assistant,High School,64,M," R$ 28,564.97 ",2019-08-16
5690,,Manager,Master,62,M," R$ 21,718.05 ",2021-12-31
5691,Operations,Assistant,High School,30,F," R$ 7,956.40 ",2022-08-10
5692,Finance,Technician,Technical Diploma,55,F," R$ 22,612.23 ",2021-02-16
5693,HR,Technician,Technical Diploma,62,F," R$ 9,640.54 ",2010-05-23
5694,Operations,Assistant,High School,50,M," R$ 10,188.13 ",02/06/2022
5695,Logistics,Technician,Technical Diploma,39,M," R$ 7,053.23 ",12/01/2011
5696,Legal,Director,PhD,50,F," R$ 19,698.75 ",2013-10-17
5697,Finance,Assistant,High School,51,F," R$ 22,515.27 ",2015-05-12
5698,IT,Analyst,Bachelor,34,M," R$ 11,654.00 ",2016-03-17
5699,Operations,Manager,,43,M," R$ 8,682.46 ",27/11/2017
5700,Legal,Assistant,High School,37,F," R$ 16,010.56 ",2020-09-06
5701,HR,Technician,Technical Diploma,53,F," R$ 8,464.56 ",2010-12-20
5702,Marketing,Manager,Master,61,M," R$ 14,025.26 ",21/02/2013
5703,Operations,Manager,Master,47,M," R$ 10,202.85 ",2013-11-18
5704,IT,Specialist,Master,52,M," R$ 12,730.30 ",11/03/2021
5705,Marketing,Analyst,Bachelor,40, ," R$ 10,949.20 ",18/12/2016
5706,IT,Assistant,High School,63,M," R$ 14,868.86 ",2017-04-12
5707,Finance,Technician,Technical Diploma,55,F," R$ 24,221.37 ",2020-10-25
5708,Marketing,Coordinator,Bachelor,27,M," R$ 9,790.48 ",2011-04-04
5709,Marketing,Specialist,Master,56,," R$ 14,366.35 ",2013-11-10
5710,IT,Analyst,Bachelor,32,F," R$ 11,881.64 ",2010-03-31
5711,HR,Assistant,High School,58,M," R$ 9,110.79 ",2021-12-18
5712,HR, ,Bachelor,43,M," R$ 7,178.24 ",2023-12-06
5713,Legal,Analyst,Bachelor,34,F," R$ 14,152.59 ",14/07/2021
5714,Operations,Director,PhD,37,F," R$ 9,814.20 ",2014-03-19
5715,Marketing,Assistant,High School,47,M," R$ 11,054.30 ",2022-05-19
5716, ,Manager,Master,43,F," R$ 13,769.23 ",2020-01-15
5717,Marketing,Coordinator,Bachelor,63,F," R$ 15,628.90 ",20/01/2019
5718,Finance,Manager,Master,34,M," R$ 20,660.74 ",2017-03-29
5719,HR,Analyst,Bachelor,44,F," R$ 6,551.38 ",2011-10-25
5720,HR, ,Technical Diploma,53,M," R$ 9,564.22 ",2015-10-22
5721,Logistics,Technician,Technical Diploma,44, ," R$ 7,069.91 ",2015-01-29
5722,Finance,Coordinator,Bachelor,64,F,,2014-05-25
5723,Operations,Assistant,High School,53,F," R$ 11,755.28 ",2015-11-25
5724,HR,Assistant,High School,59,F," R$ 9,642.25 ",14/09/2022
5725,Finance,Director,,49,M," R$ 19,523.07 ",23/09/2015
5726, ,Specialist,Master,54,F," R$ 21,368.08 ",2020-12-16
5727,Marketing,Director,PhD,61,M," R$ 11,980.22 ",2017-05-13
5728,Logistics,Coordinator,Bachelor,47,M," R$ 7,960.86 ",2012-04-22
5729,Operations,Coordinator,Bachelor,51,F," R$ 10,802.38 ",2023-06-29
5730,Operations,Coordinator,Bachelor,38,F," R$ 8,630.36 ",2016-09-21
5731,Legal,Analyst,Bachelor,63,M,,2022-02-27
5732,Logistics,Assistant,High School,50,F," R$ 8,347.74 ",26/10/2020
5733,Legal,Specialist,Master,23,M," R$ 12,891.65 ",2020-04-16
5734,HR,Assistant,High School,59,M," R$ 9,606.19 ",2010-07-11
5735,Finance,Director,PhD,55,M," R$ 19,402.90 ",2019-10-13
5736,Finance,Assistant,High School,59,F," R$ 25,114.49 ",2023-02-28
5737,Finance,Technician,Technical Diploma,33,F," R$ 18,243.00 ",2015-12-26
5738,HR,Technician,Technical Diploma,42,M," R$ 7,582.37 ",2012-09-03
5739,Operations,Technician,Technical Diploma,48,F," R$ 9,503.91 ",08/03/2017
5740,Finance,Manager,Master,61,M," R$ 29,517.93 ",2016-06-30
5741,Operations,Coordinator,Bachelor,24,M," R$ 8,009.90 ",2011-04-28
5742,Finance,Assistant,High School,58,F," R$ 24,482.98 ",2010-06-12
5743,Legal, ,Bachelor,47,F," R$ 19,444.00 ",18/04/2010
5744,Logistics,Technician,Technical Diploma,26,F," R$ 5,536.23 ",01/02/2021
5745,Finance,Analyst,Bachelor,41,M," R$ 17,298.80 ",2012-10-31
5746,IT,Director,PhD,62,M," R$ 18,733.59 ",27/05/2021
5747,Operations,Director,PhD,29,F," R$ 7,510.30 ",2022-07-20
5748,Marketing,Coordinator,Bachelor,64,F," R$ 12,757.29 ",2014-11-02
5749,Finance,Specialist,Master,49,M," R$ 22,985.59 ",2011-03-06
5750,IT,Manager,Master,50,M," R$ 14,632.56 ",2022-12-18
5751,Legal,Analyst,Bachelor,62,F," R$ 22,714.49 ",2014-11-26
5752,Finance,Technician,Technical Diploma,23,M," R$ 14,089.85 ",2017-03-23
5753,IT,Technician,Technical Diploma,23,M," R$ 10,999.14 ",25/06/2023
5754,IT,Coordinator,Bachelor,59,M," R$ 16,822.17 ",2017-02-09
5755,HR,Coordinator,Bachelor,59,F," R$ 9,607.17 ",2013-03-11
5756, ,Analyst,Bachelor,64,F," R$ 14,686.09 ",2018-12-23
5757,IT,Specialist,Master,44,M," R$ 13,307.28 ",2013-07-16
5758,IT,Analyst,Bachelor,31,M," R$ 12,622.99 ",2013-10-07
5759,Operations,Coordinator,Bachelor,49,M," R$ 10,923.49 ",10/09/2011
5760,Finance,Analyst,Bachelor,40,M," R$ 21,001.06 ",2020-02-24
5761,IT,Manager,Master,49,M," R$ 14,125.34 ",04/10/2012
5762,Finance,Technician,Technical Diploma,52,F," R$ 19,982.22 ",2017-05-17
5763,Logistics,Assistant,High School,23,F," R$ 5,148.18 ",2019-02-08
5764,Operations,Director,PhD,50,F," R$ 10,069.58 ",2019-12-23
5765,Marketing,Assistant, ,35,F," R$ 10,543.37 ",2018-07-31
5766,Legal,Director,PhD,49,M,,2010-12-18
5767, , ,PhD,22,F," R$ 12,648.34 ",12/08/2012
5768,IT,Technician,Technical Diploma,37,M," R$ 14,834.51 ",22/10/2021
5769,Operations,Technician,Technical Diploma,58,F," R$ 12,279.14 ",2015-05-19
5770,Operations,Technician,Technical Diploma,42,M," R$ 8,445.42 ",2019-03-04
5771,HR,Technician,Technical Diploma,35,F," R$ 6,783.03 ",02/08/2013
5772,Legal,Specialist,Master,64,F," R$ 26,165.41 ",2021-07-22
5773,IT,Manager,Master,38,F," R$ 11,926.45 ",2014-08-28
5774,HR,Director,PhD,36,F," R$ 7,977.66 ",2011-08-29
5775,IT,Analyst,Bachelor,52,M," R$ 16,104.36 ",2019-11-25
5776,Operations,Director,PhD,57,F," R$ 11,387.08 ",16/04/2022
5777,HR,Analyst,Bachelor,35,M," R$ 8,587.06 ",2014-08-28
5778,Legal,Technician,Technical Diploma,57,M," R$ 20,638.26 ",2014-05-10
5779,Marketing,Coordinator,Bachelor,48,M," R$ 10,417.58 ",2018-04-04
5780,IT,Manager,Master,24,M," R$ 9,481.22 ",2015-08-23
5781,Marketing,Coordinator,Bachelor,57,F," R$ 13,867.41 ",2022-05-30
5782,Finance,Coordinator,Bachelor,27,M," R$ 18,408.82 ",2022-04-20
5783,Logistics,Technician,Technical Diploma,48,M," R$ 7,009.99 ",18/11/2020
5784,HR,Assistant,High School,43,M," R$ 9,082.87 ",2021-09-08
5785,Legal,Manager,Master,43,M," R$ 17,898.12 ",2022-04-02
5786,Legal,Analyst,Bachelor,57,M," R$ 20,770.16 ",2022-01-10
5787,IT,Specialist,Master,53,M," R$ 12,644.29 ",22/04/2014
5788,Legal,Analyst,Bachelor,48,F," R$ 15,197.01 ",07/03/2012
5789,Finance,Specialist,Master,28,M," R$ 16,095.10 ",2015-06-22
5790,IT,Technician,Technical Diploma,60,M," R$ 18,074.50 ",2010-05-29
5791,HR,Assistant,High School,33,F," R$ 7,822.45 ",28/11/2012
5792,Finance,Specialist,Master,37,M," R$ 18,254.97 ",2011-12-12
5793,Legal,Coordinator,Bachelor,59,F," R$ 19,883.56 ",2021-01-14
5794,Finance,Manager,Master,26,F," R$ 15,697.79 ",19/06/2013
5795,Logistics,Analyst,Bachelor,63,M," R$ 8,798.99 ",2010-02-22
5796,Marketing,Director,PhD,56,F," R$ 13,917.74 ",2014-09-09
5797,Operations,Analyst,Bachelor,30,M," R$ 7,964.87 ",28/03/2012
5798,Logistics,Specialist,Master,50,M," R$ 7,330.98 ",2018-06-20
5799,HR,Specialist,Master,48,F," R$ 8,205.21 ",2013-03-09
5800,IT,Coordinator,Bachelor,53,F," R$ 14,849.10 ",2023-03-24
5801,HR,Specialist,Master,31,M, ,24/03/2015
5802,Finance,Technician,Technical Diploma,46,," R$ 18,476.94 ",10/06/2011
5803,Finance,Technician,Technical Diploma,63, ," R$ 26,263.92 ",2023-04-24
5804,Logistics,Analyst,Bachelor,59,M," R$ 8,528.77 ",2012-11-20
5805,Logistics,Technician,Technical Diploma,46,M," R$ 7,232.86 ",2016-08-09
5806,Marketing,Assistant,High School,25,F," R$ 7,659.84 ",2012-07-04
5807,IT,Technician,Technical Diploma,64,F," R$ 15,175.43 ",2011-06-05
5808,Legal,Manager,Master,62,F," R$ 23,583.14 ",16/08/2019
5809,Finance, ,Master,44,M," R$ 16,802.46 ",2022-06-30
5810,IT,Assistant,High School,31,F," R$ 11,440.08 ",2018-04-14
5811,HR,Technician,Technical Diploma,27,M," R$ 6,273.73 ",2011-05-25
5812,IT,Analyst,Bachelor,34,M," R$ 12,564.83 ",2022-03-12
5813,HR,Analyst,Bachelor,52,F," R$ 8,377.30 ",25/07/2023
5814,IT,Specialist,Master,26,M," R$ 9,573.61 ",2019-02-21
5815,Finance,Specialist,Master,25,F," R$ 13,632.43 ",2022-10-08
5816,Logistics,Specialist,Master,24,M," R$ 6,215.50 ",2013-07-30
5817,HR,Specialist,Master,51, ," R$ 8,087.34 ",20/05/2015
5818,IT,Technician,Technical Diploma,44,M," R$ 13,878.41 ",2010-03-18
5819,HR,Manager,Master,58,F," R$ 9,236.21 ",12/02/2019
5820,,Specialist,Master,39,M," R$ 8,196.22 ",2019-06-10
5821,HR,Technician,Technical Diploma,56,F,,2011-01-15
5822,HR,Manager,Master,26,F," R$ 6,297.00 ",2013-02-09
5823,IT,Technician,Technical Diploma,62,M," R$ 16,142.81 ",2019-12-10
5824,HR,Assistant,High School,49,M," R$ 9,472.17 ",2014-09-10
5825,Finance,Coordinator,Bachelor,59,F, ,2022-09-04
5826,Marketing,Specialist,Master,39, ," R$ 9,901.54 ",2019-09-30
5827,Finance,Assistant,High School,29,F," R$ 16,171.32 ",2022-11-30
5828,Logistics,Analyst,Bachelor,33,F," R$ 5,628.69 ",2011-07-13
5829,Finance,Assistant,High School,51,M," R$ 20,929.49 ",2016-04-27
5830,IT, ,Technical Diploma,43,," R$ 13,759.50 ",2013-07-25
5831,HR,Director,PhD,27,M," R$ 6,667.77 ",2014-09-09
5832,Finance,Director,PhD,51,M," R$ 21,862.71 ",2011-08-09
5833,IT,Analyst,Bachelor,29,M," R$ 10,475.88 ",2017-09-26
5834,Marketing,Coordinator,Bachelor,50,M," R$ 12,020.05 ",2018-06-24
5835,Legal,Assistant,High School,52,M," R$ 22,939.54 ",2017-08-08
5836,Marketing,Manager,Master,26,M," R$ 8,182.81 ",2021-12-17
5837,Operations,,Bachelor,32,M," R$ 7,905.13 ",23/03/2010
5838,Legal,Coordinator,Bachelor,38,F," R$ 18,777.49 ",2016-02-26
5839,Logistics,Assistant,High School,34,M," R$ 5,361.23 ",2014-12-12
5840,Legal,,Bachelor,41,F," R$ 16,334.82 ",2023-04-19
5841,HR,Coordinator,Bachelor,52,F," R$ 8,478.01 ",2022-11-30
5842,Logistics,Director,PhD,47,F," R$ 7,230.87 ",2020-01-06
5843,Finance,Specialist,Master,49,," R$ 21,913.17 ",09/06/2021
5844,Finance,Manager,Master,46,M," R$ 19,672.44 ",2013-12-17
5845,,Manager,Master,39,M," R$ 16,279.13 ",11/04/2022
5846,Operations,Manager,Master,53,M," R$ 9,755.40 ",2014-11-08
5847,IT,Manager,Master,50,F," R$ 15,013.06 ",2020-06-25
5848,Legal,Manager,Master,24,M," R$ 13,412.00 ",2020-08-18
5849,IT,Director,PhD,56,M," R$ 16,466.11 ",01/06/2011
5850,Marketing,Manager,Master,59,F," R$ 14,874.22 ",2023-03-13
5851,Marketing,Technician,Technical Diploma,36,," R$ 9,893.03 ",2016-01-26
5852, ,Director,PhD,24,F," R$ 5,873.86 ",2015-01-03
5853,Legal,Director,PhD,42,F," R$ 17,618.54 ",2013-02-18
5854,IT,Analyst,Bachelor,24,M," R$ 11,211.24 ",2013-11-19
5855,Marketing,Analyst,Bachelor,56,F," R$ 12,953.56 ",17/10/2022
5856,HR,Manager,Master,29,M," R$ 6,870.23 ",2022-01-22
5857,Legal,Director,PhD,24,M," R$ 12,840.06 ",2023-10-17
5858,,Analyst,Bachelor,32,F," R$ 19,127.05 ",2012-05-12
5859, ,Analyst,Bachelor,23,F," R$ 6,646.02 ",2011-09-05
5860,Marketing,Manager,Master,54,M," R$ 12,694.65 ",2016-05-11
5861,Marketing,Director, ,29,M," R$ 9,519.52 ",2023-04-22
5862,Operations,Coordinator,Bachelor,33,M," R$ 8,357.57 ",2012-12-21
5863,Legal,Analyst,Bachelor,40,F," R$ 17,836.90 ",2019-02-19
5864,Marketing,Manager,Master,39,F," R$ 10,554.12 ",2019-06-01
5865,Operations,Specialist,Master,42,F," R$ 10,295.48 ",14/03/2019
5866,Operations,Coordinator,Bachelor,43,F," R$ 10,139.49 ",2015-05-10
5867,Legal,Assistant,High School,64,F," R$ 22,449.55 ",2023-05-18
5868,Operations, ,High School,51,F," R$ 10,502.34 ",2018-05-09
5869,Marketing,Technician,Technical Diploma,39,M," R$ 11,688.76 ",2018-01-10
5870,Legal,Director,PhD,27,M," R$ 13,372.90 ",08/02/2014
5871,IT,Assistant,High School,22,F," R$ 10,568.92 ",21/05/2011
5872, ,Analyst,Bachelor,30,M," R$ 16,810.09 ",2022-10-28
5873,Marketing,Director,PhD,37,M," R$ 10,294.94 ",29/07/2011
5874, ,Director,PhD,50,F," R$ 18,262.20 ",2018-12-25
5875,Operations,Manager,Master,50,F," R$ 10,230.76 ",2012-05-14
5876,Marketing,Coordinator,Bachelor,26,M," R$ 8,202.99 ",2020-05-21
5877,Legal,Director,PhD,40,M," R$ 17,138.98 ",22/11/2019
5878,Logistics,Specialist,Master,43,M," R$ 7,099.10 ",2013-07-30
5879,Finance,Director,PhD,29,F," R$ 18,023.32 ",2016-04-24
5880,HR,Coordinator,Bachelor,39,M," R$ 7,524.37 ",2019-08-28
5881,HR,Technician,Technical Diploma,35,M," R$ 7,287.67 ",2019-05-23
5882,IT,Assistant, ,25,M," R$ 9,898.67 ",2023-12-12
5883,Finance,Manager,Master,61,F," R$ 23,290.82 ",2016-07-12
5884,HR,Assistant,High School,48,F," R$ 8,633.22 ",2017-07-12
5885,Logistics,Technician,Technical Diploma,45,M," R$ 7,028.44 ",2010-03-05
5886,Marketing,Analyst,Bachelor,51,F," R$ 11,929.05 ",2018-01-13
5887,Legal,Technician,Technical Diploma,33,F," R$ 16,070.69 ",2018-08-03
5888,Marketing,Coordinator,Bachelor,64,M," R$ 12,463.36 ",2011-01-20
5889,Logistics,Director,PhD,34,M," R$ 6,096.99 ",2012-04-17
5890,Finance,Analyst,Bachelor,61,M," R$ 25,427.58 ",2013-01-05
5891,Operations,Analyst,Bachelor,25,F," R$ 6,453.74 ",2019-02-08
5892,Operations,Specialist,Master,47,F," R$ 9,102.19 ",2018-10-25
5893,Marketing,Manager,Master,22,F," R$ 8,692.29 ",2010-10-30
5894,Marketing,Director, ,48,F," R$ 10,456.13 ",11/02/2018
5895,IT,Coordinator,Bachelor,44,M," R$ 15,285.30 ",2021-03-29
5896,Legal,Technician,Technical Diploma,63,F," R$ 20,704.46 ",2023-08-24
5897,,Specialist,Master,59,F," R$ 12,971.38 ",14/07/2014
5898,Legal, ,Bachelor,32,F," R$ 17,207.11 ",2023-12-15
5899,Marketing,Coordinator,Bachelor,60,M," R$ 14,460.74 ",24/03/2015
5900,IT,Specialist,Master,63,F, ,19/12/2012
5901,IT,Analyst,Bachelor,42,," R$ 14,610.84 ",2013-11-20
5902,Operations,Analyst,Bachelor,43,M," R$ 9,703.32 ",2012-10-02
5903,Marketing,Specialist, ,49,M," R$ 12,837.56 ",2017-07-18
5904,Operations,Technician,Technical Diploma,59,M," R$ 12,399.25 ",2018-06-13
5905,HR,Manager,Master,27,F," R$ 5,435.18 ",2015-09-21
5906,HR,Assistant,High School,46,F," R$ 7,563.40 ",2015-07-23
5907,Marketing,Director,PhD,25,M," R$ 8,142.25 ",2021-03-01
5908,HR,Assistant,High School,55,F," R$ 8,351.69 ",2015-06-28
5909,HR,Director,PhD,47,M," R$ 8,633.75 ",2010-11-01
5910,Operations,Specialist,Master,60,F," R$ 10,930.25 ",2023-08-13
5911,Logistics,Assistant,High School,48,," R$ 8,010.48 ",2019-12-24
5912,Finance,Technician,Technical Diploma,60,M," R$ 23,152.86 ",2020-06-22
5913,Marketing,Director,PhD,42,M," R$ 11,541.95 ",2011-05-21
5914,Finance,Analyst,Bachelor,42,F," R$ 19,249.04 ",2023-10-07
5915,HR,Specialist,Master,50,M," R$ 9,274.56 ",05/09/2020
5916,Legal,Manager,Master,55,F," R$ 16,844.88 ",25/01/2011
5917,Logistics,Analyst,Bachelor,48,F," R$ 6,833.77 ",2011-10-22
5918,Finance,Specialist,Master,63,F," R$ 24,013.75 ",2011-06-26
5919,Legal,Manager,Master,47,M," R$ 18,900.35 ",2018-08-17
5920,IT,Coordinator, ,26,F," R$ 11,446.41 ",15/10/2022
5921, ,Technician,Technical Diploma,41, ,,2015-12-28
5922,HR,Coordinator,Bachelor,29,F," R$ 7,868.81 ",2011-03-25
5923,HR,Technician,Technical Diploma,39,F," R$ 7,169.53 ",2017-08-22
5924,HR,Manager,Master,26,M," R$ 5,934.15 ",2013-09-10
5925,IT,Technician,Technical Diploma,25,M," R$ 10,797.29 ",08/02/2020
5926, ,Manager,Master,64,M," R$ 7,932.42 ",2012-12-15
5927,Logistics,Director,PhD,26,F," R$ 4,929.02 ",07/12/2019
5928,Logistics,Coordinator,Bachelor,37,M," R$ 6,062.84 ",01/07/2021
5929,Marketing,Analyst,Bachelor,30,F," R$ 9,278.56 ",2013-12-31
5930, ,Assistant,High School,46,M," R$ 7,919.69 ",2012-08-28
5931,Logistics,Director,PhD,59,," R$ 7,606.23 ",2011-06-04
5932,HR,Technician,Technical Diploma,29,F," R$ 6,661.60 ",09/09/2017
5933,Legal,Coordinator,Bachelor,22,F," R$ 9,775.11 ",20/12/2018
5934,Finance,Manager,Master,52,F," R$ 20,379.73 ",30/06/2022
5935,IT,Assistant,High School,54,F," R$ 15,775.50 ",2019-11-25
5936,IT,Specialist,Master,26,M," R$ 10,036.55 ",2012-07-10
5937,Legal,Technician,Technical Diploma,39,M," R$ 15,626.55 ",2014-12-21
5938,Finance,Coordinator,Bachelor,57,M," R$ 24,106.97 ",2021-12-09
5939,Operations,Analyst,Bachelor,41,M," R$ 8,708.96 ",09/03/2015
5940,Legal,Technician,Technical Diploma,45,M," R$ 16,898.33 ",15/11/2011
5941,IT,Assistant,High School,40,F," R$ 12,561.84 ",22/01/2017
5942,IT,Manager,Master,49,M," R$ 15,260.25 ",31/05/2023
5943,Legal,Assistant,High School,51,F," R$ 19,430.68 ",2021-03-24
5944,Legal,Technician,Technical Diploma,60, ," R$ 23,127.92 ",2020-09-16
5945,IT,Technician,Technical Diploma,36,M," R$ 12,500.12 ",2010-04-17
5946,IT,Specialist,Master,30,F," R$ 11,136.13 ",2013-06-28
5947,Logistics,Director,PhD,60,M," R$ 8,647.73 ",2021-11-03
5948,Operations,Coordinator,Bachelor,52,F," R$ 9,411.58 ",2013-11-02
5949,HR,Director,PhD,22,M," R$ 6,932.36 ",2018-11-06
5950,Logistics,Technician,Technical Diploma,34,M," R$ 5,897.31 ",23/04/2017
5951,Finance,Director,PhD,57,M," R$ 24,139.53 ",2015-04-16
5952,IT,Specialist,Master,23,F," R$ 11,230.48 ",20/07/2011
5953,IT,Director,PhD,63,," R$ 19,909.47 ",26/07/2012
5954,HR,Specialist,Master,58,F," R$ 9,216.72 ",2013-11-07
5955,Marketing,Assistant,High School,56,F," R$ 12,430.66 ",2011-08-26
5956,HR,Coordinator,Bachelor,58,," R$ 10,173.45 ",2013-01-07
5957,Marketing,Technician,Technical Diploma,32,F," R$ 9,068.84 ",2010-07-23
5958,Marketing,Coordinator,Bachelor,39,M," R$ 10,271.82 ",12/11/2022
5959,Legal,Coordinator,Bachelor,41,M," R$ 17,288.36 ",03/05/2013
5960,Logistics,Manager,Master,23,F," R$ 5,436.03 ",19/09/2023
5961,Operations,,PhD,45,F," R$ 10,200.43 ",2020-04-14
5962,Legal,Manager, ,37,F," R$ 16,231.85 ",2023-05-23
5963,Marketing,Manager,Master,44,F," R$ 11,638.33 ",03/12/2020
5964,Finance,,Bachelor,59,F," R$ 19,532.46 ",2019-05-23
5965,Legal,Specialist,Master,50,M," R$ 19,207.38 ",2013-05-01
5966,Finance,Coordinator,Bachelor,51, ," R$ 19,941.39 ",2014-12-23
5967,Marketing,Assistant,High School,25, ," R$ 8,938.15 ",03/03/2011
5968,Operations,,Bachelor,50,M," R$ 9,620.85 ",2010-04-10
5969,Marketing,Manager,Master,64,M," R$ 12,665.74 ",2014-07-28
5970,HR,Specialist,Master,62,M," R$ 8,876.55 ",2017-03-29
5971,Marketing,Director,PhD,48,F," R$ 11,536.82 ",2013-03-04
5972,HR,Analyst,Bachelor,54,F," R$ 10,901.43 ",2010-12-01
5973,HR,Specialist,Master,39,M," R$ 6,620.42 ",2013-02-04
5974,Operations,Manager,Master,27,M," R$ 7,370.75 ",2012-02-08
5975,Operations,Specialist,Master,53, ," R$ 10,445.73 ",2016-10-20
5976,Logistics,Assistant,High School,52,F," R$ 6,616.51 ",2019-02-01
5977,Legal,Manager,Master,33,M," R$ 13,754.56 ",2018-12-29
5978,Operations,Manager,Master,44,M," R$ 9,716.50 ",2023-04-12
5979,Finance,Manager,Master,50,F," R$ 22,834.97 ",2021-04-19
5980,HR,Manager,Master,24,M," R$ 6,011.82 ",2015-08-16
5981,Logistics,Assistant,High School,54,F," R$ 7,637.12 ",2019-09-29
5982,HR,Specialist, ,60,F," R$ 8,872.23 ",2013-10-21
5983,HR,Director,PhD,49,M," R$ 8,408.65 ",2013-12-03
5984,Finance,Coordinator,Bachelor,39,M," R$ 17,465.54 ",2023-02-21
5985,Marketing,Manager,Master,43,," R$ 9,989.16 ",2023-01-15
5986,Operations,Manager,Master,41,F," R$ 8,969.45 ",07/01/2016
5987,Marketing,Director,PhD,37,M," R$ 10,439.79 ",2011-01-19
5988,IT,Analyst,Bachelor,28,F," R$ 10,232.38 ",2022-07-08
5989,IT,Technician,Technical Diploma,25,M," R$ 10,318.71 ",2013-10-23
5990,Operations,Manager,Master,63,F," R$ 12,180.94 ",2019-09-15
5991,HR,Manager,Master,59,M," R$ 9,273.52 ",2023-12-10
5992,IT,Manager,Master,55,M," R$ 17,754.43 ",2022-05-12
5993,Marketing,Technician,Technical Diploma,57, ," R$ 12,881.17 ",2023-11-15
5994,HR,Analyst,Bachelor,39,M," R$ 7,507.09 ",2017-06-07
5995,Finance,Coordinator,Bachelor,54,M," R$ 23,794.15 ",2021-10-17
5996,Legal,Technician,Technical Diploma,22,F," R$ 12,635.73 ",2020-12-26
5997,Finance,Technician,Technical Diploma,46,F," R$ 23,689.96 ",2015-01-23
5998,Operations,Specialist,Master,35,F," R$ 8,046.48 ",2011-03-05
5999,Marketing,Analyst,Bachelor,32,F," R$ 9,511.46 ",2014-03-08
6000,HR,Director,PhD,29,F," R$ 7,031.42 ",2015-12-25
6001,IT,Assistant,,63,F," R$ 18,404.13 ",23/10/2010
6002, ,Technician,Technical Diploma,37,F," R$ 10,437.04 ",2022-01-11
6003,Finance,Assistant,High School,60,," R$ 24,445.35 ",2016-07-24
6004,IT,Assistant,High School,58,M," R$ 13,701.27 ",2010-03-19
6005,IT,Director,PhD,52,M," R$ 14,598.62 ",10/06/2017
6006,Marketing,Assistant,High School,63,M," R$ 14,826.28 ",2015-01-31
6007,Logistics, ,Master,39,F," R$ 5,517.48 ",2015-11-30
6008,IT,Coordinator,Bachelor,28,F," R$ 12,281.81 ",05/12/2021
6009,Legal,Assistant,High School,25,F," R$ 13,440.24 ",19/12/2013
6010,Logistics,Manager,Master,53,M," R$ 8,131.86 ",2023-08-27
6011,Finance,Assistant,High School,52,F," R$ 23,028.84 ",04/02/2017
6012,Finance,Assistant,High School,31,F," R$ 17,328.77 ",2016-10-28
6013,Logistics,Assistant,,51, ," R$ 8,080.75 ",2015-05-03
6014,Operations,Specialist,Master,56,M," R$ 11,505.18 ",2022-07-12
6015,Operations,Director,PhD,52,F," R$ 10,391.48 ",2016-02-11
6016,Legal,Technician,Technical Diploma,52,F," R$ 20,161.04 ",2013-01-16
6017,Finance,Technician,Technical Diploma,54,F," R$ 23,915.43 ",20/07/2018
6018,Legal,Technician,Technical Diploma,26,F," R$ 14,068.02 ",2011-08-13
6019,Marketing,Assistant,High School,31,M," R$ 10,137.99 ",2018-04-02
6020,Legal,Analyst,Bachelor,44,F," R$ 17,559.34 ",21/09/2010
6021,Operations,Technician,Technical Diploma,28,F," R$ 8,251.40 ",2022-05-20
6022,Logistics,Technician,Technical Diploma,49,M," R$ 6,878.57 ",2020-05-05
6023,IT,Manager,Master,42,F," R$ 14,583.64 ",25/04/2014
6024,Marketing,Technician,Technical Diploma,52, ," R$ 12,765.55 ",2015-11-15
6025,HR,Assistant,High School,62,M, ,2017-06-22
6026, ,Specialist,Master,48,F," R$ 8,275.36 ",2010-05-04
6027,Finance,Specialist,Master,50,M," R$ 19,438.94 ",2013-04-25
6028,Marketing,Technician,Technical Diploma,31,M," R$ 8,611.76 ",2011-05-02
6029,Legal,Specialist,Master,29,F," R$ 16,740.01 ",2019-04-11
6030,Operations,Manager,Master,30,F," R$ 7,680.10 ",2014-07-11
6031,Marketing,Analyst,Bachelor,32,F," R$ 9,956.30 ",2021-06-14
6032, ,Coordinator,Bachelor,43,F," R$ 19,463.41 ",2010-04-12
6033,Logistics,Director,PhD,61,F," R$ 8,160.34 ",2018-06-29
6034,HR,Assistant,High School,47,M," R$ 8,557.84 ",2015-07-30
6035,Operations,Specialist,Master,58,M," R$ 10,077.55 ",2022-04-19
6036,Legal,Specialist,Master,61,M," R$ 22,515.01 ",2018-08-10
6037,HR,Specialist,,23,F," R$ 5,761.71 ",2023-09-04
6038,Finance,Assistant,High School,40,F," R$ 18,404.19 ",2010-12-09
6039,Legal,Analyst,Bachelor,37,M," R$ 17,283.04 ",03/11/2013
6040,Legal,Coordinator,Bachelor,25,M," R$ 13,527.09 ",2010-03-13
6041,Marketing,Coordinator,Bachelor,59,F," R$ 14,093.36 ",2019-09-28
6042,Legal,Assistant,High School,28,F," R$ 14,120.13 ",16/07/2022
6043,HR,Director,PhD,35,M," R$ 6,622.74 ",2019-05-22
6044,HR,Coordinator,Bachelor,33,M," R$ 6,975.11 ",2012-04-20
6045,Logistics,Assistant,High School,42,M," R$ 6,537.09 ",15/01/2010
6046,Logistics,Director,PhD,55,M," R$ 7,830.62 ",2020-12-20
6047,Marketing,Director,PhD,42,F," R$ 11,155.65 ",2013-08-02
6048,Operations,Assistant,High School,57,M," R$ 10,814.55 ",2010-06-19
6049,Finance,Director,PhD,61,F," R$ 23,187.20 ",2015-03-20
6050,Legal,Assistant,High School,63,M,,11/02/2014
6051,Finance,Analyst,Bachelor,28,F," R$ 15,983.73 ",2011-04-26
6052,Finance,Coordinator,Bachelor,42,M," R$ 20,174.60 ",2010-11-06
6053,HR,Director,PhD,31,F," R$ 6,711.47 ",08/04/2010
6054,HR,Specialist,Master,42,F," R$ 8,251.75 ",2012-06-15
6055,IT,Technician,Technical Diploma,37,M," R$ 12,309.94 ",2011-02-06
6056,Legal,Analyst,,46,F," R$ 16,954.35 ",21/11/2013
6057,Marketing,Director,PhD,34,M," R$ 9,702.10 ",2013-10-10
6058,Logistics,Coordinator,Bachelor,48,M," R$ 7,957.63 ",2010-01-31
6059,Finance,Director,PhD,58,F," R$ 25,046.80 ",14/03/2022
6060,Logistics,Analyst,Bachelor,29,F," R$ 5,917.78 ",2021-11-19
6061,Operations,Specialist,Master,51,F," R$ 11,305.43 ",2012-05-10
6062,Operations,Specialist,Master,52,M," R$ 10,891.79 ",2016-07-06
6063,Finance,Manager,Master,28,M," R$ 16,779.99 ",2021-04-19
6064,IT,Assistant,High School,51,F," R$ 16,568.79 ",2013-08-08
6065,Finance,Director,PhD,39,M," R$ 17,762.38 ",27/05/2016
6066,Finance,Assistant,High School,44,M," R$ 22,571.95 ",06/10/2011
6067,IT,Coordinator,Bachelor,59,M," R$ 16,521.00 ",2018-11-02
6068,Marketing,Technician,Technical Diploma,62,F," R$ 14,310.27 ",23/04/2016
6069,Operations,,Master,51,F," R$ 10,445.63 ",2023-05-04
6070,Logistics,Assistant,High School,51,F," R$ 7,584.66 ",2018-03-23
6071,IT,Director,PhD,29,F," R$ 11,576.18 ",2014-12-25
6072,Marketing,Coordinator,Bachelor,33,F," R$ 9,815.55 ",2011-02-09
6073,Marketing,Coordinator,Bachelor,31,F," R$ 10,097.53 ",2023-01-13
6074,Marketing,Analyst,Bachelor,28,M," R$ 10,001.11 ",2016-10-14
6075,HR,Assistant,High School,60,F," R$ 10,339.50 ",04/12/2013
6076,Finance,Manager,Master,38,F," R$ 16,705.04 ",2011-02-25
6077,Finance,Coordinator,Bachelor,53,M," R$ 22,424.88 ",21/06/2014
6078,Operations,Specialist,Master,26,M," R$ 7,263.18 ",2021-09-01
6079,Logistics,Specialist,Master,63,F," R$ 8,515.97 ",2011-05-29
6080,Marketing,Manager,Master,42,M," R$ 11,287.60 ",21/11/2021
6081,Logistics,Manager,Master,52,F," R$ 7,637.68 ",2017-05-22
6082,Legal,Specialist,Master,36,F," R$ 16,779.80 ",2023-09-07
6083, ,Analyst,Bachelor,34,M," R$ 9,135.23 ",2014-01-27
6084,HR,Coordinator,Bachelor,28,M," R$ 6,156.75 ",18/05/2013
6085,HR,Manager,Master,45,M," R$ 8,053.12 ",2018-10-16
6086,Operations,Coordinator,Bachelor,25,F," R$ 7,594.44 ",2016-12-31
6087,Operations,Director,PhD,62,M," R$ 12,224.69 ",2023-06-09
6088,HR,Assistant,High School,40,M," R$ 7,861.81 ",2015-12-27
6089,Marketing,Technician,Technical Diploma,56,F,,14/07/2010
6090,HR,Coordinator,Bachelor,50,," R$ 9,429.94 ",2010-07-08
6091,Operations,Technician,Technical Diploma,57,F," R$ 10,768.75 ",2016-07-19
6092,IT,Assistant,High School,55,M," R$ 18,954.48 ",13/03/2012
6093,Legal,Coordinator,Bachelor,29,M," R$ 13,581.09 ",2011-07-08
6094, ,Assistant,High School,23,M," R$ 8,739.05 ",2011-05-12
6095,Legal,Technician,Technical Diploma,25,M," R$ 14,062.20 ",2010-07-31
6096,,Director, ,23,M," R$ 9,234.00 ",2020-04-19
6097,Legal,Analyst,Bachelor,51,," R$ 17,140.68 ",2015-09-16
6098,IT,Assistant,High School,50,M," R$ 14,932.90 ",2010-04-01
6099,Finance,Technician,Technical Diploma,25,M," R$ 14,064.76 ",14/06/2012
6100,Logistics,Manager,Master,42,F," R$ 7,388.64 ",2023-10-26
6101,Marketing,Analyst,Bachelor,30,F," R$ 9,293.53 ",2017-10-24
6102,Marketing,Director,PhD,23,M," R$ 8,691.97 ",2010-04-20
6103,Finance,Analyst,,41,F," R$ 20,874.53 ",2013-12-04
6104,Operations,Assistant,High School,54,M," R$ 11,301.52 ",2017-11-06
6105,Marketing,Coordinator,Bachelor,27,F," R$ 8,177.10 ",2011-09-05
6106,,Director,PhD,50,F," R$ 10,713.83 ",2022-05-03
6107,Operations,Technician,Technical Diploma,37,M," R$ 9,162.37 ",2012-10-04
6108,Legal,Technician,Technical Diploma,57,F," R$ 20,151.47 ",13/08/2015
6109,Finance,Manager,Master,26,M," R$ 15,341.73 ",2022-02-28
6110,Finance,Coordinator,Bachelor,58,F," R$ 21,116.78 ",2012-07-09
6111, ,,PhD,30,F," R$ 15,470.45 ",2016-04-07
6112,IT,Director,PhD,53,F," R$ 14,485.05 ",2015-05-29
6113,Marketing,Assistant,High School,58, ," R$ 12,630.69 ",2022-11-26
6114,IT,, ,55,M," R$ 17,723.28 ",2015-01-06
6115,Legal,Manager,Master,60,F," R$ 19,631.52 ",2022-12-24
6116,IT,Manager,Master,61,M," R$ 17,888.60 ",2017-10-02
6117,Legal,Analyst,Bachelor,50,F," R$ 17,147.13 ",05/07/2017
6118,Legal,Technician,Technical Diploma,52,F," R$ 19,132.00 ",2013-05-09
6119,Legal,,PhD,24,M," R$ 16,047.53 ",2020-10-31
6120,HR,Analyst,Bachelor,64,M," R$ 9,765.90 ",2016-10-11
6121,Legal,,High School,46,M, ,2012-03-25
6122,Operations,Manager,Master,63,F," R$ 11,262.52 ",2012-04-18
6123,Logistics,Coordinator,Bachelor,57,," R$ 7,765.04 ",2022-06-15
6124, ,Specialist,Master,34,M," R$ 6,252.14 ",31/07/2012
6125,,Director,PhD,60,M," R$ 9,578.38 ",17/06/2014
6126,HR,Analyst,Bachelor,40,F," R$ 6,719.84 ",2013-03-13
6127,Finance,Director,PhD,37,F," R$ 18,830.76 ",2016-07-19
6128,,Director,PhD,63,F," R$ 13,035.91 ",2022-11-26
6129,Marketing,Manager,Master,51,F," R$ 10,771.68 ",2014-06-20
6130,,Manager,Master,60,F," R$ 25,075.54 ",2022-11-15
6131,Logistics,Analyst,Bachelor,56,F," R$ 8,425.54 ",2015-02-20
6132,Finance,Coordinator,Bachelor,23,M," R$ 16,526.89 ",01/02/2018
6133,HR,Analyst,Bachelor,22,M," R$ 5,915.26 ",2015-12-22
6134,Logistics,Coordinator,Bachelor,24,M," R$ 5,099.77 ",2010-08-20
6135,IT,Specialist,Master,47,F," R$ 14,218.18 ",2017-03-05
6136,Logistics,Coordinator,Bachelor,49,F," R$ 8,001.19 ",2018-08-27
6137,Finance,Coordinator,Bachelor,48,F," R$ 21,937.43 ",2013-02-21
6138,Finance,Coordinator,Bachelor,35,M," R$ 20,195.49 ",2014-02-01
6139,Legal,Coordinator,Bachelor,64,M," R$ 22,195.63 ",22/03/2010
6140,Logistics,Director, ,45,M," R$ 8,154.93 ",2018-10-06
6141,Logistics,Manager,Master,56,F," R$ 8,618.00 ",2013-02-12
6142,Legal,Manager,Master,55,F," R$ 19,417.14 ",2019-06-16
6143,Finance,Manager,Master,45,M," R$ 19,224.65 ",2010-12-18
6144,Finance,Manager,Master,27,M," R$ 16,066.82 ",2016-09-17
6145,Legal,Analyst,Bachelor,52,," R$ 46,785.01 ",2020-08-02
6146,Marketing,Coordinator,Bachelor,50,M," R$ 10,228.31 ",2010-11-08
6147,Operations,Specialist,Master,57,F," R$ 9,923.94 ",2021-01-20
6148,Marketing,Director,PhD,50,M," R$ 11,347.57 ",04/02/2023
6149,Legal,Assistant,High School,34,F," R$ 14,980.84 ",2022-08-16
6150,Logistics,Analyst,Bachelor,29,M," R$ 6,071.48 ",2013-07-12
6151,HR,Technician,Technical Diploma,36,M," R$ 7,587.27 ",06/03/2021
6152,Legal,Manager,Master,54, ," R$ 20,158.08 ",2014-11-23
6153,Marketing,Specialist,Master,46,M," R$ 12,675.59 ",2023-11-17
6154,Operations,Analyst,Bachelor,37,M," R$ 8,777.42 ",2022-05-24
6155,Logistics,Assistant,High School,42,M," R$ 7,302.79 ",05/09/2021
6156,Legal,Assistant,High School,58,F," R$ 21,104.78 ",2013-06-26
6157,HR,Assistant,High School,38,M," R$ 6,415.11 ",2022-06-22
6158,Marketing,Director,PhD,55,F," R$ 11,647.88 ",2016-11-18
6159,Marketing,Assistant,High School,34,F," R$ 9,913.20 ",2018-12-08
6160,Legal,Director,PhD,55, ," R$ 18,799.51 ",2017-12-27
6161,HR,Manager,Master,64,F," R$ 9,730.39 ",20/03/2017
6162,Logistics,Assistant,High School,36,M," R$ 5,904.40 ",29/08/2010
6163,Finance,Technician,Technical Diploma,62,M," R$ 23,561.42 ",2012-07-15
6164,Legal,Director,PhD,43,F," R$ 17,859.71 ",2014-12-15
6165,Legal,Coordinator,Bachelor,25,M," R$ 15,105.99 ",08/07/2017
6166,Finance,Analyst,Bachelor,60,F," R$ 26,311.24 ",15/06/2011
6167,Finance,Technician,Technical Diploma,44,," R$ 18,823.59 ",2014-05-13
6168,IT,Coordinator,,34,M," R$ 13,947.26 ",26/12/2017
6169,HR,Specialist,Master,29,M," R$ 5,968.55 ",2011-07-01
6170,HR,Analyst,Bachelor,22,F," R$ 6,163.27 ",2021-05-10
6171,HR,Coordinator,Bachelor,62,F," R$ 9,943.90 ",06/11/2020
6172,Marketing,Manager,Master,38,F,,2011-09-15
6173,IT,Assistant,High School,38,F," R$ 14,664.43 ",2015-04-08
6174,HR,Assistant,High School,29,F," R$ 6,977.45 ",2011-06-06
6175,Logistics,Director,PhD,24,M,,27/02/2014
6176,Finance,Coordinator,Bachelor,50,F," R$ 21,784.66 ",2019-03-18
6177,HR,Technician,Technical Diploma,43,F," R$ 7,454.05 ",08/03/2023
6178,IT,Specialist,Master,64,F," R$ 18,577.61 ",2015-07-10
6179,Marketing,Director,PhD,23,M," R$ 7,490.77 ",2018-02-24
6180,IT,Technician,Technical Diploma,23,M," R$ 9,905.77 ",2019-08-03
6181,Finance,Technician,Technical Diploma,38,M," R$ 20,634.26 ",2016-10-06
6182,Operations,Technician,Technical Diploma,30,M," R$ 7,310.21 ",2021-07-14
6183,IT,Technician,Technical Diploma,54,F," R$ 15,940.68 ",2018-10-23
6184,HR,Analyst,Bachelor,50,F," R$ 7,822.96 ",2012-08-19
6185,Legal,Director,PhD,50,M," R$ 18,653.20 ",29/11/2015
6186,IT,Manager,Master,27,F," R$ 10,861.51 ",2012-04-22
6187,Operations,Manager,Master,64,M," R$ 9,912.81 ",2010-01-05
6188,Legal,Manager,Master,27,M," R$ 16,654.78 ",2010-05-31
6189,Operations,Specialist,Master,58,F," R$ 10,895.67 ",22/07/2017
6190,Finance,Manager,,22,F," R$ 13,661.20 ",2017-12-14
6191,Marketing,Technician,Technical Diploma,37,M," R$ 9,839.17 ",29/03/2022
6192,Marketing,Technician,Technical Diploma,32,F," R$ 8,402.39 ",2019-01-25
6193,Legal,Coordinator,Bachelor,43,F," R$ 18,767.78 ",2017-05-26
6194,IT,Coordinator,Bachelor,55,F," R$ 16,083.97 ",2021-11-24
6195,Finance,Director,PhD,22,," R$ 16,040.45 ",2012-06-28
6196,HR,Director,PhD,34,," R$ 7,554.66 ",23/01/2022
6197,Finance,Technician,Technical Diploma,63,M," R$ 26,525.00 ",2014-05-14
6198,Finance,Manager,Master,49,M," R$ 23,003.44 ",2012-08-07
6199,,Manager,Master,34,F," R$ 16,110.95 ",2020-09-24
6200,Logistics,Technician,Technical Diploma,59,F," R$ 8,428.45 ",2017-02-28
6201,Legal,Director,PhD,51,F," R$ 16,616.71 ",08/06/2020
6202,,Technician,Technical Diploma,57,M," R$ 22,354.57 ",2011-05-13
6203,IT,Manager,Master,25,M," R$ 11,344.46 ",2020-05-09
6204,Finance,Technician,Technical Diploma,35,F," R$ 18,590.29 ",2012-06-27
6205,Logistics,Analyst,Bachelor,57,F," R$ 9,482.43 ",2023-02-21
6206,Logistics,Analyst,Bachelor,44,M," R$ 6,612.95 ",31/12/2012
6207,HR,Assistant,High School,26,F," R$ 5,750.83 ",2020-03-24
6208,Marketing,Assistant, ,36,M, ,2011-05-16
6209,Marketing,Analyst,Bachelor,44,F," R$ 10,493.10 ",24/08/2018
6210,Finance,Analyst,Bachelor,29,F," R$ 15,341.61 ",2010-03-16
6211,Legal,Assistant,High School,32,F," R$ 17,207.98 ",2013-05-29
6212,Operations,Coordinator,Bachelor,28,M," R$ 6,909.92 ",2020-08-04
6213,Finance,Coordinator,Bachelor,44,M," R$ 21,881.23 ",2022-07-04
6214,Marketing,Coordinator,Bachelor,62,M," R$ 14,191.02 ",2017-11-18
6215,Finance,Analyst,Bachelor,48,F," R$ 23,733.40 ",2017-07-20
6216,IT,Coordinator,Bachelor,52,M," R$ 15,489.42 ",2011-05-19
6217,Legal,Specialist,Master,61,M," R$ 21,241.89 ",10/08/2017
6218,Marketing,Coordinator,Bachelor,23,F," R$ 8,202.89 ",2023-04-11
6219,Finance,Director,PhD,52,M," R$ 20,655.50 ",2012-05-31
6220,IT,Coordinator,Bachelor,29,F," R$ 10,032.31 ",2015-12-22
6221, ,Assistant,High School,22,M," R$ 4,611.72 ",2017-01-13
6222,Legal,Assistant,High School,46,M," R$ 19,061.27 ",2023-08-20
6223,Finance, ,Master,38,F," R$ 18,008.49 ",11/06/2018
6224,IT,Manager, ,51,M," R$ 15,715.59 ",2012-05-03
6225,Marketing,Assistant,High School,45,F," R$ 9,585.72 ",2018-10-11
6226,Finance,Assistant,High School,52,M," R$ 21,191.91 ",2014-12-19
6227,IT,,High School,34,F," R$ 11,415.60 ",2018-07-21
6228,Operations,Analyst,Bachelor,36,F," R$ 8,946.67 ",03/05/2010
6229,Legal,Specialist,Master,47,F," R$ 19,160.82 ",2015-07-26
6230,IT,Assistant, ,53,F," R$ 15,296.75 ",2016-11-27
6231,Logistics,Director,PhD,56,M," R$ 7,286.97 ",28/10/2013
6232,IT,Assistant,High School,37,M," R$ 11,586.01 ",2010-12-20
6233,HR,Specialist,Master,30,F," R$ 7,255.91 ",2013-07-25
6234,IT,Coordinator,Bachelor,40,M," R$ 12,398.60 ",28/01/2010
6235,IT,Technician,Technical Diploma,61,F," R$ 17,186.59 ",2023-11-17
6236,HR,Manager,Master,61,F," R$ 9,267.39 ",29/12/2021
6237,Finance,Manager,Master,24,F," R$ 14,745.47 ",2021-06-28
6238, ,Analyst,Bachelor,47,M," R$ 6,273.74 ",2022-04-16
6239,HR,Coordinator,Bachelor,58,F," R$ 10,293.80 ",2015-03-02
6240,,Specialist,Master,29,M," R$ 9,428.99 ",2016-06-29
6241,Finance, ,PhD,27,M," R$ 16,022.61 ",2014-06-11
6242,Operations,Technician,Technical Diploma,26,F," R$ 6,779.85 ",2019-03-27
6243,Marketing,Specialist,,42,M," R$ 10,236.32 ",2022-02-25
6244,HR,Technician,Technical Diploma,48,," R$ 7,860.10 ",2015-12-14
6245,Marketing,Manager,Master,59,F," R$ 12,012.29 ",2013-05-16
6246,IT,Technician,Technical Diploma,29,M," R$ 10,166.70 ",2023-05-09
6247,Marketing,Analyst,Bachelor,43,M," R$ 11,521.80 ",2020-10-31
6248,Finance,Specialist,Master,44,F," R$ 15,509.72 ",2018-07-28
6249,IT,Manager,Master,46,F," R$ 15,123.20 ",2013-03-26
6250,Legal,Specialist,Master,28, ," R$ 12,224.68 ",2021-03-17
6251,HR,Assistant,High School,35,M," R$ 7,829.20 ",2023-02-07
6252,Logistics,Analyst,Bachelor,62,F,,2019-04-04
6253,Legal,Assistant,High School,50,M," R$ 19,443.34 ",2014-05-30
6254,HR,,Technical Diploma,38,M," R$ 7,834.55 ",2010-02-27
6255,Legal,,Bachelor,27,F," R$ 13,789.62 ",2014-10-01
6256,Finance,Specialist,Master,53,M," R$ 24,606.69 ",2010-06-26
6257,Operations,Manager,Master,40,," R$ 8,570.05 ",2012-07-17
6258,Marketing,Manager,Master,48,M," R$ 11,602.55 ",2013-01-22
6259,Marketing,Coordinator,Bachelor,51,F," R$ 11,010.93 ",2016-12-25
6260,HR,Technician,Technical Diploma,54,M," R$ 9,412.73 ",2021-05-15
6261,Operations,Assistant,High School,58,M," R$ 9,951.02 ",2023-02-14
6262,Marketing,Analyst,Bachelor,32,M," R$ 10,008.57 ",2012-04-12
6263,Marketing,Manager,Master,62,M," R$ 14,151.91 ",2012-07-31
6264,IT,Analyst,Bachelor,31,M," R$ 11,623.71 ",2023-03-30
6265,Marketing,Manager,Master,50,F," R$ 12,076.06 ",19/04/2010
6266,IT,Analyst,Bachelor,43,M," R$ 14,497.00 ",2011-12-04
6267,Finance,Manager,Master,41,M," R$ 18,133.19 ",2015-11-09
6268,HR,,Master,40,M," R$ 7,833.84 ",2013-05-28
6269,HR,Assistant,High School,45,F," R$ 8,313.46 ",2014-06-06
6270,Operations,Manager,Master,49,F," R$ 11,037.54 ",2013-03-10
6271,IT,,High School,23,M," R$ 10,270.08 ",2020-12-27
6272,IT,Specialist,Master,61,F," R$ 17,582.65 ",2014-01-08
6273,HR,Coordinator,Bachelor,39,M," R$ 8,270.73 ",2023-05-20
6274,,Analyst,Bachelor,39,M," R$ 15,377.21 ",2012-04-27
6275,Operations,Coordinator,Bachelor,23,," R$ 6,195.57 ",2014-03-10
6276,Finance,Director,PhD,44,F," R$ 21,479.45 ",01/06/2023
6277,Marketing,Analyst,Bachelor,36,F," R$ 8,681.46 ",02/04/2017
6278,Legal,Coordinator,Bachelor,46,M," R$ 15,728.54 ",2016-11-13
6279,Logistics,Analyst,Bachelor,39,F," R$ 6,118.77 ",2014-05-18
6280,Operations,Assistant,,42,M," R$ 9,915.74 ",2018-06-15
6281,IT,Manager,Master,53,F," R$ 15,339.98 ",12/02/2022
6282,Logistics,Technician,Technical Diploma,40,M," R$ 6,768.37 ",2022-11-06
6283,IT,Assistant,High School,39,M," R$ 11,897.53 ",2022-05-06
6284,HR,Specialist,Master,45,F," R$ 8,333.54 ",2010-08-15
6285,Finance,Director,PhD,63,F," R$ 23,290.30 ",2019-03-09
6286,Legal,Technician,Technical Diploma,51,F," R$ 20,223.36 ",2018-11-23
6287,HR,Manager,Master,50,F," R$ 8,441.16 ",2014-06-19
6288,Marketing, ,Master,42,M,,2010-08-10
6289,Legal,Specialist,Master,42,M," R$ 18,688.90 ",2023-08-23
6290,Finance,Technician,Technical Diploma,62,," R$ 23,528.33 ",2021-05-26
6291,HR,,,23,M," R$ 5,837.76 ",2017-03-05
6292,Marketing,Coordinator,Bachelor,22,F," R$ 8,943.93 ",25/04/2019
6293,Operations,Assistant,High School,43,M," R$ 9,606.97 ",2020-01-29
6294,Marketing,Manager,Master,61,F, ,2011-10-20
6295,Legal,Manager,Master,59,M," R$ 16,352.02 ",2014-01-31
6296,HR,Specialist,Master,40,F," R$ 7,532.92 ",2015-03-08
6297,Legal,Analyst,Bachelor,40,F," R$ 17,623.27 ",20/02/2016
6298,Legal,Analyst,Bachelor,23,M," R$ 14,619.40 ",2016-01-23
6299,Logistics,Analyst,Bachelor,50,F," R$ 6,922.34 ",2010-06-21
6300,Finance,Coordinator,Bachelor,44,M," R$ 20,222.21 ",2020-08-24
6301,Operations,Specialist,Master,48,M," R$ 9,936.32 ",2013-11-10
6302,Operations,Manager,Master,44,M," R$ 10,042.25 ",2010-04-04
6303,Finance,Analyst,Bachelor,49,M, ,2014-05-01
6304,,Assistant,High School,49, ," R$ 23,478.69 ",2017-12-30
6305,Legal,Assistant,High School,26,M, ,2012-03-12
6306,Finance,Manager,Master,39,M," R$ 17,771.94 ",2012-06-27
6307,IT,Technician,Technical Diploma,51,F," R$ 14,553.27 ",2012-08-19
6308, ,Manager,,45,F," R$ 12,586.66 ",2011-12-30
6309,Marketing,Specialist,Master,58,M," R$ 12,876.32 ",2021-11-04
6310,Finance,Assistant,High School,37,F," R$ 19,533.89 ",22/02/2017
6311,Operations,Technician,Technical Diploma,50,M," R$ 10,050.05 ",2019-03-25
6312,Finance,Specialist,Master,51,F," R$ 18,979.80 ",2023-05-26
6313,HR,Analyst,Bachelor,46,M," R$ 7,547.98 ",20/11/2013
6314,HR,Manager,Master,59,M," R$ 8,571.40 ",2013-01-07
6315,Legal,Manager,Master,60,F," R$ 19,624.41 ",2021-12-14
6316,HR,Analyst,Bachelor,22, ," R$ 5,950.37 ",2018-03-30
6317,,Director,PhD,61,M," R$ 8,712.68 ",2014-04-28
6318,HR,Assistant,High School,60,F," R$ 10,388.44 ",2013-03-14
6319,Logistics,Specialist,Master,60,M," R$ 8,487.75 ",2023-06-27
6320,Legal,Analyst,Bachelor,52,M,,2018-02-09
6321,IT,Technician,Technical Diploma,60,F," R$ 19,681.72 ",02/04/2010
6322,HR,Specialist,Master,52,F," R$ 8,905.37 ",2016-04-27
6323,Operations,Technician,Technical Diploma,54,M," R$ 10,966.69 ",2014-08-18
6324,Operations,Technician,Technical Diploma,33,F," R$ 7,359.67 ",09/11/2014
6325,Marketing,Coordinator,Bachelor,46,F," R$ 9,101.83 ",2016-12-12
6326,Marketing,Manager,Master,44,M," R$ 9,276.08 ",2015-12-25
6327,Marketing,Analyst,Bachelor,64,M," R$ 13,358.20 ",2020-02-09
6328,Legal,Analyst,Bachelor,49,," R$ 16,022.73 ",05/05/2023
6329,HR,Coordinator, ,54,M," R$ 8,978.16 ",05/04/2021
6330,Finance,Assistant,High School,59,M," R$ 24,753.83 ",2013-11-26
6331,HR,Assistant,High School,47,M," R$ 8,492.80 ",2020-08-22
6332,Logistics,Coordinator,Bachelor,45,F," R$ 7,458.34 ",2019-02-05
6333,Marketing,Director,PhD,26, ," R$ 8,513.18 ",2013-04-03
6334,IT,Director,,38,F," R$ 11,432.79 ",2021-03-29
6335,IT,Coordinator,Bachelor,58,M," R$ 15,400.73 ",13/11/2023
6336,IT,Technician,Technical Diploma,36,M," R$ 12,515.51 ",03/01/2010
6337,HR,Technician,Technical Diploma,23,F," R$ 5,791.32 ",2011-07-10
6338,Logistics,Director,PhD,55,M," R$ 7,274.52 ",2013-04-18
6339,Finance,Director,PhD,41,F," R$ 19,984.82 ",2023-12-14
6340,HR,Coordinator,Bachelor,51,F," R$ 9,149.50 ",25/12/2011
6341,Legal,Manager,Master,37,M," R$ 16,830.88 ",2023-08-21
6342,Logistics,Assistant,High School,25,F," R$ 5,214.44 ",2019-06-01
6343,Marketing,Assistant,High School,52,M," R$ 13,348.66 ",2016-10-28
6344,Finance,Assistant,High School,47,F," R$ 19,551.58 ",2010-08-02
6345,HR,Coordinator,Bachelor,62,M," R$ 9,122.47 ",30/06/2010
6346,Operations,Analyst,Bachelor,33,M," R$ 7,592.55 ",2010-11-03
6347,Marketing,Technician,Technical Diploma,23,F," R$ 8,644.65 ",26/07/2017
6348,Marketing,Coordinator,Bachelor,29, ," R$ 7,388.37 ",2012-04-16
6349,Operations,Assistant,High School,35,F," R$ 7,062.02 ",2022-07-23
6350,Logistics,Analyst,Bachelor,45,M," R$ 7,417.27 ",2014-08-27
6351,IT,Analyst,Bachelor,64,F," R$ 19,622.17 ",2016-06-22
6352,Operations,Director,PhD,61,F," R$ 11,971.46 ",2022-07-26
6353,Marketing,Manager,Master,62,F," R$ 13,106.62 ",2011-08-31
6354,HR,Director,PhD,46,F," R$ 8,505.82 ",23/10/2019
6355,Finance,Specialist,Master,28,F," R$ 15,337.51 ",02/12/2016
6356,Operations,Coordinator,,53,F," R$ 12,026.90 ",2016-08-10
6357,Marketing,Assistant,High School,44,M," R$ 11,223.01 ",2012-11-26
6358,Finance,Technician,Technical Diploma,60,M," R$ 24,220.89 ",2013-12-15
6359,IT,Coordinator,Bachelor,47,M," R$ 13,171.48 ",2022-01-10
6360,HR,Specialist,Master,63,F," R$ 10,899.67 ",2012-03-23
6361,Finance,Technician,Technical Diploma,28,F," R$ 14,498.59 ",2023-03-07
6362,Legal,Assistant,High School,25,F," R$ 15,689.34 ",2016-08-07
6363,Logistics,Manager,Master,46,F," R$ 7,256.51 ",2018-11-03
6364,IT,Assistant,High School,39,M," R$ 13,599.26 ",2013-10-20
6365,Finance, ,Master,28,M," R$ 16,696.74 ",2013-07-04
6366,IT,Technician,Technical Diploma,43,M," R$ 13,816.16 ",2022-08-07
6367,IT,Coordinator,Bachelor,25,F," R$ 10,142.25 ",2016-08-30
6368,HR,Technician,Technical Diploma,50, ," R$ 7,925.37 ",2010-06-02
6369,Marketing,Manager,Master,45,F," R$ 11,612.43 ",2013-07-02
6370,Logistics,Manager,Master,61,M," R$ 9,017.19 ",03/08/2019
6371,HR,Coordinator,Bachelor,59,M," R$ 9,237.77 ",2023-03-08
6372,Finance,Coordinator,Bachelor,62,F," R$ 23,023.23 ",2018-02-26
6373,IT,Analyst,Bachelor,33,F," R$ 11,915.03 ",2017-11-20
6374,HR,Coordinator,Bachelor,30,F," R$ 6,644.81 ",2015-11-19
6375,Logistics,Director,PhD,36,F," R$ 5,758.38 ",2014-12-26
6376,Legal,Director,PhD,34,F," R$ 15,039.49 ",2011-12-10
6377,HR,Manager,Master,51,F," R$ 9,075.80 ",2023-09-08
6378,Marketing,Specialist,Master,56,M," R$ 13,600.36 ",2011-04-06
6379,Marketing,Specialist,Master,56,M," R$ 13,901.81 ",2023-11-26
6380,IT,Manager,Master,47,M," R$ 14,813.53 ",2011-02-16
6381,IT,Specialist,Master,40,M," R$ 13,890.14 ",13/01/2010
6382,IT,Manager,Master,42,F," R$ 13,916.03 ",20/12/2019
6383,Operations,Assistant,High School,42,F," R$ 10,020.28 ",2011-05-21
6384,Marketing,Coordinator,Bachelor,34,M," R$ 9,501.50 ",2015-06-26
6385,Finance,Manager,Master,42,F," R$ 20,217.64 ",2020-12-08
6386,Operations,Assistant,High School,45,F," R$ 9,179.10 ",2012-07-29
6387,Operations,Analyst,Bachelor,47,F," R$ 9,574.94 ",2023-01-01
6388,Logistics,Assistant,High School,52,M," R$ 7,252.80 ",2023-01-08
6389,Finance,Specialist,Master,51,M,,20/09/2014
6390,Operations,Coordinator,Bachelor,45, ," R$ 10,241.07 ",2021-09-06
6391,Operations,Specialist,Master,53,M," R$ 10,039.83 ",08/07/2021
6392,IT,Director,PhD,51,M," R$ 15,233.32 ",2023-01-22
6393,Legal,Coordinator,Bachelor,47,M," R$ 16,024.66 ",2017-03-30
6394,Marketing,Assistant,High School,59,M," R$ 15,648.94 ",2015-09-22
6395,Marketing,Specialist,Master,39,F,,2023-11-19
6396,Finance,Analyst, ,62,F," R$ 22,639.59 ",2018-10-22
6397,IT,Coordinator,Bachelor,33,M," R$ 11,914.38 ",2018-09-23
6398,Operations,Coordinator,Bachelor,42,M," R$ 8,349.68 ",2011-07-03
6399,Legal,Director,PhD,44,M," R$ 19,589.86 ",2022-11-21
6400,Marketing,Director,PhD,49,M," R$ 13,682.25 ",2023-01-25
6401,HR,Assistant,High School,38,M," R$ 6,672.30 ",05/01/2010
6402,HR,Assistant,High School,36,F," R$ 7,775.15 ",2015-04-04
6403,Marketing,Director,PhD,44,," R$ 10,693.75 ",2012-02-15
6404,Logistics,Manager,Master,55,M," R$ 8,794.51 ",2017-12-19
6405,Marketing,Director,PhD,49,M," R$ 11,597.95 ",2011-06-09
6406,Legal,Specialist,Master,25,M," R$ 13,794.82 ",2014-08-06
6407,Legal,Technician,Technical Diploma,62,F," R$ 23,696.49 ",2021-10-15
6408,Marketing,Specialist,Master,33,F," R$ 10,484.99 ",2020-02-19
6409,Legal,Specialist,Master,23,M," R$ 13,454.30 ",2011-12-24
6410,Logistics,Technician,Technical Diploma,46,F," R$ 14,185.19 ",2020-12-01
6411,Operations,Director,PhD,45,F," R$ 10,452.91 ",2018-03-18
6412,Marketing,Assistant,High School,52,F," R$ 12,589.92 ",2010-05-30
6413,IT,Manager,Master,25,F," R$ 10,535.68 ",23/02/2018
6414,Operations,Assistant,,55,F," R$ 11,090.48 ",2018-11-15
6415,Logistics,Coordinator,Bachelor,27,M," R$ 5,193.24 ",2019-08-01
6416,Operations,Analyst,Bachelor,52,M," R$ 9,950.96 ",2016-08-11
6417,HR,Specialist,Master,60,," R$ 9,231.97 ",17/02/2021
6418,HR,Coordinator,Bachelor,45,F," R$ 7,868.49 ",2022-11-04
6419,HR,Analyst,Bachelor,46,F," R$ 8,361.50 ",2011-04-18
6420,HR,Technician,Technical Diploma,26,M," R$ 6,553.73 ",2014-04-06
6421,Logistics,Analyst,Bachelor,31,M," R$ 6,163.44 ",2021-12-16
6422,IT,Specialist,Master,39,M," R$ 13,101.68 ",2019-12-21
6423,HR,Director,PhD,50,F," R$ 8,612.29 ",02/05/2020
6424,Legal,Technician,Technical Diploma,32,M," R$ 15,769.52 ",23/12/2022
6425,Finance,Assistant,High School,51,M," R$ 22,567.10 ",2012-01-11
6426,IT,Specialist,Master,64,M," R$ 16,055.08 ",2014-03-14
6427, ,Coordinator,Bachelor,26,F, ,2020-12-10
6428,Operations,Analyst,Bachelor,27,F," R$ 7,346.09 ",2017-04-19
6429,IT,Technician,Technical Diploma,35,M," R$ 11,521.23 ",2016-08-02
6430,IT,Technician,Technical Diploma,37,F," R$ 13,326.30 ",2023-03-24
6431,Operations,Manager,Master,35,F," R$ 7,830.63 ",19/10/2015
6432,IT,Coordinator,Bachelor,54,M," R$ 13,446.12 ",2020-08-20
6433,Finance,Technician,Technical Diploma,58,M," R$ 25,779.74 ",2020-03-25
6434,IT,Assistant,High School,26,F,,17/06/2014
6435,IT,Analyst,Bachelor,61,F," R$ 17,628.85 ",2023-01-11
6436,,Specialist,Master,35,F," R$ 11,236.76 ",2023-05-14
6437, ,Director,PhD,61,M," R$ 10,860.19 ",2012-01-27
6438,Marketing,Technician,Technical Diploma,30,F," R$ 7,577.47 ",2015-07-20
6439,Finance,,Master,48,F," R$ 21,599.12 ",2012-11-20
6440,HR,Manager,Master,24,M," R$ 6,347.77 ",2017-12-19
6441,Finance,Specialist,,31,M," R$ 18,015.29 ",2016-04-02
6442,Finance,Coordinator,Bachelor,32,M," R$ 15,624.22 ",2010-08-29
6443,Logistics,Specialist,Master,55,M," R$ 7,469.66 ",2016-07-07
6444,Operations,Assistant,High School,22,F," R$ 6,895.29 ",2010-08-16
6445,Logistics,Specialist,,31,F," R$ 6,059.33 ",2012-06-10
6446,HR,Manager,Master,27,F," R$ 6,557.72 ",28/05/2015
6447,Marketing,Coordinator,Bachelor,29,M," R$ 10,014.77 ",2019-05-22
6448,Legal,Assistant,High School,52,F," R$ 18,565.57 ",2017-10-30
6449,IT,Manager,Master,27,M," R$ 8,507.59 ",25/04/2023
6450,Legal,Coordinator,Bachelor,52,F,,2023-12-28
6451,IT,Analyst,Bachelor,55,F," R$ 17,462.02 ",2014-06-12
6452,Finance,Manager,Master,61,M," R$ 26,737.42 ",2015-11-10
6453,Finance,Coordinator,Bachelor,50,M, ,2022-12-23
6454,Operations,Specialist,Master,24,M," R$ 6,701.58 ",2012-01-09
6455,Legal,Coordinator,Bachelor,43,F,,07/12/2020
6456,Operations,Technician,Technical Diploma,33,F," R$ 9,044.17 ",2022-07-11
6457,Marketing,Analyst,Bachelor,59,F," R$ 13,845.73 ",2014-10-05
6458,Operations, ,Bachelor,40,M," R$ 10,009.32 ",2013-07-18
6459,Finance,Manager,Master,28,M," R$ 16,538.39 ",2010-07-09
6460, ,Analyst,Bachelor,44,F," R$ 10,474.01 ",2022-02-08
6461,HR,Director,PhD,34,M," R$ 6,463.53 ",2023-10-12
6462,Finance,Specialist,Master,25,F," R$ 16,876.24 ",2012-11-27
6463,Logistics,Coordinator,Bachelor,42,F," R$ 7,091.07 ",2017-06-11
6464,HR,Analyst,Bachelor,35,M," R$ 7,400.77 ",2017-03-15
6465,Legal,Manager,Master,57,M," R$ 18,335.17 ",2012-05-10
6466,IT,Manager,Master,28,F," R$ 11,576.94 ",2014-05-18
6467,Marketing,Technician,,34,M," R$ 9,567.62 ",2013-03-06
6468,HR,Technician,Technical Diploma,56,M," R$ 7,413.28 ",2010-08-16
6469,Marketing,Assistant,High School,54,F," R$ 12,933.72 ",2020-05-14
6470,Legal,Coordinator,Bachelor,32,F," R$ 16,309.57 ",2018-12-06
6471, ,Director,PhD,60,M," R$ 18,915.00 ",2020-10-17
6472,Finance,Director,PhD,46,M," R$ 18,567.77 ",2012-10-24
6473,Finance,Director,PhD,60,M," R$ 26,309.43 ",2011-02-16
6474,Legal,Specialist,Master,45,F," R$ 17,417.41 ",2011-09-15
6475,Finance,Director,PhD,43,F," R$ 21,554.57 ",2022-03-02
6476,IT,Specialist,Master,64,F," R$ 19,983.21 ",2011-05-06
6477,Marketing,Manager,Master,43,M," R$ 12,253.75 ",2013-06-19
6478,Operations,Technician,Technical Diploma,36,M," R$ 9,121.16 ",2023-05-06
6479,IT,Analyst,Bachelor,39,M," R$ 11,843.63 ",2022-10-05
6480,IT,Director,PhD,53,M," R$ 15,128.56 ",2023-10-05
6481,Legal,Analyst,Bachelor,57,M," R$ 21,997.48 ",2011-04-01
6482,Operations,Specialist,Master,31,F," R$ 8,413.46 ",2012-09-13
6483,Operations,Director,PhD,30,M," R$ 7,875.29 ",12/11/2023
6484,Marketing,Technician,Technical Diploma,46,F," R$ 11,761.18 ",15/12/2022
6485,HR,Assistant,High School,25,F," R$ 6,926.46 ",2018-08-21
6486,IT,Assistant,High School,59,M," R$ 18,549.09 ",2022-12-03
6487,HR,Technician,Technical Diploma,57,M," R$ 10,275.49 ",2018-07-21
6488,Finance,Director,PhD,63,F," R$ 23,293.72 ",2011-04-06
6489,Legal,Director,PhD,58,F," R$ 21,683.43 ",2019-04-26
6490,Marketing,Analyst,Bachelor,60,M," R$ 11,310.65 ",2010-11-14
6491,HR,Specialist,Master,28,," R$ 6,521.61 ",12/09/2013
6492,Legal,Assistant,High School,63,M," R$ 20,541.85 ",2014-01-05
6493,Marketing,Manager,Master,47,F,,2021-01-03
6494,Operations,Manager, ,41,F," R$ 8,824.87 ",2016-09-11
6495,,Manager,Master,42,M," R$ 5,792.63 ",2014-04-21
6496,Legal,Specialist,Master,26,M," R$ 10,940.89 ",2018-05-30
6497,Logistics,Director,PhD,51,F," R$ 7,020.76 ",2012-08-20
6498,HR,Coordinator,Bachelor,59,F," R$ 9,330.38 ",2011-04-30
6499,Finance,Analyst,Bachelor,57,F," R$ 25,138.55 ",2021-09-15
6500,Marketing,Coordinator,Bachelor,59,F," R$ 11,614.64 ",2020-08-31
6501,Legal,Manager,Master,44,M," R$ 17,340.99 ",14/06/2015
6502,Marketing,Technician,Technical Diploma,44,M," R$ 10,833.73 ",2022-05-22
6503, ,Analyst,Bachelor,27,F," R$ 5,739.17 ",11/10/2012
6504,HR,Manager,Master,64,," R$ 9,952.37 ",2018-01-13
6505,IT,Analyst,Bachelor,44,M," R$ 12,930.44 ",22/02/2023
6506,Operations,Specialist,Master,36,M," R$ 8,366.89 ",2016-11-29
6507,Logistics,Assistant,High School,22,M," R$ 5,297.27 ",28/06/2015
6508,Marketing,Manager, ,57,M," R$ 13,321.59 ",2021-01-13
6509,Legal,Director,PhD,60,F," R$ 20,770.91 ",2015-10-11
6510,Logistics,Director,PhD,49,F," R$ 7,279.86 ",2016-09-20
6511, ,Assistant,High School,31,M," R$ 14,151.23 ",18/08/2019
6512,Legal,Specialist,Master,54,F," R$ 21,172.80 ",2014-11-21
6513,Finance,Specialist,Master,45,F," R$ 20,586.36 ",02/09/2016
6514,Finance,Analyst,Bachelor,27,F," R$ 18,194.90 ",2012-10-04
6515,Finance,Director,PhD,35,F," R$ 17,329.65 ",2011-12-21
6516,HR,Technician,Technical Diploma,53,M," R$ 8,734.66 ",20/08/2010
6517,Operations,Analyst,Bachelor,40, ," R$ 8,556.98 ",2023-01-01
6518,Legal,Specialist,Master,27,M," R$ 16,184.53 ",05/07/2014
6519,HR,Specialist,Master,41, ," R$ 8,765.76 ",19/10/2015
6520,Logistics,Technician,Technical Diploma,46,M," R$ 6,274.92 ",2013-04-07
6521,Logistics,Assistant,High School,41,F," R$ 7,644.74 ",2019-12-15
6522,Finance,Specialist,Master,59,F," R$ 21,264.71 ",2011-04-10
6523,IT,Director,PhD,32,F," R$ 12,481.73 ",2018-01-25
6524,Marketing,Director,PhD,53,F," R$ 13,207.96 ",2013-09-21
6525,Marketing,Technician, ,50,F," R$ 9,029.19 ",2018-08-19
6526,Logistics,Coordinator,Bachelor,51,M," R$ 7,096.06 ",2013-11-01
6527,HR,Manager,Master,50,M," R$ 8,500.00 ",2011-10-07
6528,IT,Technician,Technical Diploma,43,F, ,2019-05-29
6529,Operations,,Bachelor,32,F," R$ 9,044.48 ",2010-06-01
6530,Legal,Director,PhD,41,F," R$ 17,487.12 ",2010-10-19
6531,Marketing,Director,PhD,62,F," R$ 13,173.47 ",19/10/2022
6532,Marketing,Coordinator,Bachelor,35,M," R$ 10,775.30 ",2020-04-05
6533,HR,Specialist,Master,48,F," R$ 7,990.71 ",18/04/2015
6534,Finance,Director,PhD,59,M," R$ 19,856.32 ",2021-09-05
6535,HR,Technician,Technical Diploma,25,M," R$ 6,488.61 ",2021-10-29
6536,IT,Analyst,Bachelor,28, ," R$ 10,726.45 ",2022-08-17
6537,Finance,Assistant,High School,51,M," R$ 18,963.58 ",2015-04-14
6538,Marketing,Coordinator,Bachelor,31,F," R$ 9,056.83 ",2014-06-13
6539,Logistics,Specialist,Master,28,M," R$ 5,848.50 ",2021-05-16
6540,Logistics,Director,PhD,26,M," R$ 5,046.42 ",2023-10-30
6541,Logistics,Manager,Master,25,M," R$ 6,094.06 ",2023-12-06
6542,IT,Manager,Master,57,F," R$ 18,109.99 ",2019-12-03
6543,,Director,PhD,36,F," R$ 13,110.90 ",01/08/2017
6544,Marketing,Technician,Technical Diploma,60,M," R$ 12,858.32 ",2022-07-12
6545,Logistics,Technician,Technical Diploma,59,M," R$ 8,461.47 ",2012-05-18
6546,IT,Specialist,Master,57,M," R$ 16,053.87 ",2012-02-24
6547,Logistics,Assistant,High School,23,," R$ 4,894.76 ",2023-05-15
6548,Finance,Specialist, ,36,F," R$ 18,066.75 ",2013-10-20
6549,Marketing,Assistant,High School,41,M, ,14/03/2012
6550,Legal,Coordinator,Bachelor,55,F," R$ 18,215.63 ",2010-07-23
6551,Finance,Manager,Master,34,F," R$ 18,397.35 ",18/09/2014
6552,Logistics,Coordinator,Bachelor,46,M," R$ 6,427.41 ",2022-12-20
6553,,Assistant,High School,35,F," R$ 16,616.56 ",22/02/2020
6554,Logistics,,Bachelor,62,M," R$ 9,310.65 ",2016-01-13
6555,Marketing,Coordinator,Bachelor,30,F," R$ 8,342.29 ",2014-08-29
6556,HR,Manager,Master,56,M," R$ 8,077.34 ",2018-04-28
6557,Finance,Assistant,High School,43,M," R$ 19,077.41 ",2014-08-14
6558,Operations,Assistant,High School,26,F," R$ 6,967.69 ",2021-04-27
6559,Logistics,Assistant,High School,58,M," R$ 9,102.26 ",2014-01-01
6560,Finance,Technician,Technical Diploma,35,F," R$ 19,269.14 ",2023-09-03
6561,Logistics,Analyst,Bachelor,38,F," R$ 6,077.98 ",2012-07-30
6562,HR,Assistant,High School,26,F," R$ 6,896.75 ",2020-05-25
6563,HR,Technician,Technical Diploma,34,F," R$ 6,363.76 ",2023-10-11
6564,Operations,Assistant,High School,52,F," R$ 10,074.99 ",2011-09-29
6565,Operations,Coordinator,Bachelor,31, ," R$ 8,131.50 ",2021-12-28
6566,HR,Director,PhD,44,F," R$ 8,294.76 ",2022-07-13
6567,Marketing,Technician,Technical Diploma,50,F," R$ 11,872.33 ",16/10/2019
6568,Finance,Coordinator,Bachelor,37,M," R$ 17,505.15 ",2010-03-16
6569,Logistics, ,High School,38,M," R$ 6,756.50 ",2022-03-28
6570,Marketing,Coordinator,Bachelor,28,M," R$ 8,346.57 ",11/07/2023
6571,Legal,Analyst,Bachelor,64, ," R$ 24,616.48 ",2012-08-21
6572,IT,Analyst,Bachelor,35,M," R$ 10,377.23 ",2012-07-01
6573,IT,Coordinator,Bachelor,30,M," R$ 10,208.73 ",2020-11-04
6574,Logistics,Director,PhD,28,M," R$ 6,873.24 ",2015-05-01
6575,IT,Analyst,Bachelor,35,F," R$ 11,367.94 ",24/08/2016
6576,Legal,Assistant,High School,37,F," R$ 15,859.09 ",2012-05-29
6577,Marketing,Coordinator,Bachelor,31,M," R$ 8,915.64 ",2012-01-10
6578,Marketing,Manager,Master,26,M," R$ 8,513.16 ",2016-05-11
6579,Operations,Specialist,Master,28,F," R$ 6,234.88 ",2014-07-12
6580,HR,Assistant,High School,43,F," R$ 7,835.74 ",2017-08-18
6581,Logistics,Specialist,Master,45,M," R$ 6,582.06 ",12/07/2019
6582,HR,Analyst,Bachelor,61,F," R$ 10,146.84 ",2011-03-26
6583,HR,Manager,Master,63,F," R$ 9,421.72 ",2020-04-21
6584,Logistics,Specialist,Master,43,F," R$ 6,975.02 ",2017-01-15
6585,Marketing,Assistant,High School,56,F," R$ 12,534.78 ",2023-11-30
6586,Operations,Assistant,High School,24,F," R$ 7,049.01 ",2013-01-05
6587,Finance,Director,PhD,63,M," R$ 25,751.34 ",09/01/2020
6588,HR,Assistant,High School,28, ," R$ 6,437.61 ",2022-05-25
6589,IT,Assistant,High School,40,F," R$ 12,605.35 ",2021-08-06
6590,Finance,Director,PhD,63,F," R$ 27,195.61 ",2014-06-20
6591,Operations,Assistant,High School,29,M," R$ 7,528.83 ",2019-12-21
6592,Legal,Director,PhD,44,F," R$ 19,743.25 ",2013-12-17
6593,IT,Assistant,High School,41,M," R$ 10,368.89 ",2023-09-18
6594,Legal,Technician,Technical Diploma,54,F," R$ 23,301.57 ",2023-12-21
6595,Marketing,Technician,Technical Diploma,27,F,,2020-10-05
6596,IT,Assistant,High School,36,M," R$ 12,940.15 ",2018-04-25
6597,Logistics,Director,PhD,26,," R$ 5,389.07 ",2023-06-15
6598,Operations,Director,PhD,35,M," R$ 7,720.86 ",2019-01-02
6599,HR,Manager,Master,30,M," R$ 6,446.75 ",2019-05-07
6600,Marketing,Manager,Master,47,F," R$ 11,787.47 ",20/11/2018
6601,Operations,Technician,Technical Diploma,53,F," R$ 10,093.79 ",2011-04-23
6602,Finance,Manager,Master,52,F," R$ 18,901.16 ",2023-07-18
6603,IT,Assistant,High School,27,M," R$ 12,535.75 ",2010-06-05
6604,Logistics,Analyst,Bachelor,22,F," R$ 5,066.88 ",2020-02-01
6605,IT,Director,PhD,40,M," R$ 15,411.67 ",2018-05-18
6606,IT,Specialist,Master,36,M," R$ 13,714.68 ",2014-11-26
6607,Logistics,Specialist,Master,55,M," R$ 8,322.00 ",2015-01-14
6608,Operations,Assistant,High School,40,," R$ 10,316.66 ",12/08/2010
6609,IT,Analyst,Bachelor,32,M," R$ 12,043.77 ",2019-12-17
6610,Finance,Assistant,High School,39,F," R$ 19,265.54 ",2010-11-17
6611,IT,Assistant,High School,45,M," R$ 12,808.08 ",26/08/2021
6612,Operations,Assistant,High School,30,F," R$ 7,967.28 ",2017-05-08
6613,Finance,Manager,Master,32,F," R$ 16,798.09 ",17/06/2022
6614,HR,Director,PhD,64,F," R$ 10,594.45 ",2016-04-14
6615, ,Technician,Technical Diploma,25,M, ,2011-10-21
6616,Marketing,Director,PhD,39,M," R$ 8,780.32 ",2019-06-01
6617,Finance,Director,PhD,44,M," R$ 19,259.80 ",04/12/2023
6618, ,Director,PhD,62,M," R$ 8,680.51 ",2014-05-04
6619,Logistics,Manager,Master,58,F," R$ 9,253.79 ",2020-07-01
6620, ,Specialist,,22,F," R$ 7,929.06 ",18/01/2020
6621,Marketing,Technician,Technical Diploma,46,M," R$ 9,651.74 ",2013-05-05
6622,HR,Assistant,High School,30,F," R$ 6,253.22 ",2011-10-08
6623, ,Analyst,Bachelor,60,M," R$ 13,779.93 ",2012-09-11
6624,Marketing,Manager,Master,22,F," R$ 7,519.67 ",2023-12-23
6625,Finance,Manager,Master,38,F," R$ 17,661.34 ",04/12/2017
6626, ,,Master,24,M," R$ 12,565.74 ",2022-12-13
6627,Marketing,Director,PhD,44,M," R$ 10,836.44 ",2012-05-01
6628,IT,Manager,Master,22,M," R$ 10,344.37 ",2012-06-12
6629,IT,Assistant,High School,45,F," R$ 14,655.34 ",2021-03-12
6630,Legal,Specialist,Master,34,M," R$ 14,591.23 ",2022-03-14
6631,Finance,Technician,,41,M," R$ 19,747.43 ",29/06/2014
6632,Logistics,Coordinator,Bachelor,41,F," R$ 6,327.90 ",2021-03-26
6633,Finance,Director,PhD,33,M," R$ 16,620.89 ",2010-06-22
6634,Logistics,Coordinator,Bachelor,38,F," R$ 6,258.26 ",2010-06-16
6635,Operations,Technician,Technical Diploma,42,M," R$ 9,988.00 ",2020-05-16
6636,Logistics,Analyst,Bachelor,61,M," R$ 8,549.20 ",2017-05-31
6637,Operations,Analyst,Bachelor,45,F," R$ 8,741.28 ",30/03/2020
6638,Logistics,Technician,Technical Diploma,51,F," R$ 6,355.76 ",2013-11-13
6639,IT,Manager,Master,44,M," R$ 12,791.08 ",2023-07-24
6640,Marketing,Coordinator, ,44,M," R$ 10,533.63 ",2016-12-09
6641,Marketing,Manager,Master,38,F," R$ 11,163.34 ",2018-09-06
6642,HR,Coordinator,Bachelor,23,F," R$ 5,917.05 ",22/08/2013
6643,Marketing,Analyst,Bachelor,63,M," R$ 13,074.21 ",07/04/2014
6644,Operations,Analyst,Bachelor,45,M,,2022-08-04
6645,Operations,Coordinator,Bachelor,54,F," R$ 10,309.96 ",2022-03-20
6646,IT,Assistant,High School,36,F," R$ 10,446.56 ",2016-07-04
6647,IT,Specialist,Master,53,F," R$ 15,302.01 ",14/10/2021
6648,Legal,,Master,63, ," R$ 22,661.88 ",2013-03-14
6649,Finance,Manager,Master,55,M," R$ 22,010.37 ",28/02/2010
6650,HR,Analyst,Bachelor,43,F," R$ 8,221.89 ",2021-06-06
6651,Operations,Coordinator,Bachelor,52,F," R$ 10,900.88 ",16/07/2018
6652,IT,Specialist,Master,36,F," R$ 12,325.82 ",2013-10-12
6653,Legal,Specialist,Master,41,M," R$ 18,045.87 ",2014-09-26
6654,Logistics,Assistant,High School,63,M," R$ 9,696.51 ",2015-04-27
6655,Logistics,Analyst,Bachelor,44,F," R$ 7,177.05 ",2019-03-12
6656,IT,Manager,Master,52,M," R$ 15,427.94 ",10/08/2015
6657,Marketing,Manager,Master,23,M," R$ 8,047.90 ",2017-08-08
6658,Operations,Specialist,Master,34,F," R$ 8,211.41 ",2013-03-15
6659,IT,Manager,Master,63,F, ,14/09/2017
6660,Marketing,Director,PhD,53,F," R$ 12,891.19 ",2017-02-14
6661,Logistics,Technician,Technical Diploma,37,M," R$ 7,045.70 ",2013-12-18
6662,Legal,Technician,Technical Diploma,36,F," R$ 14,919.81 ",2018-10-08
6663,HR,Coordinator,Bachelor,46,F," R$ 8,940.65 ",03/01/2020
6664,Finance,Analyst,Bachelor,33,F," R$ 17,168.15 ",2011-02-27
6665,Logistics,Specialist,,49,M," R$ 7,762.92 ",2010-11-26
6666,Legal,Director,PhD,62,F," R$ 21,486.41 ",2014-08-20
6667,Operations,Coordinator,Bachelor,33,F," R$ 9,171.73 ",2020-10-03
6668,IT,Analyst,Bachelor,42,," R$ 14,706.77 ",2022-12-29
6669,Logistics,Coordinator,Bachelor,33,M," R$ 6,261.15 ",2023-05-30
6670,Marketing,Assistant,High School,37,M," R$ 10,673.15 ",2010-12-21
6671,Marketing,Manager,Master,31,F," R$ 9,591.18 ",2016-11-04
6672,Operations,Specialist,Master,31,M," R$ 8,912.91 ",29/06/2020
6673,, ,High School,23,F," R$ 8,017.50 ",10/11/2013
6674,Marketing,Analyst,Bachelor,48,M," R$ 10,189.36 ",2013-12-28
6675,Legal,Specialist,Master,51,F," R$ 19,005.65 ",2013-12-19
6676,Operations,Coordinator,Bachelor,54,M," R$ 11,190.68 ",17/12/2018
6677,HR,Manager,Master,37,F," R$ 7,598.22 ",2015-03-15
6678,Operations,Manager,Master,31,M," R$ 8,521.44 ",2019-01-09
6679,HR,Assistant,High School,36,F," R$ 7,318.22 ",21/04/2022
6680,Marketing,Specialist,Master,47,F,,2011-05-10
6681,Operations,Technician,Technical Diploma,36,M," R$ 8,551.65 ",2021-09-19
6682,Finance,Manager,Master,27,F," R$ 15,471.30 ",17/09/2011
6683,Marketing,Manager,Master,38,M," R$ 11,580.79 ",2019-08-02
6684,Finance,Specialist,Master,22,F," R$ 15,273.35 ",2013-09-10
6685,IT,Director,PhD,44,M," R$ 16,509.32 ",2011-06-01
6686,,Assistant,High School,55,M," R$ 10,313.75 ",2012-05-20
6687,HR,Director,PhD,56,M," R$ 9,813.28 ",2017-12-20
6688,HR,Specialist,Master,64, ," R$ 10,886.27 ",2016-11-27
6689,IT,Director,PhD,46,F," R$ 14,217.42 ",2021-01-06
6690,Logistics,Technician,Technical Diploma,22,F,,2015-04-21
6691,IT,Technician,Technical Diploma,46,F," R$ 15,195.82 ",2016-12-26
6692,Marketing,Specialist,,59,F," R$ 13,563.69 ",2016-05-25
6693,Finance,Technician,Technical Diploma,37,M," R$ 19,693.24 ",2015-02-05
6694,HR,Director,PhD,62,M," R$ 11,417.46 ",2019-03-03
6695,Operations,Manager,Master,33,M," R$ 8,407.57 ",2021-05-07
6696,IT,Coordinator,Bachelor,31,," R$ 10,914.29 ",2012-11-18
6697,Legal,Analyst,Bachelor,48,F," R$ 18,014.53 ",2011-01-14
6698,Marketing,Coordinator,Bachelor,60,M," R$ 13,623.73 ",2014-11-12
6699,,Assistant,High School,63,F,,2020-06-23
6700, ,Specialist,Master,28,M," R$ 5,645.93 ",2022-08-09
6701,HR,Coordinator,Bachelor,27,," R$ 6,245.65 ",2014-10-30
6702,Finance,Specialist,Master,32,M," R$ 18,707.07 ",2015-12-30
6703,Marketing,Manager,Master,45,M," R$ 10,935.84 ",2012-05-18
6704,Logistics,Director,PhD,61,M," R$ 10,490.26 ",2011-10-06
6705,HR,Director,PhD,46,M," R$ 8,278.16 ",2020-07-19
6706,Operations,Specialist,Master,58,F," R$ 10,292.78 ",2023-07-23
6707,IT,Coordinator,Bachelor,24,M," R$ 11,322.03 ",2012-09-30
6708,Operations,Specialist,Master,25,F," R$ 7,414.46 ",2015-12-18
6709,HR,Assistant,High School,25,M," R$ 5,699.88 ",2010-02-09
6710,IT,Technician,Technical Diploma,62,F," R$ 17,830.52 ",2022-01-11
6711,IT,Coordinator,Bachelor,22,F," R$ 10,046.96 ",2013-09-05
6712,Marketing,Coordinator,Bachelor,51,M," R$ 12,598.34 ",2012-06-23
6713,Logistics, ,Bachelor,36,F," R$ 6,940.75 ",08/09/2016
6714,HR,Manager,Master,52,," R$ 8,945.39 ",2020-11-24
6715, ,Specialist,Master,58,M," R$ 24,765.44 ",2019-04-03
6716,IT,Specialist, ,26,M," R$ 10,818.67 ",2012-06-12
6717,Legal,Assistant,High School,64,F," R$ 22,544.73 ",2016-06-01
6718,HR,Coordinator,Bachelor,42,M," R$ 8,256.12 ",2015-12-17
6719,IT,Manager,Master,56,F," R$ 16,692.76 ",2010-04-18
6720,Logistics,Director,PhD,25,F," R$ 5,312.85 ",2011-10-11
6721,Marketing,Specialist,Master,28,M," R$ 8,827.97 ",26/04/2019
6722,Finance,Director,PhD,50,F," R$ 19,958.26 ",06/04/2012
6723,Marketing, ,Master,57,M," R$ 11,817.20 ",10/11/2016
6724,Logistics,Director,PhD,56,F," R$ 7,628.61 ",2018-04-26
6725,IT,Technician,Technical Diploma,53,F," R$ 15,097.62 ",21/01/2017
6726,Marketing,Manager,Master,63,F," R$ 13,653.39 ",2018-02-16
6727,Logistics,Manager,Master,32,M," R$ 5,453.47 ",2017-02-01
6728,,Coordinator,Bachelor,54,M," R$ 10,997.16 ",2021-07-01
6729,IT,Director, ,62, ," R$ 18,854.99 ",2012-10-25
6730,Operations,Coordinator,Bachelor,38,M," R$ 8,956.34 ",2017-01-30
6731,IT,Manager,Master,33,F," R$ 10,974.20 ",10/11/2017
6732,Legal,,High School,22,M," R$ 11,897.41 ",2013-04-19
6733,IT,Manager,Master,44,F," R$ 11,255.13 ",2012-03-23
6734,Legal,Director,PhD,28,M," R$ 14,651.65 ",2020-11-30
6735,Marketing,Specialist,Master,35,F," R$ 11,226.93 ",2011-12-18
6736, ,Director,PhD,62,M," R$ 20,865.34 ",2010-03-27
6737,Legal,Manager,Master,61,M," R$ 22,163.31 ",2023-09-22
6738,Operations,Coordinator,Bachelor,28,," R$ 6,718.00 ",2013-11-14
6739,Operations,Manager,Master,35,F," R$ 8,876.54 ",2014-05-18
6740,Finance,Director,PhD,55,F," R$ 23,773.63 ",2018-12-10
6741,Logistics,Coordinator,Bachelor,23,M," R$ 5,281.57 ",2020-02-09
6742,Operations,Analyst,Bachelor,41,F," R$ 8,630.91 ",2016-08-10
6743,Finance,Coordinator,Bachelor,38,F," R$ 18,838.53 ",2017-12-01
6744,Finance,Director,PhD,31,M," R$ 15,081.67 ",2018-04-26
6745,IT,Analyst,Bachelor,26,F," R$ 10,786.39 ",2023-04-15
6746, ,Specialist,Master,54,F," R$ 11,900.40 ",2014-03-12
6747,Logistics,Manager,Master,58,M," R$ 8,653.00 ",2016-09-29
6748,Marketing,Coordinator,Bachelor,57,M," R$ 12,568.83 ",28/05/2018
6749,Legal,Analyst,Bachelor,32,M," R$ 15,888.63 ",2017-07-13
6750,IT,Director,PhD,42,F," R$ 13,851.03 ",2011-01-29
6751,Operations,Specialist,Master,25,F," R$ 6,993.39 ",2010-09-07
6752,IT,Coordinator,Bachelor,46,M," R$ 15,142.40 ",09/05/2020
6753, ,,Bachelor,62,M," R$ 24,442.40 ",07/05/2023
6754,Legal,,Master,56,F," R$ 19,711.36 ",2020-04-01
6755,Logistics,Analyst,Bachelor,56,F,,2013-07-17
6756,IT,Specialist,Master,56,M," R$ 18,778.98 ",2018-06-30
6757,Marketing,Coordinator,Bachelor,60,F," R$ 13,495.24 ",2021-05-17
6758,Legal,Coordinator,Bachelor,54,M," R$ 23,123.98 ",2021-06-26
6759,Operations,Coordinator,Bachelor,34,M," R$ 8,073.65 ",2010-07-22
6760,Logistics,Coordinator,Bachelor,25,F," R$ 5,111.66 ",2019-05-25
6761,Operations,Technician,Technical Diploma,61,M," R$ 11,071.71 ",2022-10-08
6762,IT,Manager,Master,59,F," R$ 17,218.80 ",2014-11-29
6763,IT,Manager,Master,63,M," R$ 16,762.07 ",2012-08-01
6764,Logistics,Director,PhD,51,F," R$ 7,429.43 ",26/05/2013
6765,Finance,Director,PhD,48,M," R$ 21,279.44 ",2010-05-21
6766,HR,Manager,Master,56,M," R$ 8,935.40 ",2014-05-25
6767,Legal,Specialist,Master,49,M," R$ 17,706.53 ",2012-06-22
6768,Marketing,Assistant,High School,62,F," R$ 12,833.39 ",2015-06-24
6769,IT,Assistant,High School,63,M," R$ 16,861.72 ",2015-06-06
6770,Logistics,Coordinator,Bachelor,29,F," R$ 5,501.38 ",2022-01-28
6771,,Analyst,Bachelor,47,M," R$ 8,673.61 ",2021-07-19
6772,HR,Assistant,High School,64,M," R$ 9,232.91 ",2019-02-25
6773,Logistics,Manager,Master,55,M," R$ 8,011.31 ",2021-11-25
6774,Operations,Director,PhD,50,M," R$ 10,433.66 ",04/07/2014
6775,Logistics,Coordinator,Bachelor,23,M, ,2016-03-09
6776,Finance,Specialist,Master,27,M," R$ 17,393.63 ",20/10/2012
6777,Operations,Technician,Technical Diploma,37,F," R$ 7,821.76 ",18/05/2015
6778,Operations,Technician,Technical Diploma,28,M, ,2011-12-08
6779,HR,Manager,Master,32,M," R$ 7,196.17 ",2011-11-02
6780,Legal,Manager,Master,37,M," R$ 14,820.96 ",2015-09-13
6781, ,Technician,Technical Diploma,27,F," R$ 13,005.37 ",2018-12-27
6782,Marketing, ,PhD,58,M," R$ 13,462.04 ",2017-02-07
6783,HR,Coordinator,Bachelor,30,M," R$ 6,486.99 ",2011-03-29
6784,Legal,,Technical Diploma,24,M," R$ 15,258.35 ",2015-05-01
6785,,Director,PhD,50,F," R$ 10,648.09 ",2016-10-19
6786,HR,Technician,Technical Diploma,29,F," R$ 7,603.20 ",2015-09-17
6787,Operations,Specialist,Master,61,F," R$ 11,443.97 ",2018-07-17
6788,Logistics,Technician,Technical Diploma,38,M," R$ 6,323.92 ",2015-11-03
6789,Operations,Analyst,Bachelor,59, ," R$ 10,761.76 ",2011-06-26
6790,Logistics,Coordinator,Bachelor,27,F," R$ 5,349.62 ",2010-04-25
6791, ,Director,PhD,32,F," R$ 5,671.41 ",2010-04-27
6792,HR,Analyst,,31,F," R$ 7,010.30 ",02/01/2011
6793,Operations,Manager,Master,23,F," R$ 6,447.54 ",2014-09-07
6794,Operations,,High School,50,M," R$ 9,779.23 ",2010-11-04
6795,Operations,Manager,Master,27,M," R$ 6,672.87 ",2019-03-12
6796,Legal,Manager,Master,30,F," R$ 16,292.17 ",05/01/2012
6797,HR,Technician,Technical Diploma,23,F," R$ 6,412.98 ",2012-02-09
6798,Finance,Coordinator,Bachelor,25,M," R$ 12,727.09 ",2022-06-16
6799,HR,Coordinator,Bachelor,62,M," R$ 8,831.03 ",2010-09-28
6800,Operations,Specialist,Master,61,F," R$ 10,418.60 ",2016-11-08
6801,IT,Specialist,Master,51,M," R$ 16,993.03 ",2019-08-08
6802,IT,Coordinator,Bachelor,25,F," R$ 9,799.66 ",2018-12-27
6803,Marketing,Director,PhD,22,F," R$ 7,462.07 ",2022-12-10
6804,Legal,Analyst,Bachelor,64,M," R$ 21,380.36 ",2013-05-26
6805,IT,Coordinator,Bachelor,32,M," R$ 12,223.98 ",2016-12-03
6806,Marketing,Assistant,High School,28,F," R$ 8,948.48 ",22/06/2011
6807,IT,Coordinator, ,39,F," R$ 13,917.24 ",2015-10-05
6808,Finance,Technician,Technical Diploma,29,F," R$ 13,896.27 ",27/10/2023
6809,Logistics,Manager,Master,51,F," R$ 7,405.44 ",2020-11-19
6810,Finance,Director,PhD,36,M," R$ 17,145.05 ",2017-08-06
6811,,Specialist,Master,31,M," R$ 18,817.58 ",2014-12-02
6812,Logistics,Analyst,Bachelor,23,M," R$ 5,321.01 ",2011-05-22
6813,IT,Analyst,Bachelor,63,M," R$ 16,705.69 ",2016-01-15
6814,IT,Director, ,36,F," R$ 12,084.53 ",2015-06-16
6815,Marketing,Coordinator,Bachelor,43,F," R$ 10,231.92 ",2023-07-05
6816,,Assistant,High School,55, ," R$ 20,362.60 ",13/12/2019
6817,Operations,Manager,Master,24,M," R$ 7,725.99 ",2010-11-09
6818,Finance,Manager,Master,25,M," R$ 15,955.30 ",2019-04-10
6819,IT,Director,PhD,46,F," R$ 15,889.14 ",09/09/2022
6820,Marketing,Analyst,,26,F," R$ 8,698.35 ",2013-07-23
6821,Marketing,Technician,Technical Diploma,33,F," R$ 8,942.90 ",2014-04-03
6822,IT,Assistant,High School,45,F," R$ 14,561.24 ",2010-07-23
6823,Logistics,Coordinator,Bachelor,40,M,,02/05/2010
6824,IT,Technician,Technical Diploma,53,M," R$ 15,699.18 ",2010-07-12
6825,Legal,Technician,Technical Diploma,33,F," R$ 15,395.92 ",2020-11-05
6826,Legal,Assistant,High School,58,M," R$ 18,761.32 ",2016-05-25
6827,Legal,Technician,Technical Diploma,48,F, ,2012-10-10
6828,Legal,Technician,Technical Diploma,39,M," R$ 15,816.45 ",2019-12-30
6829,Marketing,Assistant,High School,46,M," R$ 11,400.41 ",2022-01-19
6830,IT,Manager,Master,44,F," R$ 15,365.52 ",2011-03-27
6831,IT,Analyst,Bachelor,24,M," R$ 9,846.66 ",04/04/2015
6832,IT,Specialist,Master,23,M," R$ 9,550.53 ",27/05/2015
6833,HR,Director,PhD,32,F," R$ 6,493.58 ",2015-04-10
6834,Logistics,Coordinator,Bachelor,58,," R$ 7,890.09 ",2021-06-17
6835,Finance,Manager,Master,51,F," R$ 23,216.27 ",2014-10-27
6836,Finance,Specialist,Master,34,M," R$ 17,372.00 ",29/03/2012
6837,IT,Specialist,Master,61,M," R$ 17,225.94 ",2012-01-05
6838,IT,Technician,Technical Diploma,27,M," R$ 10,827.77 ",2023-09-13
6839,Finance, ,PhD,33,M," R$ 18,854.79 ",2016-05-19
6840,HR,Manager,Master,60,M," R$ 8,279.05 ",01/04/2017
6841,Logistics,Specialist,Master,64,M," R$ 8,022.06 ",2011-07-28
6842,HR,Specialist,Master,29,F," R$ 6,590.62 ",2014-08-20
6843,Marketing,Assistant,High School,30,F," R$ 9,533.58 ",2011-05-17
6844,Operations,Technician,Technical Diploma,25,M," R$ 8,067.92 ",2023-05-14
6845,Logistics,Manager,Master,58,M," R$ 8,061.40 ",18/08/2012
6846,Operations,Director,PhD,57,M," R$ 10,634.67 ",2022-09-22
6847,IT,Manager,Master,53,M," R$ 15,470.78 ",2022-03-10
6848,Logistics,Technician,Technical Diploma,33,M," R$ 6,118.12 ",2017-06-20
6849,Logistics,Specialist,Master,39,M," R$ 6,132.35 ",2011-09-21
6850,IT,Manager,,52,F," R$ 16,256.41 ",2021-03-14
6851,Operations,Director,PhD,61,M," R$ 10,613.67 ",19/11/2018
6852,Marketing,Analyst,Bachelor,64,M," R$ 16,645.25 ",2018-06-21
6853,Finance,Analyst,Bachelor,60,F," R$ 22,778.14 ",2010-02-22
6854,Finance,Director,PhD,50,F," R$ 23,786.87 ",2021-11-11
6855,HR,Director,PhD,61,M," R$ 9,661.86 ",2012-11-25
6856,HR,Director,PhD,50,M," R$ 8,648.47 ",2012-05-10
6857,Legal,Director,PhD,48,M," R$ 17,372.31 ",11/06/2015
6858,Legal, ,Bachelor,32,M," R$ 16,195.19 ",2013-07-19
6859,Marketing,Coordinator,Bachelor,54,F," R$ 11,038.70 ",2017-05-03
6860,Finance,Specialist,Master,60,M," R$ 23,501.32 ",2021-02-01
6861,Logistics,Director,PhD,39,," R$ 6,839.42 ",2011-08-04
6862,Legal,Technician,Technical Diploma,41,M," R$ 18,465.40 ",2017-09-21
6863,Logistics,Assistant,High School,49,," R$ 7,520.87 ",2021-04-09
6864,Logistics,Specialist,Master,43,M," R$ 6,895.53 ",2011-05-29
6865,HR,Specialist,Master,53,M," R$ 8,788.57 ",16/05/2022
6866,Marketing,Specialist,Master,42,M," R$ 10,390.09 ",2015-03-30
6867,HR,Technician, ,58,M," R$ 8,282.69 ",23/03/2021
6868,Operations,Coordinator,Bachelor,48,M," R$ 10,598.50 ",2017-12-22
6869,Marketing,Director,PhD,59,F," R$ 11,828.41 ",2017-02-12
6870,IT,Manager,Master,47,M, ,2018-07-01
6871,Logistics,Assistant,High School,44,M," R$ 7,219.27 ",2022-02-08
6872,Finance,Coordinator,Bachelor,55,M," R$ 24,586.74 ",2010-01-23
6873,Logistics,Specialist,Master,33,M," R$ 5,727.92 ",29/09/2016
6874,Operations,Manager,Master,32, ," R$ 9,295.53 ",02/10/2012
6875,Logistics,Specialist, ,57,M," R$ 8,625.38 ",2019-07-01
6876,Finance,Manager,Master,53,M," R$ 20,040.53 ",2018-07-16
6877,HR,Assistant,High School,60,F," R$ 9,396.56 ",2012-02-07
6878,IT,Director,PhD,58,M," R$ 15,281.08 ",2018-01-10
6879,IT,Manager,Master,64,M," R$ 15,803.05 ",20/06/2010
6880, ,Manager,Master,37,M," R$ 7,930.39 ",2017-02-07
6881,Marketing,Specialist,Master,63,M," R$ 12,714.04 ",2016-10-26
6882,Marketing,Director,PhD,52,F," R$ 13,067.24 ",2023-07-01
6883,Logistics,Manager,Master,62,M," R$ 10,665.80 ",2019-03-26
6884,Legal,Assistant,High School,27,M," R$ 14,267.29 ",2023-02-21
6885,HR,Coordinator,Bachelor,34,F," R$ 6,531.96 ",15/10/2022
6886,Legal,Technician,Technical Diploma,57,M," R$ 20,170.16 ",2020-01-03
6887,Finance,Technician,Technical Diploma,32,M," R$ 16,488.51 ",2019-08-01
6888,Logistics,Manager,Master,32,F," R$ 6,058.06 ",17/10/2022
6889,Marketing,Manager,Master,41,, ,21/02/2011
6890, ,Manager,Master,50, ," R$ 21,117.06 ",2022-07-05
6891,Logistics,Assistant,High School,40,M," R$ 7,055.53 ",2012-09-02
6892,IT,Analyst, ,51,F," R$ 16,461.54 ",2010-04-07
6893,Legal,,Master,27,M," R$ 14,095.01 ",2015-06-20
6894,Operations,Analyst,Bachelor,38,F," R$ 9,488.22 ",2019-07-06
6895,Marketing,Technician,Technical Diploma,39,F," R$ 11,295.96 ",2010-12-08
6896,Marketing,Director,,57,F," R$ 12,884.27 ",08/09/2022
6897,Legal,Analyst,Bachelor,39,F," R$ 15,210.96 ",2020-10-16
6898,Finance,Analyst,Bachelor,64,M," R$ 22,231.51 ",2022-05-16
6899,Marketing,Specialist,Master,33,F," R$ 9,945.51 ",2012-02-17
6900,HR,Assistant,High School,63,F," R$ 10,681.45 ",30/07/2011
6901,Legal,Specialist,Master,24,F," R$ 13,385.63 ",2011-08-19
6902,HR,Director,PhD,39,M," R$ 8,064.13 ",2020-11-14
6903,Operations,Coordinator,Bachelor,37,M," R$ 9,144.85 ",2020-10-16
6904,HR,Analyst,Bachelor,60,F," R$ 10,080.49 ",2022-01-30
6905,IT,Director,PhD,64,," R$ 16,100.15 ",2020-08-04
6906,IT,Coordinator,Bachelor,49,F," R$ 14,139.79 ",27/09/2023
6907,Legal,Assistant, ,63,F," R$ 18,506.35 ",2021-04-21
6908,HR,Manager,Master,30,F," R$ 6,607.86 ",15/08/2015
6909,Marketing,Specialist,Master,41,M," R$ 10,639.56 ",2018-06-16
6910,IT,Analyst,Bachelor,39,M," R$ 11,632.51 ",2023-12-06
6911,IT,Specialist,Master,46,F," R$ 14,209.62 ",08/03/2015
6912, ,Manager,Master,42,F," R$ 17,663.31 ",2010-07-21
6913,Operations,Coordinator,Bachelor,47,F," R$ 10,464.93 ",01/06/2014
6914,HR,Coordinator,,44,F," R$ 8,037.16 ",2013-05-22
6915,Operations,Assistant,High School,31,M," R$ 8,101.56 ",2012-11-17
6916,Legal,Assistant, ,34,M," R$ 16,705.45 ",2015-08-08
6917,HR,Manager,Master,58,F," R$ 9,771.58 ",2016-02-01
6918,Operations,Coordinator,Bachelor,33,M," R$ 7,392.81 ",2018-05-19
6919, ,,PhD,57,M," R$ 20,321.77 ",25/03/2015
6920, ,Director,PhD,24,M," R$ 7,881.15 ",2022-07-24
6921,Finance,Technician,Technical Diploma,35,F," R$ 17,455.57 ",2015-08-26
6922,Finance,Analyst,Bachelor,56,F," R$ 24,527.68 ",2020-06-21
6923,Logistics,Specialist,Master,55,F," R$ 9,011.43 ",2012-12-07
6924,HR,Specialist,Master,61,M," R$ 9,804.79 ",2023-05-13
6925,Logistics,Manager,Master,50, ," R$ 8,034.16 ",11/01/2017
6926,Marketing,Analyst,Bachelor,51,F," R$ 11,562.80 ",2020-10-09
6927,IT,Director,PhD,28, ," R$ 10,139.08 ",18/04/2018
6928,Marketing,Specialist,Master,23,M," R$ 7,939.93 ",2017-03-23
6929,Operations,Coordinator,Bachelor,39,F," R$ 8,298.74 ",14/06/2016
6930,Legal,Technician,Technical Diploma,47,F," R$ 18,566.80 ",2018-07-11
6931,Legal,Analyst,Bachelor,38,F," R$ 18,073.35 ",2018-08-24
6932,Logistics,Technician,Technical Diploma,33,M," R$ 5,347.04 ",2020-01-16
6933,Operations,Coordinator,Bachelor,53,," R$ 9,269.16 ",2019-10-01
6934,Finance,Analyst,Bachelor,50,," R$ 21,214.71 ",2020-11-16
6935,Logistics,Director,PhD,31,M," R$ 6,027.59 ",2016-02-10
6936, ,Director,PhD,57,F," R$ 8,471.07 ",2019-01-30
6937,Marketing,Manager,Master,23,F," R$ 8,209.81 ",2022-08-09
6938,Marketing,Director,PhD,58, ," R$ 12,406.17 ",2021-10-26
6939,Legal,Assistant,High School,35,F," R$ 16,714.26 ",2023-04-19
6940,Logistics,Specialist,Master,31,F," R$ 5,728.28 ",2012-05-28
6941,Marketing,Analyst,Bachelor,61,M, ,2020-12-22
6942,Legal,Assistant,High School,22,F," R$ 12,684.08 ",2010-12-07
6943,Logistics,Coordinator,Bachelor,62,M," R$ 10,687.93 ",2021-06-05
6944,Finance,Technician,Technical Diploma,42,M," R$ 17,765.99 ",2019-06-22
6945,Finance,Manager,Master,26,F," R$ 15,776.20 ",2020-07-27
6946,Operations,Manager,,30,F, ,2019-02-01
6947,Operations,Director,PhD,30,F," R$ 7,312.20 ",15/03/2015
6948,Logistics,Manager,Master,39,F," R$ 6,949.23 ",2011-04-28
6949,Operations,Director,PhD,26,F," R$ 7,559.57 ",2023-08-14
6950,HR,Coordinator,Bachelor,37,M," R$ 7,347.55 ",22/06/2013
6951,Operations,Coordinator,Bachelor,55,F," R$ 11,051.55 ",2012-01-12
6952,Marketing,Technician,Technical Diploma,25,F," R$ 8,924.82 ",2023-10-16
6953,Logistics,Analyst,Bachelor,42,M," R$ 6,831.20 ",2013-12-25
6954,Marketing,Assistant,High School,58,M," R$ 13,890.96 ",18/06/2015
6955,Operations,Specialist,Master,61,F," R$ 10,957.79 ",2015-03-27
6956,Marketing,Specialist,Master,35,M," R$ 10,026.22 ",2017-06-15
6957,Marketing,Coordinator,Bachelor,48,M," R$ 11,765.81 ",02/06/2018
6958,HR,Technician,Technical Diploma,33,F," R$ 6,639.48 ",25/02/2015
6959,Legal,Specialist,Master,48,F," R$ 20,048.82 ",2017-02-20
6960,IT,Manager,Master,55,F," R$ 14,764.45 ",29/07/2019
6961,IT,Coordinator,Bachelor,25,M," R$ 9,024.69 ",2011-09-25
6962,IT,Assistant,High School,64,M," R$ 16,423.10 ",2018-08-12
6963,Marketing,Assistant,High School,23,M," R$ 8,391.69 ",2017-01-13
6964,Finance,Manager,Master,63,F," R$ 27,558.53 ",2014-11-11
6965,Finance,Technician,Technical Diploma,63,F," R$ 22,087.04 ",2013-11-01
6966,Operations,Technician,Technical Diploma,53,F,,2013-06-12
6967,Legal,Director,PhD,23,F," R$ 11,856.58 ",2014-06-01
6968,Operations,Assistant,High School,43,M," R$ 9,363.34 ",2017-08-11
6969,Logistics,Analyst,,40,F," R$ 6,417.03 ",23/02/2015
6970,Logistics,Director,PhD,47,F," R$ 7,952.88 ",20/10/2023
6971,Finance,Director,PhD,41,F," R$ 21,087.02 ",02/09/2018
6972,Legal,Coordinator,Bachelor,57,F," R$ 22,002.28 ",2017-06-08
6973,,Coordinator,Bachelor,39,F," R$ 6,972.34 ",2010-09-30
6974,Logistics,Coordinator,Bachelor,35,F," R$ 6,332.41 ",2016-10-14
6975,Finance,Assistant,High School,41,M," R$ 18,742.19 ",05/03/2013
6976,IT,Assistant,High School,45,F," R$ 15,406.31 ",2013-04-06
6977,Marketing,Manager,Master,52,F," R$ 13,666.46 ",2020-06-20
6978,Legal,Director,PhD,57,M," R$ 16,553.55 ",2011-09-18
6979,HR,Specialist,Master,36,M," R$ 7,310.06 ",2021-05-05
6980,Legal,Assistant,High School,28,F," R$ 14,930.36 ",2012-01-17
6981,Finance,Specialist, ,44,M," R$ 21,992.47 ",2018-12-31
6982,IT, ,Bachelor,50,F," R$ 16,421.03 ",2010-11-06
6983,Legal,Assistant, ,62,M," R$ 20,483.85 ",18/07/2021
6984,Finance,Coordinator,Bachelor,25,M," R$ 14,704.18 ",11/06/2020
6985,IT,Assistant,High School,52,F," R$ 15,610.86 ",2021-11-08
6986,Finance,Assistant,High School,39,M," R$ 19,020.21 ",2013-02-01
6987,Operations,Analyst,Bachelor,52,M," R$ 10,717.73 ",2011-10-24
6988,HR,Director,PhD,57,M," R$ 9,010.86 ",2021-12-21
6989,Logistics,Analyst,Bachelor,39,M," R$ 6,623.51 ",22/02/2021
6990,Marketing,Manager,Master,31,F," R$ 8,841.24 ",2019-05-29
6991,IT,Specialist,Master,28,F," R$ 11,034.55 ",2018-02-17
6992,Marketing,Specialist,Master,59,M," R$ 13,740.99 ",2021-08-21
6993,IT,Director,PhD,49,F, ,2019-08-02
6994,HR,Specialist,Master,39,F," R$ 7,464.63 ",2021-09-03
6995,Marketing,Technician,Technical Diploma,52,F," R$ 11,986.99 ",12/08/2010
6996,Marketing,Manager,Master,30,F," R$ 10,464.13 ",2014-10-27
6997,Marketing,Assistant,High School,64,M," R$ 13,461.34 ",2011-07-15
6998, ,Coordinator,Bachelor,37,M," R$ 5,713.83 ",2010-03-10
6999,Finance,Director,PhD,61,F," R$ 21,840.55 ",2014-07-15
7000,Legal,Assistant,High School,46,M," R$ 17,751.18 ",2018-11-01
7001,Finance,Specialist,Master,58,F," R$ 24,362.10 ",2015-05-18
7002,IT,Director,,51,F," R$ 14,581.50 ",2019-12-31
7003,IT,Specialist,Master,23,M," R$ 11,073.92 ",2017-06-12
7004,IT,Specialist,Master,26,F," R$ 10,647.90 ",2017-12-27
7005,HR,Manager,Master,63,M," R$ 11,239.90 ",2016-01-22
7006,Logistics,Assistant,,51,F," R$ 7,170.11 ",2012-04-07
7007,IT,Technician,Technical Diploma,40,F," R$ 12,975.23 ",2012-11-29
7008,Legal,Technician,Technical Diploma,35,F," R$ 14,204.85 ",2023-06-30
7009,Finance,Assistant,High School,48,M," R$ 20,384.81 ",2014-09-01
7010,IT,Technician,Technical Diploma,51,M," R$ 12,605.65 ",22/08/2015
7011,Legal,Assistant,High School,35,F," R$ 16,556.38 ",2015-11-09
7012,HR,Specialist,Master,52,F," R$ 8,958.76 ",2012-02-15
7013,Logistics,Specialist,Master,57,F," R$ 9,060.64 ",2022-12-02
7014,Legal,Manager,Master,60,F," R$ 18,426.09 ",18/11/2018
7015,Logistics,Coordinator,Bachelor,51,F," R$ 7,845.24 ",06/05/2020
7016,Operations,Assistant,High School,59,F," R$ 10,135.67 ",2018-12-17
7017,Logistics,Analyst,Bachelor,32,F," R$ 5,909.81 ",2013-05-04
7018,Marketing,Assistant,High School,38,M," R$ 10,784.90 ",2012-05-23
7019,IT,Technician,Technical Diploma,31,F," R$ 10,010.47 ",2012-01-17
7020,Operations,Analyst,Bachelor,37,M," R$ 8,415.24 ",2015-11-24
7021,HR,Coordinator,Bachelor,32,F," R$ 6,964.70 ",2010-07-08
7022,Legal,Assistant,High School,60,," R$ 21,205.46 ",2016-07-12
7023,Legal,Director,PhD,49,M," R$ 19,711.51 ",2012-01-03
7024,,Manager,Master,42,F," R$ 6,524.50 ",2010-10-27
7025,Logistics,Assistant,High School,49,M,,2023-09-04
7026,Legal,Coordinator,Bachelor,44,M," R$ 18,669.92 ",2020-01-24
7027,Operations,Technician,Technical Diploma,22,M," R$ 7,094.60 ",2020-10-11
7028,HR,Analyst,Bachelor,34,F," R$ 6,734.08 ",2011-12-21
7029,IT,Assistant, ,29,," R$ 11,185.49 ",2014-12-07
7030,Finance,Coordinator,Bachelor,40,M," R$ 18,282.03 ",2017-03-19
7031,Marketing,Manager,Master,45,F," R$ 11,472.58 ",20/05/2021
7032,IT,Analyst,Bachelor,61,F," R$ 21,015.17 ",04/04/2019
7033,HR,Assistant,High School,58,F," R$ 10,380.56 ",2012-04-25
7034,Marketing,Analyst,Bachelor,46,F," R$ 9,888.60 ",2021-05-29
7035,Finance,Coordinator,Bachelor,64,F," R$ 25,256.45 ",2011-12-02
7036,HR,Director,PhD,47,F," R$ 7,825.93 ",2012-07-03
7037,HR,Analyst,Bachelor,63,M," R$ 9,230.11 ",2023-06-29
7038,Legal,Analyst,Bachelor,48,M," R$ 18,463.06 ",2013-11-02
7039,IT,Analyst,Bachelor,53,F," R$ 16,560.83 ",2011-12-05
7040,,Analyst,Bachelor,24,M," R$ 7,504.99 ",2022-02-09
7041,Finance,Assistant,High School,62,F," R$ 23,046.79 ",27/01/2022
7042,Operations,Director,PhD,64,M," R$ 12,550.24 ",2015-05-15
7043,IT,Technician,Technical Diploma,30,F," R$ 12,427.62 ",2011-03-30
7044,Legal,Technician,Technical Diploma,22,F," R$ 11,301.65 ",01/10/2017
7045,Operations,Director,PhD,39,F," R$ 9,481.02 ",03/12/2023
7046,Finance,,Technical Diploma,24,M," R$ 17,545.65 ",2020-02-07
7047,,Analyst,Bachelor,35,M," R$ 7,625.71 ",2011-07-23
7048,Operations,Analyst,Bachelor,53,M," R$ 11,908.94 ",2017-09-09
7049,Legal,Specialist,Master,25,M," R$ 12,611.03 ",2013-02-11
7050,,Assistant,High School,58,M," R$ 13,853.82 ",14/06/2013
7051,IT,Coordinator,Bachelor,42,F," R$ 12,249.56 ",2019-12-14
7052,IT,Director,PhD,63,M," R$ 18,903.76 ",2012-03-24
7053,Marketing,Director,PhD,48,M," R$ 10,757.30 ",01/04/2020
7054,HR,Analyst,Bachelor,26,F," R$ 7,321.72 ",2010-08-14
7055,,Manager,,24,M," R$ 5,955.76 ",2013-11-11
7056,Finance,Specialist,Master,43,F,,2022-05-12
7057,Finance,Assistant,High School,41,F," R$ 22,629.08 ",2017-09-05
7058,IT,Analyst,Bachelor,62,F," R$ 16,466.57 ",2020-02-27
7059,Legal,Manager,Master,23,M," R$ 11,233.01 ",2023-04-01
7060,Finance,Coordinator,,64,M," R$ 25,318.10 ",2022-04-12
7061,HR,Coordinator,Bachelor,22,F," R$ 6,214.75 ",2022-05-06
7062,IT,Technician, ,44,M," R$ 13,341.97 ",2012-08-01
7063,Finance,Assistant,High School,46,F," R$ 22,263.13 ",2021-06-15
7064,Legal,Manager, ,47,M," R$ 15,583.95 ",2022-05-09
7065,Marketing,Technician,Technical Diploma,24,M," R$ 8,916.34 ",2016-10-12
7066, ,Coordinator, ,52,F," R$ 19,646.56 ",2013-02-07
7067,IT,Technician,Technical Diploma,48,M," R$ 14,603.28 ",2018-11-24
7068,Legal,Technician,Technical Diploma,34,M," R$ 15,085.10 ",2010-06-21
7069,Legal,Specialist,Master,54,M," R$ 21,030.19 ",2018-08-31
7070,Finance,Coordinator,Bachelor,46,F," R$ 20,610.23 ",2017-08-30
7071,IT,Manager,Master,37,F," R$ 13,393.68 ",03/09/2014
7072,HR,Analyst,Bachelor,59,M," R$ 8,681.66 ",2023-08-14
7073,Legal,Specialist,Master,47,F," R$ 19,014.60 ",2021-06-16
7074,Marketing,Coordinator,Bachelor,39,M," R$ 9,761.85 ",22/07/2017
7075,HR,Analyst,Bachelor,38,M," R$ 6,194.79 ",2022-11-28
7076,Operations,Assistant,High School,46,M," R$ 11,173.02 ",2021-03-15
7077,Legal,Assistant,High School,47,M," R$ 17,113.55 ",11/03/2021
7078,Legal,Coordinator,Bachelor,39,M," R$ 16,116.60 ",2010-01-26
7079,HR,Analyst,Bachelor,22,F," R$ 5,643.17 ",2019-08-30
7080,Marketing,Analyst,Bachelor,28,F," R$ 9,475.53 ",2019-04-07
7081,IT,Technician,Technical Diploma,51,F," R$ 15,109.50 ",2023-07-14
7082,,Analyst,Bachelor,54,F," R$ 8,606.07 ",16/12/2013
7083,IT,Technician,,46,F," R$ 14,380.12 ",2013-08-17
7084,Logistics,Director,PhD,46,F," R$ 7,948.17 ",2017-10-02
7085,Finance,Analyst,Bachelor,48,M," R$ 23,334.01 ",2018-10-10
7086,Finance, ,PhD,56,M," R$ 19,388.65 ",2014-04-11
7087,Marketing,Manager,Master,64,F," R$ 16,140.13 ",2014-05-23
7088,Legal,Assistant,High School,39,F," R$ 33,557.96 ",2015-12-17
7089,HR,Assistant,High School,51,M," R$ 8,228.82 ",2015-12-16
7090,Legal,Specialist,Master,35,M," R$ 17,781.50 ",2011-05-15
7091,Finance,Assistant,High School,56,M," R$ 19,526.34 ",2012-02-04
7092,Logistics,Coordinator,Bachelor,55,M," R$ 7,323.59 ",2016-08-17
7093,Finance,Analyst,Bachelor,41,F," R$ 19,044.41 ",2019-09-04
7094,Logistics,Technician,Technical Diploma,36,F," R$ 6,879.66 ",06/07/2013
7095,IT,Coordinator,Bachelor,28,M," R$ 11,701.73 ",2010-12-29
7096,IT,,Bachelor,34,F," R$ 12,767.72 ",2014-03-15
7097,Legal,Coordinator,Bachelor,57,M," R$ 18,635.96 ",2021-03-16
7098,Legal,Assistant,High School,61,F," R$ 20,542.00 ",2023-02-15
7099,Operations,Director,PhD,55,M," R$ 9,177.38 ",2020-01-18
7100,IT,Coordinator,Bachelor,34,F," R$ 11,599.29 ",2011-12-17
7101,Finance,Manager,Master,25,M," R$ 15,902.81 ",30/09/2023
7102,Finance,Coordinator,Bachelor,34,M," R$ 14,840.73 ",2011-12-22
7103,HR,Specialist,Master,34,M," R$ 7,561.84 ",2021-06-07
7104,,Coordinator,Bachelor,44,F," R$ 12,087.47 ",2013-08-01
7105,Logistics,Director,PhD,50,F," R$ 7,335.37 ",24/12/2014
7106,Marketing,Director,PhD,54,," R$ 12,231.34 ",2022-03-04
7107,,Manager,Master,44,F," R$ 9,139.94 ",2016-03-02
7108,Operations,Director,PhD,24,M," R$ 7,658.75 ",2017-09-13
7109,IT,Manager,Master,53,M," R$ 15,971.72 ",13/04/2020
7110,Legal,Coordinator, ,24,," R$ 10,870.88 ",2023-08-22
7111,Legal,Coordinator, ,33,F," R$ 15,570.36 ",18/01/2013
7112,IT,Specialist,,25,," R$ 10,735.86 ",2019-08-23
7113,HR,Manager,Master,54,F," R$ 8,613.81 ",29/09/2012
7114,Marketing,Assistant,High School,53,M," R$ 11,806.58 ",12/02/2017
7115,Operations,Director,PhD,38,M," R$ 8,840.31 ",2019-07-30
7116,IT,Director,PhD,30,M," R$ 10,936.05 ",2020-03-19
7117,Operations,Technician,Technical Diploma,26,F," R$ 7,732.00 ",2014-04-04
7118,Legal,Analyst,Bachelor,42,M," R$ 15,939.72 ",2011-08-21
7119,Operations,Assistant,High School,24,M," R$ 6,549.14 ",2013-02-03
7120,Legal,Analyst,Bachelor,60,F," R$ 20,184.50 ",2020-06-29
7121,Finance,Director,PhD,24, ," R$ 16,961.04 ",30/06/2022
7122,Finance,Analyst,Bachelor,58,M," R$ 20,847.24 ",2020-11-14
7123,Logistics,Technician,Technical Diploma,56,F," R$ 7,338.55 ",25/05/2017
7124,Operations,Analyst,Bachelor,54,M," R$ 11,722.83 ",07/08/2023
7125,Legal, ,,24,F," R$ 11,712.46 ",2015-04-10
7126,HR, ,Bachelor,39,F," R$ 7,703.56 ",2019-05-31
7127,IT,Specialist,Master,24,M," R$ 10,790.16 ",2020-09-08
7128,Operations,Coordinator,Bachelor,50,F," R$ 9,895.56 ",2010-10-19
7129,Finance,Analyst,Bachelor,58,F," R$ 25,820.25 ",2013-01-18
7130,Finance,Director,PhD,26, ," R$ 13,973.47 ",2012-02-19
7131,Marketing,Specialist,Master,30,F," R$ 8,946.43 ",2017-06-04
7132,HR,Assistant,High School,33,M," R$ 8,158.58 ",2018-04-18
7133,Legal,Manager,Master,37,F," R$ 16,674.41 ",2014-11-27
7134,Operations,Director,PhD,48,F," R$ 10,936.09 ",11/09/2021
7135,,Analyst,Bachelor,30,F," R$ 8,577.58 ",2017-05-21
7136,Operations,Technician, ,64,M," R$ 11,652.75 ",2020-04-14
7137,Legal,Analyst,Bachelor,43,F," R$ 16,497.39 ",2013-04-29
7138,,Assistant,High School,38,F," R$ 6,955.31 ",2017-12-03
7139,Logistics,Specialist,Master,22,F," R$ 4,761.10 ",2018-04-21
7140,Operations,Assistant,High School,24,F," R$ 7,862.72 ",2013-04-23
7141,Legal,Manager,Master,26,M," R$ 14,748.94 ",08/03/2020
7142,Legal,Analyst,Bachelor,43,F," R$ 19,085.72 ",2019-10-06
7143,Operations,Technician,Technical Diploma,22,F," R$ 7,571.41 ",20/04/2015
7144,HR,Analyst,Bachelor,25,M," R$ 6,070.81 ",2016-10-24
7145,Marketing,Manager,Master,43,F," R$ 11,141.74 ",14/12/2012
7146,Legal,Director,PhD,45,F," R$ 19,461.29 ",2022-05-10
7147,IT,Assistant,High School,53,F," R$ 17,013.55 ",29/10/2013
7148,Finance,Director,PhD,23,M," R$ 16,023.47 ",2014-05-29
7149,Finance,Specialist,Master,57,M," R$ 21,178.75 ",2021-02-03
7150,Operations,Analyst,Bachelor,26,M," R$ 7,542.95 ",2012-10-25
7151,Operations,Assistant,High School,28,F," R$ 7,695.99 ",2016-10-02
7152,IT,Coordinator,Bachelor,57,M," R$ 15,404.62 ",2016-06-21
7153,HR,Technician,Technical Diploma,61,M," R$ 8,919.74 ",2010-07-23
7154,Finance,Specialist,Master,64,M," R$ 25,859.50 ",2017-12-20
7155,Finance,Technician,Technical Diploma,29,," R$ 17,710.58 ",2016-06-24
7156,IT,Specialist,Master,57,F," R$ 17,624.80 ",24/02/2014
7157,Legal,Manager,Master,64,F," R$ 21,279.52 ",19/03/2021
7158,Marketing,Analyst,Bachelor,33,M," R$ 9,673.12 ",23/07/2023
7159,Finance,Manager,Master,49,M," R$ 23,004.89 ",2021-03-22
7160,HR,Manager,Master,23,M," R$ 5,394.24 ",2013-06-11
7161,IT,Coordinator,Bachelor,35,F," R$ 13,562.80 ",2016-03-11
7162,IT,Analyst,Bachelor,40,F," R$ 12,822.45 ",2014-06-06
7163,Operations,Assistant,High School,42,F," R$ 8,095.08 ",2020-01-20
7164,Marketing,Director,PhD,51,M," R$ 12,466.89 ",2010-06-22
7165,HR,Technician,Technical Diploma,58,M," R$ 9,297.20 ",2021-12-10
7166,Logistics,Technician,Technical Diploma,42,F," R$ 5,638.28 ",2015-11-28
7167,IT,Coordinator,Bachelor,49,M," R$ 14,111.95 ",19/12/2020
7168, ,Assistant,High School,54,F," R$ 13,311.08 ",2013-04-08
7169,Marketing,Assistant,High School,63,F," R$ 13,332.52 ",2013-05-17
7170,Legal,Assistant,High School,28,M," R$ 15,049.96 ",2018-03-31
7171,Finance,Analyst,Bachelor,63,F," R$ 25,254.27 ",2016-11-22
7172,,Specialist,Master,37,M," R$ 6,071.10 ",2016-06-19
7173,,Manager,Master,58,F," R$ 15,136.92 ",2021-02-16
7174,HR,Specialist,Master,46,F," R$ 8,741.48 ",2018-09-07
7175,Marketing,Assistant,High School,59,F," R$ 12,715.34 ",2023-05-10
7176,HR,Director,PhD,59,M," R$ 11,543.58 ",2019-09-23
7177,,Technician,Technical Diploma,63,M," R$ 12,792.39 ",2022-12-18
7178,Logistics,Coordinator,Bachelor,63,F," R$ 8,724.77 ",21/05/2012
7179,HR,Director,PhD,51,F," R$ 7,830.03 ",2010-07-21
7180,Finance,Director,PhD,38,M," R$ 22,363.63 ",2019-11-03
7181,Finance,Analyst,Bachelor,37,M," R$ 18,547.18 ",2019-06-19
7182,IT,Director,PhD,25,M," R$ 10,944.72 ",2017-07-13
7183,IT,Technician,Technical Diploma,51,F," R$ 16,590.42 ",2012-06-16
7184,Marketing,Specialist,Master,41,M," R$ 10,141.75 ",2014-10-11
7185,Legal,Analyst,Bachelor,56,F," R$ 17,561.23 ",2021-04-29
7186,HR,Director,PhD,26,M," R$ 6,680.62 ",2015-12-02
7187,Marketing,Coordinator,Bachelor,35,M," R$ 10,385.97 ",15/03/2016
7188, ,Manager,Master,62,F," R$ 8,754.09 ",2018-09-03
7189,Legal,Assistant,High School,62,F," R$ 20,695.65 ",2023-01-09
7190,Logistics,Manager,Master,61,F," R$ 8,376.76 ",15/12/2018
7191,Legal,Specialist,Master,49,F," R$ 17,198.44 ",2018-08-07
7192, ,Specialist,Master,31,F, ,2017-06-28
7193,IT,Assistant,High School,51,F," R$ 16,395.77 ",2019-04-20
7194,Marketing,Specialist,Master,53,M," R$ 10,795.48 ",2010-08-18
7195, ,Director,PhD,33,M," R$ 9,596.75 ",2013-03-05
7196,HR,Technician,Technical Diploma,37,F," R$ 6,122.46 ",2017-01-04
7197,,Manager,Master,47,M," R$ 14,840.33 ",2015-05-02
7198,Marketing,Assistant,High School,56,M,,2023-01-18
7199,Legal,Analyst,Bachelor,62,M," R$ 19,504.39 ",2013-02-27
7200, ,Assistant,High School,37,F," R$ 18,533.18 ",2015-01-24
7201,Marketing,Specialist,Master,38,F," R$ 10,883.88 ",14/09/2021
7202,HR,Assistant,High School,44,F," R$ 9,560.28 ",13/10/2020
7203,Marketing,Coordinator,Bachelor,63,F," R$ 13,970.74 ",08/12/2016
7204,Operations,Director,PhD,43, ," R$ 9,521.15 ",2016-09-11
7205,Logistics,Technician,Technical Diploma,42,M," R$ 7,790.87 ",2022-06-27
7206,Logistics,Technician,Technical Diploma,55,F," R$ 8,435.53 ",2016-09-09
7207,Finance,Specialist,Master,26,F," R$ 16,572.30 ",2017-03-09
7208,IT,Manager,Master,59,F," R$ 18,387.02 ",2023-01-14
7209,Logistics,Manager,Master,52,F," R$ 7,343.81 ",2014-12-31
7210,HR,Technician,Technical Diploma,54,M," R$ 8,965.17 ",2010-11-26
7211,IT, ,Master,24,M," R$ 11,423.78 ",2017-11-18
7212,HR,Technician,Technical Diploma,40,F," R$ 7,151.22 ",2016-08-20
7213,Marketing,,PhD,39,M," R$ 12,899.73 ",2021-06-28
7214,Logistics,Director,PhD,49,F," R$ 7,638.54 ",2016-02-02
7215,Operations,Coordinator,Bachelor,36,M," R$ 8,343.89 ",2017-08-25
7216,Logistics,Technician,Technical Diploma,54,F," R$ 8,229.60 ",2013-11-19
7217,Logistics,Analyst,Bachelor,49,M," R$ 7,817.22 ",2023-05-18
7218,Operations,Specialist,Master,29,F," R$ 8,578.77 ",2022-03-20
7219,Finance,Technician,Technical Diploma,61,M," R$ 23,042.60 ",2022-08-11
7220,Logistics,Technician,Technical Diploma,51,M, ,2018-06-08
7221,HR,Director,PhD,22,F," R$ 6,095.37 ",2011-09-05
7222,Legal,Specialist,Master,28,M," R$ 11,921.41 ",2017-01-28
7223,Legal,Coordinator,Bachelor,35,M," R$ 14,981.86 ",2021-09-16
7224,Marketing,Analyst,Bachelor,42,M," R$ 10,546.78 ",2016-12-15
7225,Operations,Coordinator,Bachelor,27,M," R$ 8,144.35 ",2021-10-04
7226,,Manager,Master,38,M," R$ 6,497.41 ",2023-07-29
7227,Marketing,Director,PhD,35,M," R$ 10,228.02 ",2018-04-29
7228,IT,Assistant,High School,28,F," R$ 10,931.45 ",2022-06-08
7229,,Assistant,High School,36,M," R$ 8,305.34 ",2010-09-02
7230,Marketing,Manager,Master,29,F," R$ 9,175.39 ",2021-04-25
7231,Marketing,Director,PhD,31,M," R$ 9,020.92 ",21/07/2019
7232,IT,Specialist,Master,50,M," R$ 15,559.87 ",2022-12-09
7233,Logistics,Technician,Technical Diploma,62,M," R$ 8,798.18 ",19/04/2010
7234,,Manager,Master,40, , ,2013-06-24
7235,Finance,Analyst,Bachelor,23,M," R$ 15,659.48 ",2021-03-02
7236,HR,Specialist,,29,F," R$ 7,079.28 ",2013-03-26
7237,Operations,Manager,Master,51,F," R$ 11,513.31 ",2022-11-09
7238,,Assistant,High School,64,F," R$ 15,048.48 ",2023-07-07
7239,IT,Technician,Technical Diploma,57,F,,2015-04-30
7240,Operations,,Master,39,F," R$ 9,866.12 ",2021-03-18
7241,IT,Director,PhD,23,F," R$ 10,227.01 ",2023-07-04
7242,HR,Manager,Master,26,F," R$ 7,174.72 ",2021-04-21
7243,Operations,Director,PhD,34,F," R$ 8,486.32 ",2017-03-14
7244,Logistics,Technician,Technical Diploma,61,M," R$ 7,797.82 ",2021-04-23
7245,HR,Assistant,High School,32,M," R$ 5,819.26 ",2018-04-25
7246,Legal,Assistant,High School,29,M," R$ 14,098.49 ",2017-02-03
7247,Marketing,Coordinator,Bachelor,59,F," R$ 13,995.18 ",2016-09-09
7248,Marketing,Technician,Technical Diploma,38,M," R$ 10,843.96 ",2015-04-02
7249,Operations,Director,PhD,32,," R$ 9,084.70 ",2013-02-18
7250,Legal,Technician,Technical Diploma,47,F," R$ 18,052.85 ",29/01/2017
7251,Marketing,Director,PhD,60,F," R$ 16,131.02 ",2013-01-16
7252,Finance,Specialist,Master,55,F," R$ 24,455.72 ",2014-08-20
7253,Legal,,High School,24,F," R$ 13,847.16 ",2019-01-30
7254,Legal,,Master,46,M," R$ 18,649.98 ",14/02/2013
7255,Operations,Technician,Technical Diploma,45,F," R$ 9,288.69 ",2015-03-03
7256,Marketing,Manager,Master,44,F," R$ 11,276.52 ",2021-02-01
7257,Legal,Specialist,Master,51,F," R$ 17,887.34 ",2023-06-15
7258,Finance,Technician,Technical Diploma,62,F," R$ 24,471.96 ",2020-10-04
7259,Marketing,Analyst,Bachelor,61,F," R$ 12,732.81 ",08/02/2014
7260,Finance,Analyst,Bachelor,48,M," R$ 24,806.31 ",2021-05-12
7261, ,Assistant,High School,31,M," R$ 7,159.58 ",25/08/2021
7262,Logistics,Coordinator, ,30,M," R$ 6,314.24 ",30/05/2021
7263,HR,Coordinator,Bachelor,23,M," R$ 5,775.14 ",2017-08-31
7264,Operations,Specialist,Master,42,M," R$ 8,411.03 ",2010-09-05
7265,Logistics,Assistant,High School,32,M," R$ 5,496.90 ",2017-03-23
7266,IT,Coordinator,Bachelor,31,F," R$ 10,709.11 ",2023-05-14
7267,Legal,Coordinator,Bachelor,46,M," R$ 20,191.49 ",2022-11-28
7268,Finance, ,Bachelor,61,," R$ 23,051.68 ",2014-06-01
7269,Finance,Assistant, ,26,M," R$ 16,815.28 ",29/08/2013
7270,IT,Manager,Master,43,F," R$ 13,375.82 ",2011-11-08
7271,HR,Manager,,26, ," R$ 6,620.40 ",2012-05-26
7272,Marketing,Specialist,Master,30,F," R$ 10,215.94 ",2010-12-01
7273,Finance,Coordinator,Bachelor,32,M," R$ 16,623.76 ",26/03/2021
7274,Finance,Assistant,High School,26,M," R$ 12,942.58 ",2015-08-21
7275,Logistics,Coordinator,Bachelor,27,M, ,11/01/2018
7276,HR,Specialist,Master,54,M," R$ 9,281.26 ",08/01/2023
7277,Finance,Director,PhD,37,F," R$ 16,997.63 ",2021-12-25
7278,Marketing,Assistant,High School,45,M, ,2014-05-18
7279,Logistics,Assistant,High School,35,F," R$ 6,268.89 ",2011-02-28
7280,HR,,Bachelor,45,M," R$ 7,895.41 ",2014-06-05
7281,Marketing,Technician,Technical Diploma,33,," R$ 10,467.84 ",24/08/2018
7282,HR,Specialist,Master,44,M," R$ 9,527.31 ",2013-01-25
7283,Finance,Director,PhD,60,,,13/01/2010
7284,Legal,Technician,Technical Diploma,27,F," R$ 13,051.83 ",19/08/2015
7285,IT,,Technical Diploma,62,F," R$ 19,344.06 ",2018-12-09
7286,Operations,Technician,Technical Diploma,42,F," R$ 7,639.26 ",2016-03-31
7287,Logistics,Manager,Master,30,M," R$ 6,145.17 ",2012-09-15
7288,Legal,Analyst,Bachelor,62,F," R$ 18,093.81 ",2015-02-15
7289,Finance,Specialist,,57,M," R$ 25,565.77 ",2021-04-14
7290,HR,Assistant,High School,62,F," R$ 9,987.61 ",2018-08-22
7291,IT,,Technical Diploma,61, ," R$ 18,128.77 ",2020-02-09
7292,Operations,Manager,Master,26,M," R$ 8,338.34 ",2019-03-23
7293,Logistics,Technician,Technical Diploma,63,M," R$ 9,700.49 ",2016-12-02
7294,Marketing,Analyst,Bachelor,52,M," R$ 10,995.18 ",2010-10-06
7295,IT,Technician,Technical Diploma,56,M," R$ 15,949.30 ",2011-06-30
7296,Logistics,Assistant,High School,62,F," R$ 8,547.50 ",2016-10-13
7297,Marketing,Analyst,Bachelor,24,M," R$ 6,817.59 ",2013-12-01
7298,Marketing,Technician,Technical Diploma,40,M," R$ 9,758.52 ",2017-02-09
7299,Finance,Analyst,Bachelor,40,F," R$ 17,720.31 ",2016-03-15
7300,Finance,Coordinator,Bachelor,22,M," R$ 13,581.61 ",2010-07-27
7301,Finance,Technician,Technical Diploma,43,F," R$ 22,170.47 ",26/06/2012
7302,Marketing,Manager,Master,40,F," R$ 11,208.68 ",2019-09-05
7303,Marketing,Director,PhD,47,M,,07/06/2021
7304,Logistics,Specialist,Master,36,M," R$ 5,615.61 ",2010-09-27
7305,Operations,Director,PhD,40,M," R$ 8,210.39 ",2012-07-17
7306,Legal,Coordinator,Bachelor,46,M," R$ 18,010.45 ",2011-02-24
7307,HR,Manager,Master,60,F," R$ 9,873.10 ",26/03/2013
7308,Operations,Technician,Technical Diploma,52,F," R$ 10,415.84 ",09/06/2021
7309,Finance,Manager,Master,51,M," R$ 24,986.17 ",07/05/2021
7310,HR,Analyst,Bachelor,54,M," R$ 8,937.02 ",2010-12-27
7311,Finance,Analyst,Bachelor,37,M," R$ 19,985.17 ",2018-10-22
7312,IT,Manager,Master,61,M," R$ 17,433.18 ",2013-08-16
7313,Finance,,PhD,33,M," R$ 16,980.52 ",2023-12-12
7314,Legal,Manager,Master,49,M," R$ 16,883.46 ",2010-09-13
7315,Logistics,Assistant,High School,51,F," R$ 7,373.57 ",2023-10-25
7316,HR,Director,PhD,27,M," R$ 6,509.31 ",2017-04-17
7317,Operations,Analyst,Bachelor,63,M," R$ 12,492.16 ",2018-11-08
7318,Finance,,Master,35,F," R$ 17,160.78 ",2013-02-18
7319,Marketing,Manager,Master,26,F," R$ 7,931.92 ",2013-01-18
7320,IT,Assistant,High School,57,M," R$ 19,385.58 ",2012-11-13
7321,Marketing,Specialist, ,44,F," R$ 12,160.05 ",2012-09-04
7322,Legal,Analyst,Bachelor,53,F," R$ 19,544.98 ",2022-08-26
7323,Legal,Assistant,High School,52,M," R$ 19,210.90 ",2019-11-14
7324,HR,Analyst,Bachelor,35,M," R$ 7,539.06 ",07/02/2019
7325,IT,Director,PhD,53,F," R$ 14,502.42 ",2015-08-21
7326,Operations,Coordinator,Bachelor,48,F," R$ 8,779.20 ",2020-02-12
7327,Finance,Manager,Master,22,F," R$ 16,083.77 ",2014-09-27
7328,Legal,Coordinator,Bachelor,30,M," R$ 41,522.00 ",2012-08-13
7329,Finance,Assistant,High School,37,F," R$ 18,788.22 ",2021-07-25
7330,IT,Director,PhD,56,M," R$ 15,573.44 ",03/02/2016
7331,Operations,Director,PhD,31,M," R$ 9,554.85 ",2017-11-05
7332,Logistics,Coordinator,Bachelor,37,M," R$ 6,914.99 ",2015-11-08
7333,Operations,Specialist,Master,51,, ,2010-03-12
7334,IT,Technician,Technical Diploma,54, ," R$ 19,609.30 ",2014-09-27
7335,IT,Specialist,Master,36,M," R$ 10,889.83 ",2012-07-07
7336,HR,Manager,,60,F," R$ 9,517.40 ",2022-06-05
7337,IT,Specialist,Master,29,F," R$ 11,294.19 ",2023-10-27
7338,IT,Specialist,Master,25,M," R$ 10,419.68 ",2017-02-03
7339,Operations,Technician,Technical Diploma,23,M," R$ 7,679.81 ",2016-05-13
7340,Operations,Assistant,High School,28,M," R$ 7,084.66 ",2019-12-05
7341,Marketing,Specialist,Master,59,F," R$ 13,503.86 ",04/04/2023
7342,Marketing,Manager,Master,55,M," R$ 11,818.26 ",2023-12-05
7343,Operations,Technician,Technical Diploma,46,M," R$ 11,237.39 ",2023-01-04
7344,IT,Analyst,Bachelor,28,F," R$ 12,168.34 ",2011-11-14
7345,Logistics,Analyst,Bachelor,46,F,,2011-10-13
7346,Logistics,Coordinator,Bachelor,23,F," R$ 5,428.72 ",2015-10-16
7347,Finance,Specialist,Master,47,M," R$ 20,038.74 ",2018-10-25
7348,IT,Technician,Technical Diploma,57,F," R$ 17,361.08 ",2014-11-11
7349,Finance,Director,PhD,59,M," R$ 25,745.67 ",2019-08-27
7350,Operations,Assistant,High School,63,M," R$ 10,801.74 ",2011-10-22
7351,Legal,Coordinator,Bachelor,24,," R$ 15,612.36 ",2013-01-16
7352,Legal,Technician,Technical Diploma,50,F," R$ 19,314.91 ",2019-11-15
7353,Legal,Coordinator,Bachelor,32,M," R$ 16,036.96 ",2020-04-23
7354,Finance,Technician,Technical Diploma,64,F, ,2013-05-09
7355,Operations,Specialist,Master,42,F," R$ 9,697.65 ",2021-08-28
7356,Operations,Coordinator,Bachelor,64,M," R$ 12,245.99 ",10/05/2021
7357,HR,Assistant,High School,25,F," R$ 6,743.49 ",2011-12-08
7358,Logistics,Technician,Technical Diploma,26,M," R$ 5,351.32 ",01/02/2014
7359,Operations,Specialist,,27,M," R$ 7,392.09 ",2019-07-23
7360,Marketing,Coordinator,Bachelor,43,M," R$ 11,094.87 ",2019-11-12
7361,Logistics,Director,PhD,60,M," R$ 8,933.27 ",2016-08-24
7362,Marketing,Manager,Master,27,M," R$ 8,937.91 ",2016-07-30
7363,Marketing,Analyst,Bachelor,35,F," R$ 10,454.85 ",2016-09-19
7364,IT,Manager,Master,43,M," R$ 16,648.47 ",06/10/2017
7365,Operations,Director, ,37, ," R$ 8,384.25 ",2012-07-09
7366,Finance,Manager,Master,53,M," R$ 22,932.22 ",2022-01-04
7367,Operations,Manager,Master,57,F," R$ 8,959.87 ",2014-06-21
7368,Marketing,Manager,Master,28,M," R$ 8,337.74 ",2015-12-13
7369,Legal,Manager,Master,44,M," R$ 17,402.04 ",2016-11-28
7370,Logistics,Coordinator,Bachelor,35,M," R$ 7,336.61 ",2015-04-29
7371,Legal,Technician,Technical Diploma,27,M," R$ 14,257.19 ",22/09/2010
7372,Operations,Technician,Technical Diploma,63,M," R$ 12,307.61 ",2013-07-12
7373,,Manager,Master,46,M," R$ 17,068.11 ",2017-04-24
7374,IT,Technician,Technical Diploma,24,M," R$ 10,761.96 ",2016-04-02
7375,Finance,Technician,Technical Diploma,34,M," R$ 18,084.79 ",13/11/2020
7376, ,Technician,Technical Diploma,24,M," R$ 12,491.65 ",05/02/2012
7377,Legal,Technician,Technical Diploma,52,M," R$ 18,956.08 ",2013-11-20
7378,Legal,Analyst,Bachelor,24,M," R$ 14,064.80 ",30/06/2013
7379,Finance,Technician,,38,F," R$ 18,979.11 ",2017-06-12
7380,IT,Director,PhD,60,M,,2013-07-28
7381,Marketing,Coordinator,Bachelor,23,F," R$ 7,344.39 ",2020-09-08
7382,Legal,Technician,Technical Diploma,26,M," R$ 15,092.33 ",2010-05-06
7383,Marketing,Coordinator,Bachelor,30,F," R$ 10,873.52 ",2013-05-12
7384,IT,Director,PhD,50,M," R$ 13,159.59 ",2019-10-14
7385,Marketing,Specialist,Master,56,F," R$ 12,712.73 ",2015-06-28
7386,Marketing,Manager,Master,61,M," R$ 12,964.77 ",2020-06-23
7387, ,Technician,Technical Diploma,57,M," R$ 16,216.91 ",2014-05-06
7388,Operations,Coordinator,Bachelor,56,M," R$ 10,683.98 ",2021-09-12
7389,Marketing,Specialist,Master,51,M," R$ 12,926.83 ",2022-01-25
7390,HR,Manager,Master,36,F," R$ 7,381.14 ",2013-04-14
7391,HR,Assistant,High School,50,M, ,20/01/2017
7392,Marketing,Technician,Technical Diploma,46,F," R$ 11,405.18 ",2010-02-28
7393,Logistics,Analyst,Bachelor,32, ,,21/02/2012
7394,,Analyst,Bachelor,58,M," R$ 8,413.10 ",2010-07-30
7395,Logistics,Assistant,High School,25,M," R$ 5,251.93 ",2013-10-11
7396,Marketing,Analyst,Bachelor,64,F," R$ 12,509.67 ",2023-07-26
7397,Finance,Analyst,Bachelor,33,M," R$ 19,119.21 ",2017-08-03
7398,Logistics,Technician,Technical Diploma,53,M," R$ 6,711.69 ",11/10/2022
7399,IT,Specialist,Master,26,M," R$ 10,925.11 ",2017-03-24
7400,Legal,Director,PhD,63,M," R$ 26,027.89 ",2011-09-25
7401,Finance,Coordinator,Bachelor,63,F," R$ 24,598.18 ",06/09/2020
7402,Operations,Director,PhD,58,F," R$ 12,476.51 ",13/05/2022
7403,Logistics,Specialist,Master,58,F," R$ 7,867.43 ",2010-04-03
7404,Finance,Analyst,Bachelor,46, ," R$ 20,855.62 ",10/07/2012
7405,Finance,Coordinator,Bachelor,25,M, ,07/03/2017
7406,IT,Analyst,Bachelor,45,F," R$ 12,647.82 ",2014-10-04
7407,Operations,Specialist,Master,57,M," R$ 10,640.95 ",2015-07-08
7408,Finance,Assistant,High School,23,F," R$ 15,334.76 ",29/12/2016
7409,Finance,Analyst,Bachelor,56,M," R$ 25,597.00 ",2012-10-03
7410,Logistics,Analyst,Bachelor,57,F," R$ 7,614.97 ",2010-06-27
7411,HR,Coordinator,Bachelor,29,M," R$ 6,062.74 ",2011-11-08
7412,Marketing,Analyst,Bachelor,30,F," R$ 9,444.03 ",04/03/2014
7413,Legal,Manager,Master,49,M," R$ 16,059.65 ",2023-12-01
7414,Operations,Assistant,High School,61,F," R$ 9,992.10 ",2020-06-25
7415,Operations,Coordinator,Bachelor,31, ," R$ 8,116.14 ",2014-03-22
7416,,Coordinator,Bachelor,26,M," R$ 8,771.05 ",2012-04-03
7417,Finance,Analyst,Bachelor,58,M," R$ 24,015.18 ",2020-04-19
7418,Operations,Technician,Technical Diploma,52,M," R$ 11,042.44 ",2017-11-12
7419,Logistics,Analyst,Bachelor,50,M," R$ 7,968.70 ",2012-12-07
7420,Legal,Analyst,Bachelor,24,M," R$ 14,554.43 ",2011-01-07
7421,IT,Assistant,High School,47,F," R$ 14,127.49 ",2017-08-05
7422,Operations,Assistant,High School,52,F," R$ 9,956.97 ",2011-04-08
7423,Finance,Analyst,Bachelor,23,M," R$ 14,605.37 ",11/01/2010
7424,Operations,Coordinator,Bachelor,36,M," R$ 7,728.93 ",2016-02-10
7425,Marketing,Specialist,Master,34,F," R$ 9,439.65 ",25/04/2013
7426, ,Analyst,Bachelor,49,F," R$ 14,272.12 ",2012-01-13
7427,Logistics,Manager,Master,35,M," R$ 6,379.48 ",2014-04-16
7428,Logistics,Manager,Master,33,M," R$ 6,409.19 ",10/02/2016
7429,HR,Assistant, ,36,F," R$ 6,395.10 ",2012-01-08
7430,Operations,Coordinator,Bachelor,42,M," R$ 10,149.95 ",2012-08-21
7431,Operations,Manager,Master,50,M," R$ 10,197.99 ",2020-11-05
7432,Legal,Analyst,Bachelor,56,F," R$ 18,907.04 ",2016-02-03
7433,Marketing,Technician,Technical Diploma,41,M," R$ 11,719.70 ",2023-08-04
7434,Legal,Director,PhD,39,M," R$ 18,364.58 ",2011-11-09
7435,IT,Analyst,Bachelor,59, ," R$ 16,545.24 ",13/09/2019
7436,,Technician,Technical Diploma,36,F," R$ 8,195.92 ",2014-04-02
7437,Finance,Technician,,33,F," R$ 17,771.37 ",11/06/2014
7438,Finance,Specialist,Master,55,F," R$ 23,440.61 ",2012-07-22
7439,Legal,Technician,Technical Diploma,26,M," R$ 13,176.56 ",2018-07-17
7440,Legal,Manager,Master,38,," R$ 18,008.27 ",2017-11-01
7441,Finance,Technician,Technical Diploma,34,M," R$ 18,273.85 ",26/10/2016
7442,HR,Analyst,Bachelor,34,M," R$ 7,027.25 ",2011-09-10
7443,Marketing,Analyst,,57,M," R$ 12,151.46 ",2020-04-13
7444,Operations,Director,PhD,37,F," R$ 9,343.39 ",2022-04-04
7445,IT,Analyst,Bachelor,61,M," R$ 19,951.78 ",2017-09-03
7446,Legal,Manager,Master,24,F," R$ 12,742.33 ",2015-04-17
7447,Logistics,Specialist,Master,23,F," R$ 4,638.07 ",2019-09-18
7448,Logistics,Director,PhD,46,," R$ 7,165.42 ",2014-12-30
7449,Operations,Technician,Technical Diploma,24,M," R$ 7,518.49 ",2019-07-31
7450,Finance,,Bachelor,32,F," R$ 17,104.29 ",2013-11-15
7451,IT,Manager,Master,32,M," R$ 11,544.31 ",2020-02-11
7452,HR,,Bachelor,31,F," R$ 6,701.57 ",16/11/2014
7453,Finance, ,High School,49,M," R$ 21,114.29 ",2011-03-17
7454,Operations,Specialist,Master,32,M," R$ 7,370.94 ",2018-04-03
7455,Legal,Specialist,Master,28,F," R$ 17,060.03 ",16/05/2020
7456,HR,Analyst,Bachelor,50,F," R$ 8,965.12 ",2016-04-05
7457,Finance,Analyst,Bachelor,22,F," R$ 14,330.39 ",2012-10-28
7458,IT,Assistant, ,36,F," R$ 12,801.21 ",2022-06-19
7459,HR,Director,PhD,28,F," R$ 6,696.08 ",2015-08-02
7460,Finance,Specialist,Master,25,M," R$ 14,217.00 ",2022-09-08
7461,Finance,Manager,Master,24,F," R$ 15,538.68 ",2017-07-10
7462,Finance,Manager,Master,41,F," R$ 21,618.51 ",2017-02-25
7463,Legal,Specialist,Master,24,M," R$ 13,009.22 ",2011-11-12
7464,Logistics,Coordinator,Bachelor,50,M," R$ 7,075.72 ",12/07/2010
7465,Logistics,Coordinator,,41,F," R$ 6,681.98 ",2021-01-24
7466,HR,Analyst,Bachelor,31,F," R$ 7,589.10 ",17/11/2020
7467,Operations,Director,PhD,56,F," R$ 10,465.25 ",16/03/2012
7468,Marketing,Analyst,Bachelor,47,M," R$ 11,626.26 ",2020-04-08
7469,Marketing,Coordinator,Bachelor,51,M," R$ 11,966.14 ",2022-08-13
7470,Logistics,Technician,Technical Diploma,47,M," R$ 7,166.33 ",2021-01-13
7471,Marketing,Manager,Master,58,M," R$ 13,103.12 ",2022-02-10
7472,IT,Specialist,Master,41,F," R$ 12,557.12 ",28/05/2021
7473,Finance,Director,PhD,63,F," R$ 25,739.48 ",2018-09-15
7474,IT,Assistant,High School,30,M," R$ 12,352.77 ",25/01/2011
7475,Operations,Manager, ,32,F," R$ 8,260.93 ",2014-08-03
7476,Finance,Analyst,Bachelor,54,M," R$ 19,425.09 ",02/11/2013
7477,Marketing,Manager,Master,51,M," R$ 11,706.54 ",15/05/2018
7478,Finance,Coordinator,,51,M," R$ 22,635.10 ",05/07/2021
7479,HR,Assistant,High School,44,F," R$ 6,378.54 ",2015-03-05
7480,Finance,Coordinator,Bachelor,57,F," R$ 23,058.40 ",2013-07-06
7481,HR,Coordinator, ,45,M," R$ 8,286.78 ",2023-11-09
7482,Logistics,Technician,Technical Diploma,52,F," R$ 6,999.00 ",2012-07-12
7483,Finance,Analyst,Bachelor,44,M," R$ 20,691.13 ",20/09/2014
7484,IT,Director,PhD,63,M," R$ 14,352.22 ",2014-10-31
7485,Legal,Manager,Master,57,F," R$ 21,974.34 ",2014-06-06
7486,Legal,,High School,61,F," R$ 23,023.94 ",2011-08-02
7487,Legal,Assistant,High School,55,F," R$ 19,024.26 ",2022-10-09
7488,Marketing,Manager,,42,F," R$ 11,187.01 ",2013-07-03
7489,Legal,Coordinator,Bachelor,47,M," R$ 16,498.80 ",17/04/2023
7490,Legal,Technician,Technical Diploma,28,M," R$ 13,967.99 ",02/04/2015
7491,Marketing,Technician,Technical Diploma,46,M," R$ 11,183.86 ",2017-08-04
7492,Logistics,Assistant,High School,24,M," R$ 5,157.54 ",13/10/2011
7493,HR,Analyst,Bachelor,64,M, ,2018-01-04
7494, ,Technician,Technical Diploma,39,F," R$ 13,219.60 ",2022-03-18
7495,Finance,Manager,Master,27,F," R$ 18,317.62 ",2017-07-08
7496,Finance,Director,PhD,34,M," R$ 19,945.25 ",09/11/2020
7497,Marketing,Coordinator,Bachelor,23,F," R$ 7,810.15 ",2022-09-19
7498,,Coordinator,Bachelor,61,M," R$ 13,934.13 ",2012-10-21
7499,Marketing,Assistant,High School,34,M," R$ 8,852.09 ",2012-04-09
7500,Logistics,Analyst,Bachelor,22,F," R$ 5,182.40 ",2022-07-06
7501,,Specialist,Master,23,M," R$ 5,355.38 ",2022-07-08
7502,Logistics,Director,PhD,25, ," R$ 5,752.99 ",2019-12-18
7503,IT,Analyst,Bachelor,34,F," R$ 10,802.75 ",2021-08-06
7504,HR,Specialist,Master,51,F," R$ 8,854.38 ",2017-06-24
7505,Marketing,Coordinator,Bachelor,33,F," R$ 9,797.44 ",2011-02-08
7506,Logistics,Technician,Technical Diploma,54,M," R$ 8,445.02 ",10/04/2022
7507,Legal,Analyst,Bachelor,59,M," R$ 19,806.79 ",2023-09-22
7508,Marketing,Specialist,Master,64,F," R$ 13,179.60 ",2014-12-18
7509,Operations,Analyst,Bachelor,55,F," R$ 12,340.71 ",2010-09-15
7510,Logistics,Specialist,Master,24,M,,2010-06-29
7511,Operations,Technician,Technical Diploma,64,M," R$ 13,215.06 ",2010-08-27
7512,Marketing, ,Bachelor,30,F," R$ 10,014.34 ",2021-01-23
7513,Finance,Assistant,High School,28,F," R$ 15,027.09 ",26/12/2018
7514,HR,Analyst,Bachelor,25,M," R$ 5,677.55 ",2013-10-13
7515,Legal,Technician,Technical Diploma,49,M," R$ 17,212.03 ",2010-01-15
7516,Legal,Specialist,Master,63,F," R$ 24,776.19 ",2021-04-08
7517,HR,Director,PhD,53,M," R$ 8,447.57 ",2020-07-19
7518,Operations,Director,PhD,22,," R$ 7,476.04 ",07/06/2016
7519,HR,Manager,Master,34,F," R$ 7,216.15 ",2019-08-21
7520,,Manager,Master,57,M," R$ 13,120.90 ",2023-08-13
7521,Legal,Technician, ,47,F," R$ 18,890.74 ",2022-12-26
7522,Legal,Assistant,High School,34,M," R$ 15,616.78 ",2013-07-04
7523,Finance,Analyst,Bachelor,43,F," R$ 20,798.68 ",2022-12-15
7524,Logistics,Director,PhD,45,F," R$ 7,359.36 ",2019-12-06
7525,Logistics,Coordinator,Bachelor,32,M," R$ 5,735.89 ",27/04/2021
7526,HR,Specialist, ,46,F," R$ 8,514.47 ",2011-05-24
7527,Operations,Technician,Technical Diploma,36,F," R$ 8,470.10 ",2019-01-17
7528,Logistics,Manager,Master,57,F," R$ 9,260.62 ",28/01/2021
7529,Finance,Assistant,High School,59,F," R$ 24,529.41 ",27/10/2011
7530,HR,,PhD,55,M," R$ 9,854.80 ",2015-08-31
7531,Marketing,Specialist,Master,55,F," R$ 14,463.73 ",2014-11-02
7532,IT,Director,PhD,53,M," R$ 15,042.02 ",2013-07-28
7533,,Assistant,High School,59,M," R$ 7,724.96 ",22/11/2020
7534,Logistics,Specialist,Master,46,M," R$ 7,302.84 ",2011-03-22
7535,IT,Technician,Technical Diploma,24,F," R$ 10,818.60 ",2022-12-15
7536,Finance,Assistant,High School,64,M," R$ 27,121.08 ",2020-12-28
7537,Logistics,Manager,Master,50,F," R$ 6,646.64 ",2010-10-06
7538,Marketing,Coordinator,Bachelor,42,M," R$ 10,624.73 ",2011-01-18
7539,HR,Manager,Master,30,M," R$ 7,796.48 ",2016-03-27
7540,Finance,Specialist,Master,42,F," R$ 20,674.52 ",2012-03-16
7541,Legal,Director,PhD,42,F," R$ 17,637.23 ",2011-07-04
7542,HR,Assistant,High School,28,M," R$ 7,210.27 ",2019-08-19
7543,,Specialist, ,53,M," R$ 18,445.84 ",28/09/2017
7544,HR,Specialist,Master,43,F," R$ 6,975.57 ",2013-01-29
7545,Legal,Specialist,Master,63,M," R$ 20,752.64 ",2011-04-14
7546,Legal,Technician,Technical Diploma,32,M," R$ 15,825.36 ",03/07/2015
7547,HR,Technician,Technical Diploma,55,M," R$ 8,513.47 ",2014-06-07
7548,Marketing,Assistant,High School,35,F," R$ 9,797.15 ",2016-08-01
7549,HR,Specialist,Master,62,F," R$ 9,470.76 ",2013-10-05
7550,,Director,PhD,43,M," R$ 11,319.18 ",2019-07-29
7551,IT,Technician,Technical Diploma,46,M," R$ 15,987.54 ",20/09/2014
7552,Operations,Analyst,Bachelor,37,M," R$ 8,988.29 ",2020-09-28
7553,IT,Technician,Technical Diploma,54,M," R$ 14,997.11 ",2021-12-10
7554,IT,Manager,Master,23,M," R$ 10,401.01 ",2012-02-25
7555,HR,Assistant,High School,60,M," R$ 9,995.81 ",2022-05-01
7556,Operations,Assistant,High School,27,F," R$ 7,486.71 ",2016-12-15
7557,IT,Manager,Master,55,M," R$ 15,955.64 ",2022-09-23
7558,Logistics,Manager,Master,63,M," R$ 9,059.59 ",2021-07-29
7559,Finance,Director,PhD,58,F," R$ 20,379.83 ",2023-11-30
7560,HR,Specialist,Master,43,F," R$ 8,464.34 ",2021-05-17
7561,Logistics,Analyst,Bachelor,37,F," R$ 7,144.03 ",2019-02-03
7562,Legal,,PhD,28,F," R$ 13,480.17 ",2021-12-15
7563,IT,Technician,Technical Diploma,34,M," R$ 12,246.05 ",15/11/2019
7564,Operations,Technician,Technical Diploma,38,M," R$ 8,548.80 ",15/11/2023
7565,HR,Manager,Master,24,F," R$ 5,820.50 ",2022-09-27
7566,HR,Analyst, ,33,F," R$ 7,495.34 ",2010-05-05
7567,IT,Manager,Master,27,M," R$ 10,427.42 ",2019-07-22
7568,Operations,Analyst,Bachelor,33,F," R$ 8,491.34 ",02/01/2014
7569,Legal,Coordinator,Bachelor,32,F," R$ 14,113.14 ",2023-08-14
7570,Finance,Specialist,Master,62,F," R$ 26,345.92 ",2014-01-19
7571,HR,Assistant,High School,40,F," R$ 7,932.38 ",23/07/2021
7572,HR,Technician,Technical Diploma,52,F," R$ 9,539.74 ",25/06/2011
7573,Logistics,Assistant,High School,23,M," R$ 5,005.31 ",2010-06-10
7574,Legal,Manager,Master,53,F," R$ 18,616.02 ",2019-06-03
7575,HR,Technician,Technical Diploma,39,F," R$ 9,007.52 ",04/11/2012
7576,Finance,Coordinator,Bachelor,25,M," R$ 16,512.79 ",2013-04-02
7577,Marketing,Director,PhD,43,F," R$ 12,607.27 ",24/08/2012
7578,Finance,Director,PhD,35,M," R$ 17,465.30 ",2012-07-04
7579,Legal,Specialist,Master,35,F," R$ 16,915.76 ",01/07/2018
7580,Logistics,Technician,Technical Diploma,58,F," R$ 7,883.28 ",2017-02-06
7581,Logistics,Specialist,Master,50,F," R$ 6,829.27 ",2010-09-25
7582,Marketing,Director,PhD,55,M," R$ 13,157.82 ",2017-01-21
7583,IT,Specialist,Master,27,M," R$ 11,216.84 ",2011-04-10
7584,Operations,Assistant,High School,64,F," R$ 12,071.34 ",2020-01-20
7585,Operations,Technician,Technical Diploma,33,F, ,2012-04-23
7586,HR,Analyst,Bachelor,45,," R$ 6,951.52 ",2010-07-03
7587,,Assistant,High School,50,F," R$ 19,292.08 ",07/12/2019
7588,Finance,Assistant,High School,31,F," R$ 15,203.46 ",2018-10-11
7589,Finance,Assistant,High School,57,M," R$ 25,056.97 ",2023-11-30
7590,Finance,Director,PhD,55,M," R$ 23,853.15 ",2022-10-20
7591,IT,Manager,Master,53,M," R$ 17,852.98 ",2021-06-23
7592,IT,Technician,Technical Diploma,53,M," R$ 16,668.78 ",2016-02-27
7593,Marketing,Technician,Technical Diploma,36,," R$ 9,574.75 ",2013-03-04
7594,Operations,Coordinator,Bachelor,30,F," R$ 8,257.29 ",2015-01-19
7595,IT,Specialist,Master,57,F," R$ 15,190.62 ",17/10/2013
7596,,Specialist,Master,43,F," R$ 18,490.01 ",2010-12-04
7597,Operations,Director,PhD,34,F," R$ 9,471.81 ",2015-12-20
7598,HR,Technician,Technical Diploma,62,M," R$ 9,692.97 ",24/05/2021
7599,Finance,Director,PhD,35,M, ,2016-08-05
7600,Operations,Analyst,Bachelor,47,M," R$ 9,885.91 ",2023-06-05
7601,Marketing,Director,PhD,46,M, ,2019-02-11
7602,Finance,Coordinator,Bachelor,43,F," R$ 20,882.93 ",2016-08-23
7603,Marketing,Specialist,Master,51,F," R$ 12,831.57 ",2015-08-04
7604, , ,PhD,34,F," R$ 15,207.57 ",12/09/2014
7605,Logistics,Specialist,Master,53,M," R$ 9,136.66 ",2014-07-16
7606,Finance,Director,PhD,58,F," R$ 22,647.13 ",28/04/2019
7607,Finance,Specialist,Master,40,F," R$ 17,493.50 ",28/11/2011
7608,Marketing,Specialist,Master,56,," R$ 11,416.00 ",2020-06-09
7609,Operations,Technician,Technical Diploma,50,M," R$ 10,229.84 ",2016-12-19
7610,Finance,Analyst,Bachelor,28,F," R$ 16,214.76 ",2017-06-16
7611,,Director,,56, ," R$ 22,308.71 ",26/09/2019
7612,IT,Specialist,Master,60,F, ,2012-11-20
7613,Logistics,Manager,Master,27,M," R$ 6,007.06 ",2020-07-03
7614,Marketing,Director,PhD,35,F," R$ 9,466.16 ",2013-05-27
7615,IT,Manager,Master,49,F," R$ 16,613.15 ",2019-01-29
7616,IT,Manager,Master,22,F," R$ 11,408.80 ",2019-06-09
7617,IT,Analyst,Bachelor,42, ," R$ 12,596.94 ",2016-04-03
7618,Logistics,Technician,Technical Diploma,48,M," R$ 7,954.47 ",2019-05-17
7619,IT,Technician,Technical Diploma,43,F," R$ 14,156.08 ",2016-12-03
7620,Logistics,Coordinator,Bachelor,32,M," R$ 5,643.76 ",2022-04-13
7621,Logistics,Director,PhD,30,M," R$ 5,989.21 ",2021-04-18
7622,Legal,Assistant,High School,31,M," R$ 13,617.56 ",07/08/2020
7623,Operations,Technician,Technical Diploma,64,M," R$ 12,106.89 ",23/02/2023
7624,Operations,Technician,Technical Diploma,60,F," R$ 11,849.64 ",09/05/2013
7625,Finance,Director,PhD,52,M," R$ 22,564.58 ",2021-03-08
7626,Legal,Technician,Technical Diploma,53,F," R$ 20,403.92 ",2010-06-03
7627,Logistics,Analyst,Bachelor,52,M," R$ 8,452.45 ",2018-08-15
7628,Marketing,Assistant,,29,M," R$ 8,440.08 ",13/07/2014
7629,Finance,Specialist,,61,M," R$ 28,202.92 ",2020-05-12
7630,HR,Assistant,High School,26,M," R$ 6,584.73 ",2017-02-18
7631,Operations,Director,PhD,52,F," R$ 10,207.22 ",2011-05-11
7632,HR,Manager,Master,28,F,,2019-05-16
7633,IT,Coordinator,,35,M," R$ 12,226.59 ",2012-07-08
7634,Legal,Coordinator,Bachelor,46,M," R$ 17,023.81 ",26/03/2016
7635,Finance,Manager,Master,42,," R$ 20,279.69 ",07/05/2012
7636, ,Assistant,High School,50,," R$ 10,793.76 ",2019-02-27
7637,IT,Assistant,High School,52,F," R$ 15,136.17 ",2015-01-24
7638,Logistics,Technician,Technical Diploma,25,F," R$ 5,052.86 ",2013-04-09
7639,HR,Coordinator,,62,F," R$ 9,398.37 ",2022-02-21
7640,Operations,Director,PhD,50,F," R$ 10,716.59 ",2013-05-30
7641,IT,Specialist,Master,22,F," R$ 9,201.64 ",2019-05-20
7642,Finance,Assistant,High School,53,M," R$ 21,565.19 ",2016-08-28
7643,HR,Coordinator,Bachelor,22,F," R$ 5,954.71 ",12/02/2017
7644,IT,Assistant,High School,25,M," R$ 9,631.45 ",2012-05-06
7645,HR,Director,PhD,41,M," R$ 8,219.64 ",2022-08-09
7646,HR,Analyst,Bachelor,61,M," R$ 9,679.29 ",31/10/2011
7647,Marketing,Assistant,High School,58,F," R$ 14,801.88 ",2019-07-15
7648,Logistics,Coordinator,Bachelor,35,M," R$ 7,127.99 ",2015-08-11
7649,HR,Specialist,Master,35,M," R$ 6,911.38 ",2017-08-04
7650,Marketing,Analyst,Bachelor,23,F," R$ 8,757.39 ",10/07/2010
7651,Legal,Technician,Technical Diploma,42,M," R$ 16,804.19 ",12/08/2023
7652,Logistics, ,Bachelor,50,M," R$ 8,250.82 ",2017-05-31
7653,Logistics,Coordinator,Bachelor,33,F," R$ 6,560.34 ",2018-03-31
7654,Finance,Assistant,High School,39,F," R$ 15,243.33 ",2012-05-06
7655,Legal,Specialist,Master,59,F," R$ 17,052.30 ",2023-10-14
7656,Logistics,Specialist,Master,62,M," R$ 8,975.35 ",2015-11-08
7657,Legal,Specialist,Master,53,F," R$ 21,098.05 ",18/07/2022
7658,Finance,Director, ,62,F," R$ 19,782.49 ",2015-03-07
7659,Logistics,Specialist,Master,43,F," R$ 6,469.76 ",2022-04-10
7660,Operations,Analyst,Bachelor,57,F," R$ 12,597.92 ",2023-12-02
7661,HR,,PhD,63,F," R$ 8,751.48 ",2021-04-11
7662,IT,Specialist, ,33,M," R$ 11,792.66 ",21/10/2012
7663,Finance,Technician,Technical Diploma,42,F," R$ 23,573.75 ",2015-07-31
7664,Legal,Manager,Master,29,F," R$ 14,656.30 ",28/02/2015
7665,Legal,Assistant,High School,49,F," R$ 17,813.84 ",2014-01-11
7666,Operations,Specialist,Master,43,M," R$ 10,050.96 ",31/12/2014
7667,IT,Analyst,Bachelor,37,F," R$ 13,405.85 ",2013-07-01
7668,Logistics,Assistant,High School,33,M," R$ 5,957.63 ",26/05/2019
7669,Finance,Analyst,Bachelor,38,M," R$ 20,763.19 ",2021-01-24
7670,HR,Assistant,High School,42,F," R$ 7,832.92 ",2021-03-01
7671,Marketing,Director,PhD,28,M," R$ 8,729.88 ",2017-05-09
7672,Legal,Technician,Technical Diploma,41,F," R$ 16,346.34 ",2022-08-03
7673,Marketing,Technician,Technical Diploma,57,F," R$ 13,351.89 ",2018-09-14
7674,Legal,Manager,Master,62,F," R$ 21,781.23 ",2022-12-09
7675,Legal,Director,PhD,34,F," R$ 16,194.85 ",14/06/2015
7676,IT,Specialist,Master,62,M,,2023-05-29
7677,IT,Coordinator,Bachelor,50,F," R$ 15,336.04 ",2018-01-01
7678,Finance,Coordinator,Bachelor,64, ," R$ 22,730.27 ",2023-11-25
7679,Legal,Assistant,High School,58, ," R$ 17,627.73 ",2023-08-08
7680,Legal,Assistant,High School,29,F,,2015-11-02
7681,Legal,Specialist,Master,41,F," R$ 16,452.14 ",2021-07-24
7682,IT,Specialist,Master,31, ," R$ 9,287.34 ",2012-03-26
7683,Logistics,Specialist,Master,36,F," R$ 5,771.15 ",2010-04-25
7684,Legal,Manager,Master,33,F,,2018-03-12
7685,,Coordinator,Bachelor,37,F," R$ 16,265.50 ",2020-03-06
7686,HR,Manager,Master,63,F," R$ 10,109.96 ",2012-06-08
7687,Logistics,Analyst,Bachelor,29,M," R$ 6,426.38 ",2017-10-14
7688,Legal,Specialist,Master,41,F," R$ 17,027.71 ",2021-04-09
7689,Logistics,Analyst,Bachelor,35,M," R$ 6,432.87 ",14/09/2022
7690,Marketing,Assistant,High School,58,M," R$ 14,787.55 ",2017-03-03
7691,HR,Assistant,High School,47,F, ,2015-08-09
7692, ,Director,PhD,59,F," R$ 11,881.14 ",2018-08-22
7693,Legal,Coordinator,Bachelor,62,F," R$ 16,515.21 ",2015-05-11
7694,Logistics,Assistant,High School,50,F," R$ 8,644.44 ",2010-04-24
7695,IT,Analyst,Bachelor,34,M," R$ 12,808.59 ",2019-05-08
7696,Logistics,Specialist,Master,55,F," R$ 8,481.94 ",2019-09-15
7697,HR,Assistant,High School,43,M," R$ 8,353.89 ",11/05/2016
7698,Legal,Technician,Technical Diploma,47,M," R$ 19,084.00 ",2010-06-03
7699,Logistics,,Bachelor,55,M," R$ 9,143.67 ",2017-04-18
7700,Operations,Analyst,Bachelor,45,F," R$ 9,441.02 ",2015-08-14
7701,IT,Director,PhD,42, ," R$ 13,566.05 ",04/02/2013
7702,HR,Specialist,Master,52,F," R$ 9,009.94 ",2011-07-03
7703,Logistics,Manager,Master,33,F," R$ 5,335.94 ",08/11/2020
7704,Marketing,Coordinator,Bachelor,63,M," R$ 14,161.35 ",2016-06-21
7705,Legal,Technician,Technical Diploma,45,M," R$ 18,388.60 ",2017-06-07
7706,HR,Coordinator,Bachelor,42, ," R$ 7,419.01 ",2018-10-28
7707,Marketing,Technician,Technical Diploma,25,F," R$ 7,269.71 ",2016-04-20
7708,Legal,Manager,Master,46,M," R$ 16,923.20 ",2014-10-26
7709,IT,Analyst,Bachelor,29,M," R$ 11,088.43 ",09/06/2021
7710,Operations,Specialist,Master,57,F," R$ 12,595.43 ",2022-08-30
7711,IT,Manager,Master,55,F," R$ 14,876.45 ",2023-06-10
7712,IT,Director,PhD,48,M," R$ 13,567.08 ",25/11/2019
7713,HR,Manager,Master,49,F," R$ 7,569.62 ",2010-01-06
7714,Operations,Director, ,50,M, ,2019-03-09
7715,Marketing,Assistant,High School,50,F," R$ 12,249.87 ",2018-02-11
7716,Marketing,Director,,31,M," R$ 10,066.58 ",2012-12-28
7717,Legal,Assistant,High School,53,F," R$ 18,903.61 ",2019-03-18
7718,Legal,Technician,Technical Diploma,29,F," R$ 14,968.89 ",24/01/2013
7719,Operations,Analyst,Bachelor,38,M," R$ 9,648.27 ",2020-11-18
7720,HR,Specialist, ,33,M," R$ 7,236.72 ",2010-06-27
7721,Legal,Specialist,Master,47,F," R$ 18,227.93 ",2010-02-01
7722, ,Coordinator,Bachelor,24,F," R$ 6,491.73 ",01/08/2010
7723,Legal,Specialist,Master,63,F," R$ 23,030.71 ",21/08/2022
7724,Logistics,Analyst,Bachelor,32,F," R$ 6,322.40 ",2023-11-26
7725,Logistics,Specialist,Master,35,F," R$ 6,510.18 ",2020-02-09
7726,HR,Manager,Master,28,M," R$ 6,274.10 ",2010-04-24
7727,Operations,Technician,Technical Diploma,47,F," R$ 9,232.90 ",2022-08-14
7728,,Analyst,Bachelor,58,M," R$ 7,842.89 ",28/08/2016
7729,HR,Director,PhD,54,M," R$ 9,407.02 ",2023-08-31
7730,IT,Technician,Technical Diploma,53,M," R$ 16,828.48 ",09/07/2010
7731,Logistics, , ,59,F," R$ 7,955.65 ",17/12/2011
7732,IT,Technician,Technical Diploma,41,M," R$ 12,200.43 ",2015-12-13
7733,Operations,Specialist,Master,31,M," R$ 8,186.71 ",2023-03-25
7734,Operations,Manager,Master,36,M," R$ 9,407.10 ",2017-01-08
7735,IT,Manager,Master,36,F," R$ 14,075.31 ",2012-04-26
7736,Marketing,Coordinator,Bachelor,27,F," R$ 9,328.75 ",2014-05-09
7737,Operations,Specialist,Master,46,F," R$ 9,952.72 ",2015-03-16
7738,Legal,Manager,Master,22,F," R$ 12,242.54 ",17/02/2023
7739,Marketing,Coordinator,Bachelor,27,M," R$ 8,075.80 ",16/01/2010
7740,HR,Manager,Master,34,F," R$ 8,998.99 ",2016-07-21
7741,Logistics,Coordinator, ,32,M," R$ 5,393.38 ",2021-08-09
7742,Legal,Assistant,,45,F," R$ 16,618.39 ",22/02/2019
7743,IT,Analyst,Bachelor,41,F," R$ 13,119.32 ",2015-04-28
7744,Logistics,Analyst,Bachelor,47,M," R$ 8,081.84 ",2020-07-21
7745,Logistics,Manager,Master,46,M," R$ 6,906.33 ",2019-02-06
7746,Legal,Director,PhD,33,F," R$ 15,455.03 ",2023-02-12
7747,Logistics,Technician,Technical Diploma,30,M," R$ 5,852.95 ",2021-04-24
7748,Finance,Director,PhD,57,F," R$ 25,772.07 ",2021-01-21
7749,Marketing,Director,PhD,30,F," R$ 8,842.14 ",2013-01-27
7750,Operations,Manager,Master,54,F," R$ 10,737.56 ",01/08/2019
7751,Finance,Director,PhD,61,," R$ 25,245.92 ",18/03/2022
7752,IT,Specialist,Master,55,F," R$ 16,009.94 ",19/10/2017
7753,Logistics,Manager,Master,45,M," R$ 6,780.30 ",2014-01-21
7754,Finance,Director,PhD,54,F," R$ 18,161.21 ",2015-08-09
7755,Marketing,Analyst,Bachelor,54,F," R$ 11,422.82 ",2023-05-14
7756,Finance,Manager,Master,50,F," R$ 18,820.49 ",2023-04-13
7757,Finance,Specialist,Master,59,F," R$ 23,582.33 ",2017-07-23
7758,Legal,Specialist,Master,34,F," R$ 14,671.23 ",2016-10-26
7759,HR,Director,PhD,39,M," R$ 7,701.15 ",2020-04-29
7760,HR,Analyst,Bachelor,56,F," R$ 9,230.53 ",17/07/2023
7761,Operations,Director,PhD,23,F," R$ 6,563.98 ",2012-09-02
7762,Legal,Coordinator,Bachelor,46,F," R$ 20,037.58 ",2015-12-26
7763,Legal,Assistant,,27,F," R$ 14,696.16 ",2017-06-20
7764,IT,Director,PhD,46,F," R$ 16,115.29 ",02/11/2013
7765,Finance,Specialist,Master,41,M," R$ 20,809.18 ",2018-06-24
7766,Finance,Analyst,Bachelor,35,M," R$ 19,859.45 ",2016-12-16
7767,Logistics,Coordinator,Bachelor,25,F," R$ 5,700.94 ",2016-08-04
7768,Marketing,Manager,Master,29,M, ,08/01/2017
7769,Legal,Director,PhD,55,M," R$ 20,063.68 ",2010-12-14
7770,IT,Manager,Master,49,F," R$ 15,969.15 ",26/09/2014
7771,Operations,Coordinator,Bachelor,23,M," R$ 7,124.92 ",2018-03-10
7772,Marketing,Assistant,High School,38,F," R$ 10,906.26 ",2016-01-26
7773,IT,Assistant,High School,25,F," R$ 9,085.14 ",2011-03-26
7774,Operations,Coordinator,Bachelor,55,M," R$ 10,838.95 ",2017-07-18
7775,Operations,Assistant,High School,48,, ,2011-06-26
7776,Legal,Specialist,Master,40,F," R$ 16,896.91 ",11/07/2012
7777,Marketing,Director,PhD,49,M," R$ 11,740.18 ",2011-10-07
7778,IT,Assistant,High School,59,M," R$ 17,341.18 ",2023-10-21
7779,Finance,Manager,Master,55,M," R$ 22,451.64 ",29/05/2020
7780,Logistics,Manager,Master,53,F," R$ 8,053.31 ",2013-10-05
7781,HR,Manager,Master,62,M," R$ 8,803.18 ",2010-05-22
7782,Legal, ,Master,52,F," R$ 19,584.76 ",2023-11-07
7783,IT,Assistant,High School,27,F," R$ 10,789.28 ",2020-02-01
7784,IT,Technician,Technical Diploma,27,F," R$ 10,583.84 ",2021-01-25
7785,,Analyst,Bachelor,49,F," R$ 11,279.98 ",04/11/2012
7786,Legal,Technician,Technical Diploma,29,F," R$ 13,924.66 ",2018-07-30
7787,Finance,Technician,Technical Diploma,22,F," R$ 17,161.53 ",2023-03-17
7788,Operations,Coordinator,Bachelor,37,M," R$ 8,307.22 ",2023-09-14
7789,IT,Director,PhD,63,M, ,2021-11-20
7790,HR,Technician,Technical Diploma,40,F," R$ 7,136.87 ",2020-08-05
7791,IT, ,Bachelor,39,M," R$ 13,199.01 ",2014-04-12
7792,HR,Specialist,Master,51,F," R$ 8,697.82 ",2021-02-08
7793,Marketing,Technician,,37,M," R$ 9,933.05 ",2012-06-10
7794,Legal,Assistant,High School,54,F," R$ 18,869.82 ",2014-02-27
7795,Finance,Manager,Master,49,F," R$ 22,930.37 ",21/05/2017
7796,Operations,Coordinator,Bachelor,37,M," R$ 8,999.55 ",16/12/2023
7797,HR,Technician,,32,M," R$ 6,553.64 ",2011-01-10
7798,Finance,Technician,Technical Diploma,27,F," R$ 16,986.63 ",2012-02-22
7799,Finance,Analyst,Bachelor,35,F," R$ 18,869.43 ",2021-02-02
7800,HR,Assistant,High School,57,F," R$ 9,087.19 ",2016-12-12
7801,Operations,Analyst,Bachelor,43,F," R$ 8,985.16 ",2013-06-09
7802,HR,Director,PhD,61,M," R$ 9,889.87 ",2020-11-20
7803,Operations,Manager,Master,44,F," R$ 10,169.38 ",2012-02-21
7804,Legal,Assistant,High School,52,F," R$ 20,166.60 ",02/09/2010
7805,HR,Analyst,Bachelor,49,F," R$ 7,979.95 ",2015-05-14
7806,Legal,Analyst,Bachelor,40,F," R$ 15,893.55 ",04/02/2023
7807,IT,Specialist,Master,43,F," R$ 13,503.69 ",2021-09-24
7808,Operations,Manager,Master,22,F," R$ 7,632.78 ",18/01/2016
7809,Legal,Specialist,Master,24,M," R$ 13,942.53 ",2020-09-05
7810,Finance,Manager,Master,29,F," R$ 16,608.48 ",25/02/2013
7811,Logistics,Coordinator,Bachelor,34,F," R$ 5,567.13 ",2018-02-17
7812,Marketing,Coordinator,Bachelor,22,M," R$ 8,617.72 ",2019-06-08
7813,IT,Technician,Technical Diploma,50,M," R$ 13,475.47 ",2022-02-15
7814,Operations,Director,PhD,34,M," R$ 9,347.68 ",2013-09-24
7815,Marketing,Assistant,,63,F," R$ 12,669.03 ",2016-09-03
7816,Operations,Manager,Master,50,M," R$ 11,104.66 ",2021-09-03
7817,IT,Manager,Master,51,M," R$ 16,847.35 ",2020-02-20
7818,Operations,Analyst,Bachelor,37, ," R$ 9,344.33 ",2012-12-23
7819,Finance,Manager,Master,62,F," R$ 27,386.80 ",03/07/2016
7820,IT,Technician,Technical Diploma,55,F," R$ 17,043.13 ",2010-11-06
7821,Operations,Specialist,Master,61,F," R$ 10,974.59 ",11/03/2021
7822,Legal,Coordinator,Bachelor,24,F," R$ 15,771.29 ",2011-01-15
7823,Logistics,Assistant,High School,50,M," R$ 7,346.11 ",2019-12-29
7824,Logistics,Coordinator,Bachelor,51,F," R$ 7,201.35 ",2016-07-11
7825,HR, ,High School,55,F," R$ 8,847.98 ",2019-02-17
7826,HR,Assistant,High School,25,M," R$ 6,154.24 ",2020-10-23
7827,Marketing,Analyst,Bachelor,29,F," R$ 8,728.43 ",23/05/2010
7828,Logistics,Analyst,Bachelor,39,F," R$ 6,647.91 ",2020-10-01
7829,Legal,Technician,Technical Diploma,43,F," R$ 18,400.89 ",2018-02-19
7830,Marketing,Director,PhD,31, ," R$ 9,764.29 ",2021-02-22
7831,IT,Assistant,High School,35,F," R$ 11,751.87 ",16/04/2014
7832,IT, ,High School,52,M," R$ 15,801.09 ",2013-03-16
7833, ,Director,PhD,56,F, ,2018-01-11
7834,Operations,Manager,Master,23,M," R$ 7,701.60 ",2010-11-15
7835,IT,Specialist,Master,23,M," R$ 11,035.64 ",2023-04-30
7836,Marketing,Director,PhD,56,," R$ 11,151.08 ",2015-12-26
7837,Marketing,Specialist,Master,55,F," R$ 11,448.02 ",2018-09-26
7838,Finance,Specialist,Master,50,M," R$ 18,247.58 ",2019-08-10
7839,Logistics,Director,PhD,27,M," R$ 5,692.91 ",2020-12-19
7840,IT,Analyst,Bachelor,25,M," R$ 9,875.84 ",2017-09-27
7841,Logistics, ,Master,22,M,,2014-03-11
7842,Finance,Analyst,Bachelor,56,F," R$ 22,515.73 ",03/10/2014
7843,Operations,, ,47,M," R$ 9,814.47 ",2010-03-11
7844,Legal, ,Master,50,M," R$ 19,137.48 ",2023-04-16
7845,HR,Assistant,High School,32,M," R$ 6,879.37 ",2016-09-04
7846,Logistics,Specialist,Master,25,M," R$ 5,129.72 ",2023-02-13
7847,IT,Technician,Technical Diploma,43,F," R$ 14,241.80 ",2022-12-30
7848,Legal,Manager,Master,54,F," R$ 21,115.35 ",2014-11-28
7849,Finance,Manager,Master,55,F," R$ 20,626.00 ",29/04/2012
7850,Operations,Coordinator,Bachelor,52,F," R$ 9,896.53 ",2012-11-29
7851,Marketing,Analyst,Bachelor,31,M," R$ 8,848.72 ",2022-12-23
7852,Marketing,Manager,Master,56,F," R$ 11,648.81 ",2018-11-22
7853,Operations,Specialist,,49,M," R$ 8,705.04 ",2020-02-17
7854,Operations,Analyst,Bachelor,44,M," R$ 9,363.07 ",2021-05-28
7855,Operations,Assistant,High School,33,M," R$ 8,010.27 ",2016-01-04
7856,Legal,Coordinator,Bachelor,50,F,,2012-07-12
7857,IT,Technician,Technical Diploma,23,M," R$ 9,475.26 ",2013-02-08
7858,IT,Technician,Technical Diploma,34,M," R$ 11,967.49 ",2023-07-17
7859,Operations,Coordinator,Bachelor,57,F," R$ 12,986.87 ",28/04/2010
7860,Finance,Manager,Master,47,M," R$ 21,429.65 ",2023-03-24
7861,Operations,Coordinator,Bachelor,38,F, ,2014-02-12
7862,Finance,Coordinator,Bachelor,64,F," R$ 24,986.85 ",2016-11-21
7863,Legal,Analyst,Bachelor,54,M," R$ 21,112.02 ",2016-09-07
7864,Finance,Specialist,Master,43,F," R$ 16,863.79 ",2014-10-20
7865,Legal,Assistant,High School,23,F," R$ 14,632.39 ",2014-06-04
7866,IT,Analyst,Bachelor,31,F," R$ 11,625.02 ",2022-01-29
7867,HR,Technician,Technical Diploma,60,M," R$ 9,413.29 ",26/05/2016
7868,HR,Assistant,High School,47,," R$ 9,492.57 ",2023-03-02
7869,HR,Technician, ,51,M," R$ 8,310.60 ",2016-03-04
7870,Legal,,PhD,43,M," R$ 18,700.99 ",2021-05-11
7871,HR,Coordinator,Bachelor,32,M," R$ 6,463.08 ",2016-08-28
7872,Legal,Analyst,Bachelor,43,F," R$ 19,233.66 ",09/10/2019
7873,Legal,Assistant,High School,45,," R$ 19,955.31 ",2019-06-05
7874,Legal,Director,PhD,50,F," R$ 20,288.13 ",21/01/2021
7875,Logistics,Manager,Master,31,M," R$ 6,216.63 ",2010-11-16
7876,Legal,Assistant,High School,55,M," R$ 17,208.25 ",2020-08-09
7877,Finance,Manager,Master,46,F," R$ 24,509.81 ",2023-01-02
7878,Legal,Assistant,High School,42,M," R$ 18,292.57 ",2012-08-23
7879,Finance,Specialist,Master,60,F," R$ 24,306.84 ",2011-01-15
7880,Finance,Specialist,Master,34,F," R$ 17,560.60 ",2018-02-02
7881,Logistics,Assistant,High School,23,M," R$ 4,991.03 ",2011-02-22
7882,Finance,Assistant,High School,27,F," R$ 15,980.05 ",2014-12-31
7883,Operations,Director,,22,M," R$ 7,516.45 ",2021-04-12
7884,Logistics,Assistant,High School,49,F," R$ 7,925.44 ",2013-06-20
7885,Finance,Assistant,High School,43,F," R$ 19,656.35 ",2021-05-28
7886,Marketing,Coordinator,Bachelor,32,M," R$ 9,201.85 ",2017-03-07
7887,Operations,Technician,Technical Diploma,60,M," R$ 13,032.29 ",2012-12-28
7888,,Specialist,Master,26,M," R$ 10,889.06 ",19/12/2016
7889,HR,Technician,Technical Diploma,39,F," R$ 8,208.93 ",2019-05-05
7890,Marketing,Technician,Technical Diploma,41,M," R$ 11,530.34 ",19/04/2014
7891,Finance,Analyst, ,33,F," R$ 15,124.36 ",2011-08-24
7892,HR,Director,PhD,42,F," R$ 7,780.59 ",2020-06-07
7893,Finance,Analyst,Bachelor,48,F," R$ 19,488.17 ",2012-09-17
7894,HR,Technician,Technical Diploma,62,M," R$ 10,347.81 ",2012-11-11
7895,Logistics,Technician,Technical Diploma,55,F," R$ 8,467.05 ",24/07/2015
7896,Legal,Coordinator,Bachelor,39,M," R$ 15,075.92 ",2012-09-09
7897,Logistics,Analyst,,55,M," R$ 8,742.92 ",2015-03-12
7898,Legal, ,PhD,23,F," R$ 13,536.77 ",2011-07-30
7899,Operations,Analyst,Bachelor,35,M," R$ 8,139.24 ",19/03/2022
7900,Logistics,Specialist,Master,60,M," R$ 8,294.20 ",2010-11-07
7901,Marketing,Director,PhD,22,F," R$ 8,642.35 ",2012-05-09
7902,HR,Manager,Master,49,F," R$ 8,217.39 ",21/08/2023
7903,IT,Analyst,Bachelor,62,F," R$ 16,102.63 ",15/09/2016
7904,Legal,Assistant,High School,48,F," R$ 19,931.24 ",2021-09-15
7905,IT,,Master,51,F," R$ 15,782.27 ",2020-08-17
7906,IT,Specialist,Master,43,F," R$ 13,579.86 ",2017-12-15
7907,HR,Specialist,Master,33,M," R$ 7,111.95 ",2014-07-25
7908,Legal,Manager,Master,22,M," R$ 12,526.01 ",2019-12-15
7909,Legal,Manager,Master,54,F," R$ 19,372.61 ",15/04/2020
7910,Marketing,Specialist,Master,62,M," R$ 13,587.27 ",2014-07-09
7911,Marketing,Assistant,High School,22,F," R$ 8,393.26 ",2015-12-25
7912,Finance,Manager, ,26,M," R$ 14,916.84 ",2016-05-07
7913,Operations,Specialist, ,26,M," R$ 6,784.42 ",2013-12-05
7914,Operations,Coordinator,Bachelor,28,M," R$ 7,762.53 ",2023-07-20
7915,HR,Specialist,Master,41,F," R$ 7,990.15 ",2013-12-09
7916,IT,Manager,Master,47,M," R$ 14,834.55 ",04/02/2016
7917, ,Manager,Master,27,F," R$ 16,043.94 ",2016-05-19
7918,Logistics,Analyst,Bachelor,47,F," R$ 8,735.91 ",2018-10-20
7919,Finance,Director,PhD,24,F," R$ 17,007.35 ",2022-07-03
7920,Legal,Analyst,Bachelor,60,F," R$ 20,662.08 ",2021-10-20
7921,Legal,Assistant,High School,35,F," R$ 15,293.00 ",2014-11-17
7922,Operations,Coordinator,Bachelor,35,M," R$ 7,823.18 ",2022-02-03
7923,Operations,Specialist,Master,41,F," R$ 9,558.11 ",2014-05-03
7924,IT,Assistant,High School,30,F," R$ 10,709.06 ",24/10/2012
7925,Operations, ,Bachelor,27,M," R$ 7,454.53 ",2011-08-26
7926,HR,Analyst,Bachelor,23,M," R$ 5,932.66 ",2011-07-28
7927,HR,Director,PhD,59,M," R$ 8,858.84 ",13/09/2017
7928,IT,Technician,Technical Diploma,62,F," R$ 16,271.91 ",2020-10-19
7929,IT,Coordinator,Bachelor,64,M," R$ 18,664.17 ",2015-05-28
7930, ,Specialist,Master,54,F," R$ 7,991.33 ",2023-12-07
7931,Legal,Specialist,Master,26,M," R$ 15,437.81 ",18/09/2013
7932,Finance,Director,PhD,34,F," R$ 15,267.10 ",2010-05-28
7933,HR,Assistant,High School,36,F," R$ 8,083.35 ",2019-02-02
7934,Legal,Manager,Master,55,F, ,2022-01-29
7935,HR,Technician,Technical Diploma,30,M," R$ 5,869.22 ",2013-05-01
7936, ,Analyst,Bachelor,47,F," R$ 13,761.60 ",22/04/2016
7937,Legal,, ,51,F," R$ 18,051.16 ",21/10/2012
7938,Marketing,Specialist,Master,43,F,,2023-05-15
7939,IT,Manager,Master,46,F," R$ 14,374.44 ",2013-02-10
7940,Operations,Analyst,Bachelor,61,M," R$ 11,886.83 ",24/04/2019
7941,Logistics,Specialist,Master,25,F," R$ 4,815.27 ",2023-02-27
7942,HR,Specialist,Master,49,M," R$ 7,891.05 ",2015-04-30
7943,HR,Technician,Technical Diploma,58,M," R$ 10,045.97 ",2015-09-25
7944,IT,Assistant,High School,31,F," R$ 29,716.23 ",2016-03-06
7945,Logistics,Analyst, ,30,M," R$ 5,934.48 ",31/05/2019
7946,Operations,Specialist,Master,57,M," R$ 9,706.58 ",2022-07-11
7947,Marketing,Analyst,Bachelor,22,M," R$ 8,027.51 ",19/06/2019
7948,IT,Assistant,High School,51,F," R$ 16,438.98 ",2011-11-07
7949,Operations,Specialist,Master,32,M," R$ 8,580.39 ",11/06/2022
7950,Finance,Assistant,High School,46,F," R$ 22,432.89 ",2010-02-20
7951,Logistics,Specialist,Master,32,F," R$ 5,989.43 ",03/10/2011
7952,Logistics,Assistant,High School,62,M," R$ 8,619.89 ",2018-02-24
7953,Marketing,Assistant,High School,26,M," R$ 9,562.58 ",2019-05-25
7954,Finance,,,48,F," R$ 20,594.18 ",2017-01-13
7955,Finance,Coordinator,Bachelor,44,M," R$ 21,845.77 ",2013-01-17
7956,HR,Specialist,Master,40,M," R$ 8,019.01 ",2022-01-03
7957,IT,Analyst,Bachelor,24,M," R$ 10,006.98 ",2012-06-03
7958,Marketing,Coordinator,Bachelor,29,F," R$ 10,983.44 ",15/06/2016
7959,IT,Specialist,Master,57,F," R$ 17,716.97 ",2015-08-15
7960,Marketing,Specialist,Master,36,M," R$ 10,024.59 ",2022-06-19
7961,HR,Assistant,High School,34,F," R$ 7,509.96 ",30/01/2022
7962,Legal, ,Master,51,F," R$ 16,214.47 ",2023-06-14
7963,HR,Specialist,Master,62,F," R$ 9,953.00 ",2021-03-15
7964, ,Manager,Master,31,M," R$ 9,730.61 ",2020-06-01
7965,Logistics,Technician,Technical Diploma,55,M," R$ 7,871.92 ",2010-06-29
7966,Operations,Technician,Technical Diploma,51,," R$ 9,591.07 ",2015-05-01
7967,Marketing,Technician, ,46,F," R$ 9,965.76 ",2013-12-25
7968,Logistics,Assistant,High School,27,M," R$ 6,400.46 ",2013-04-06
7969,,Coordinator,Bachelor,58,M," R$ 21,730.32 ",2010-02-22
7970,Legal,Coordinator,Bachelor,38,F," R$ 14,422.24 ",10/11/2017
7971,IT,Specialist,Master,57,M," R$ 18,140.75 ",2014-05-24
7972,IT,Director,PhD,61,M," R$ 18,173.52 ",2021-10-19
7973,Legal,Technician,Technical Diploma,53,F," R$ 18,802.80 ",2012-09-27
7974,HR,Coordinator, ,43,M," R$ 6,766.29 ",2012-06-11
7975,Logistics,Director,PhD,54,M," R$ 7,738.59 ",22/10/2012
7976,IT,,Bachelor,43,M," R$ 14,132.86 ",2013-08-27
7977,IT,Analyst,Bachelor,57,F," R$ 19,393.26 ",2012-01-12
7978,,Assistant,High School,39,F," R$ 18,990.85 ",2023-06-16
7979,HR,Director,PhD,49,M," R$ 7,891.16 ",2017-12-17
7980,Marketing,Director,PhD,34,M," R$ 9,505.36 ",2016-11-13
7981,Marketing,Manager,,39,M," R$ 10,467.63 ",2020-03-15
7982,Marketing,Technician,Technical Diploma,44,F," R$ 10,940.41 ",2015-01-19
7983,Marketing,Manager,Master,56,M," R$ 13,062.57 ",2014-11-13
7984,Logistics,Assistant,High School,39,M," R$ 6,892.88 ",03/10/2020
7985,Operations,Coordinator,Bachelor,31,F," R$ 7,962.51 ",17/08/2012
7986,Operations,Analyst,Bachelor,23,F," R$ 8,425.28 ",2022-12-20
7987,Operations,Assistant,High School,35,M," R$ 8,804.94 ",2021-09-23
7988,IT,,Bachelor,53,M," R$ 16,292.24 ",2014-07-25
7989,HR,Specialist,Master,51,M," R$ 8,581.74 ",2021-11-15
7990,IT,Director,PhD,40,F," R$ 12,769.98 ",2016-03-26
7991, ,Specialist,Master,26,F," R$ 8,850.35 ",2019-02-14
7992,Finance,Specialist,Master,53,F," R$ 20,984.47 ",2019-09-25
7993,Marketing,Assistant,High School,31,M," R$ 8,979.11 ",2012-08-29
7994,IT,Manager,Master,26,M," R$ 11,195.81 ",2012-09-12
7995,HR,Coordinator,Bachelor,35,M," R$ 7,996.61 ",2012-04-02
7996,Logistics,Analyst,Bachelor,60,F," R$ 7,771.00 ",2013-11-12
7997,IT,Assistant,High School,63,," R$ 17,191.19 ",2014-09-14
7998,IT,Specialist,Master,64,F," R$ 17,020.42 ",2015-02-07
7999,Finance,Assistant,High School,40,M," R$ 18,911.46 ",2021-01-15
8000,Finance,Assistant, ,32,F," R$ 17,105.01 ",2021-12-21
8001,Operations, ,Bachelor,56,M," R$ 9,885.08 ",2010-12-03
8002,Legal, ,Bachelor,60,F," R$ 20,817.49 ",05/09/2010
8003,Finance,Assistant,High School,59,M,,2019-08-07
8004, ,Assistant,High School,43,M," R$ 9,397.68 ",04/02/2018
8005,IT,Specialist,Master,51,F," R$ 14,467.09 ",2019-01-27
8006,Legal,Assistant,High School,51,F," R$ 20,743.50 ",2021-12-11
8007,Operations,Coordinator,Bachelor,32,F," R$ 8,628.32 ",2019-08-27
8008,Finance,Specialist,,43,F," R$ 18,324.07 ",2011-05-20
8009,Marketing,Coordinator,Bachelor,31,F," R$ 10,042.71 ",2010-10-17
8010,Finance,Analyst,Bachelor,64, ," R$ 23,893.88 ",08/08/2023
8011,Marketing,Assistant,High School,40,M, ,2023-06-03
8012,IT,Assistant,High School,36,M," R$ 13,695.66 ",2014-08-09
8013,HR,Director,PhD,56,F," R$ 8,485.02 ",2014-03-01
8014,Operations,Director,PhD,56,F," R$ 11,673.64 ",2016-03-20
8015,IT,Analyst,Bachelor,22,M," R$ 11,427.21 ",2018-02-01
8016, ,Specialist,Master,39,F," R$ 8,465.23 ",2012-11-12
8017,Legal,Technician,Technical Diploma,47,M," R$ 20,353.34 ",2018-11-22
8018,Finance,Director,PhD,39,M," R$ 19,497.22 ",2018-01-15
8019,Logistics,,PhD,62,F," R$ 8,209.55 ",2017-12-31
8020,Operations,Assistant,High School,39,M," R$ 9,102.11 ",2019-12-06
8021,HR,Specialist,Master,64,F," R$ 9,446.26 ",2014-07-29
8022,Operations,Coordinator,Bachelor,39,F," R$ 8,063.99 ",2023-01-05
8023,Legal,Analyst,Bachelor,53,F," R$ 19,637.97 ",2016-01-17
8024,Operations,Technician,Technical Diploma,59,F," R$ 10,908.61 ",2022-01-14
8025,Finance,Manager,Master,48,M,,19/07/2017
8026,Logistics,Coordinator,Bachelor,50,F," R$ 7,789.87 ",2014-09-27
8027,Finance,Analyst,Bachelor,62, ,,2019-08-13
8028, ,Specialist,Master,41,F," R$ 7,663.42 ",2023-06-08
8029,Logistics,Analyst,Bachelor,56,F," R$ 7,843.17 ",2010-11-23
8030,Finance,Analyst,Bachelor,44,F," R$ 18,845.47 ",2014-03-18
8031,Marketing,,Master,33,M," R$ 8,698.83 ",2021-02-05
8032,Finance,Analyst,Bachelor,56,F," R$ 21,525.27 ",2018-10-06
8033,IT,Manager,Master,57,M," R$ 17,716.76 ",2023-05-12
8034,Logistics,Specialist,Master,63,F," R$ 9,431.71 ",2020-03-30
8035,Marketing,Technician,Technical Diploma,49,F," R$ 13,094.45 ",2016-08-19
8036,Marketing,Specialist,Master,58,M," R$ 12,563.40 ",15/04/2013
8037,Logistics,Technician,Technical Diploma,41,M," R$ 7,716.08 ",2021-11-16
8038,IT,,High School,56, ," R$ 16,272.65 ",12/10/2016
8039,Logistics,Specialist,Master,28,M," R$ 5,027.95 ",27/04/2018
8040,Marketing,Analyst,Bachelor,55,F," R$ 13,694.07 ",24/06/2021
8041,Logistics,Director,PhD,27,M," R$ 5,498.41 ",2013-02-17
8042,Operations,Director, ,40,M," R$ 9,179.59 ",2020-04-20
8043,Legal,Manager,Master,63,," R$ 20,376.85 ",2023-01-22
8044,Logistics,Coordinator,Bachelor,29,M," R$ 5,680.94 ",2018-05-28
8045,IT,Coordinator,Bachelor,51,M," R$ 15,589.68 ",2014-04-25
8046,Finance,Manager,Master,23,M,,2020-09-09
8047,Marketing,Manager,Master,37,M," R$ 9,857.80 ",2012-04-18
8048, ,Analyst,Bachelor,45,M," R$ 20,685.55 ",2022-01-07
8049,Logistics,Analyst,Bachelor,46,M," R$ 7,251.14 ",2019-10-24
8050,Operations,Specialist,Master,34,M," R$ 8,636.26 ",2020-05-31
8051,Finance,Technician,Technical Diploma,30,M," R$ 17,049.08 ",2022-04-20
8052,Operations,Analyst,Bachelor,51,F," R$ 10,619.41 ",14/04/2018
8053,Marketing,Coordinator,Bachelor,30,," R$ 9,184.79 ",24/12/2021
8054,Finance,Specialist,Master,61,M," R$ 25,542.41 ",2018-03-29
8055,Marketing,Assistant,High School,28,F," R$ 9,740.05 ",2015-03-02
8056,Marketing,Director,PhD,37,F," R$ 9,914.79 ",2016-04-15
8057,Marketing,Technician,Technical Diploma,59,F, ,2016-03-17
8058,Operations,Director,PhD,53,M," R$ 11,006.94 ",26/08/2014
8059,Finance,Coordinator,Bachelor,50,M," R$ 23,719.63 ",2021-10-09
8060,Legal,Specialist,Master,64,M," R$ 21,516.27 ",2013-10-18
8061,Finance,Specialist,Master,61,F," R$ 24,585.50 ",19/03/2019
8062,Legal,,Master,36,M," R$ 14,948.31 ",24/09/2011
8063, ,Manager,Master,32,M," R$ 9,509.24 ",2011-10-18
8064,Marketing,Assistant,High School,30,F," R$ 9,707.75 ",2018-04-07
8065,,Assistant,High School,37,M," R$ 16,509.78 ",2020-05-15
8066,HR,Coordinator,Bachelor,46,M," R$ 8,243.50 ",2016-04-22
8067,Finance,Manager,Master,53,F," R$ 24,061.68 ",2015-07-12
8068,HR,Director,PhD,31, ," R$ 6,473.59 ",2012-05-04
8069,Operations,Manager,Master,31,M," R$ 8,007.32 ",2016-11-12
8070,Marketing,Manager,Master,51,," R$ 11,792.45 ",2013-09-07
8071,Logistics,Specialist,Master,41,M, ,2022-01-29
8072,Finance,Director,PhD,62,," R$ 23,284.86 ",2014-10-06
8073,Logistics,Coordinator,Bachelor,55,M," R$ 7,399.47 ",2012-07-31
8074, ,Manager,Master,22,F,,2019-04-02
8075,Marketing, ,Master,53,M," R$ 12,628.66 ",2016-03-20
8076,Marketing,Manager,Master,61,F," R$ 12,411.48 ",20/02/2019
8077,Operations,Technician,Technical Diploma,52,," R$ 10,453.12 ",2015-01-26
8078,Legal,Technician,Technical Diploma,32,M," R$ 15,772.09 ",2018-07-27
8079,Logistics,Assistant,High School,62,M," R$ 9,598.31 ",2021-01-20
8080,Operations,Assistant,High School,40,F," R$ 7,580.13 ",2023-12-19
8081,Marketing, ,Master,28,M," R$ 9,317.15 ",2015-11-07
8082,Finance,Coordinator,Bachelor,50,M," R$ 19,470.37 ",2018-11-12
8083,Logistics,Assistant,High School,63,M," R$ 9,542.83 ",2017-08-07
8084,Finance,Manager,Master,59,M," R$ 23,010.67 ",2010-02-02
8085,HR,Director,PhD,57,F," R$ 8,392.09 ",2023-05-01
8086,HR,Technician,Technical Diploma,54,M," R$ 9,535.76 ",2012-02-29
8087,Finance,Assistant,High School,57,F," R$ 21,012.43 ",2011-02-13
8088,Operations,Coordinator,Bachelor,47,F," R$ 10,832.21 ",02/04/2018
8089,Legal,Manager,Master,50,F," R$ 19,650.14 ",2018-07-15
8090,HR,Director,PhD,50,F," R$ 9,300.06 ",2020-11-07
8091,Finance,Specialist,Master,56,M," R$ 26,729.07 ",2011-10-13
8092,Operations,Assistant,High School,24,M," R$ 7,118.57 ",2022-09-06
8093,IT,Coordinator,Bachelor,26,F," R$ 11,053.28 ",2020-09-08
8094,Logistics,Manager,Master,54,F," R$ 8,051.22 ",20/06/2011
8095,Logistics,Coordinator,Bachelor,32,F," R$ 6,335.37 ",18/05/2013
8096,Finance,Technician,Technical Diploma,27,F," R$ 17,466.92 ",2019-10-08
8097,Marketing,Technician,Technical Diploma,23,F," R$ 8,010.29 ",2020-05-19
8098,Operations,Manager,Master,34,F," R$ 8,041.36 ",2020-08-18
8099,Marketing,Technician,Technical Diploma,22,M," R$ 8,309.95 ",2013-01-20
8100,HR,Analyst,Bachelor,48,M," R$ 7,953.77 ",2020-07-26
8101,Finance,Analyst,Bachelor,61,M," R$ 24,435.26 ",2012-02-27
8102,Logistics,Specialist,Master,63,M," R$ 8,679.77 ",2010-07-16
8103,IT,Specialist,Master,36,F," R$ 13,501.43 ",2013-07-31
8104,Marketing,Assistant,High School,56,M," R$ 13,954.56 ",2020-10-26
8105,Finance,Assistant,High School,51,F, ,2017-12-06
8106,Marketing, ,Master,27, ," R$ 7,657.30 ",2014-11-20
8107,Operations,Manager,Master,55,M," R$ 11,729.73 ",2023-02-20
8108,Marketing, ,Master,42,F," R$ 10,423.77 ",2022-03-08
8109,,Director,PhD,53,F," R$ 11,326.69 ",2014-04-10
8110,Finance,Specialist,Master,41,F," R$ 19,477.12 ",2015-07-05
8111,HR,Manager,Master,56,F," R$ 8,415.53 ",2014-01-04
8112,Logistics,Assistant,High School,30,F," R$ 5,759.80 ",2016-09-11
8113,,Technician,Technical Diploma,58,M," R$ 20,932.36 ",2022-02-08
8114,Operations,Manager,Master,27,F, ,2011-01-29
8115,HR,Coordinator,Bachelor,31,," R$ 7,307.48 ",2012-04-12
8116,Logistics,Coordinator,Bachelor,30,M," R$ 6,363.43 ",2013-05-28
8117,Logistics,Coordinator,Bachelor,54,F," R$ 7,530.36 ",2011-09-27
8118,Finance,Assistant,High School,37,F," R$ 19,518.58 ",19/05/2016
8119,Legal,Analyst,Bachelor,53,M," R$ 19,604.90 ",2020-03-24
8120,Marketing,,PhD,59,F," R$ 13,473.26 ",01/03/2019
8121,Marketing,Assistant,High School,41,F, ,2022-01-21
8122,Logistics,Specialist,Master,41,F," R$ 6,810.79 ",2022-03-25
8123,HR,Assistant,High School,24,F," R$ 5,830.94 ",2012-12-22
8124,Legal,Coordinator,Bachelor,35,F," R$ 16,594.25 ",2011-10-31
8125,Legal,Specialist,Master,42, ," R$ 18,255.75 ",04/11/2015
8126,Marketing,Director,PhD,29,M," R$ 10,167.24 ",2016-10-05
8127,IT,Analyst,Bachelor,45,F," R$ 14,387.23 ",2020-07-22
8128,Operations,Analyst,Bachelor,42,F," R$ 9,334.21 ",2012-07-12
8129,Legal,Technician,Technical Diploma,63, ," R$ 21,799.80 ",2010-04-18
8130, ,Analyst,Bachelor,53,M," R$ 9,462.55 ",29/02/2012
8131,Logistics,Coordinator,Bachelor,38,M," R$ 6,776.53 ",2020-06-03
8132, ,Coordinator, ,61,M," R$ 9,546.08 ",2016-12-05
8133,IT,Coordinator,Bachelor,25,F," R$ 9,428.42 ",2021-09-22
8134,Operations,Director,PhD,63,M," R$ 13,647.39 ",2018-07-05
8135,Finance,Manager,Master,44,M," R$ 18,344.54 ",2020-07-25
8136,HR,Director,PhD,57,F," R$ 8,036.69 ",2015-07-05
8137,Legal,Assistant,High School,43,F," R$ 20,038.34 ",2018-11-08
8138,Finance,Assistant,High School,46,F," R$ 21,987.80 ",2016-05-20
8139,HR,Analyst,Bachelor,25,F," R$ 6,552.80 ",11/07/2021
8140,Marketing,Director,PhD,31,M, ,2016-05-20
8141,IT,Manager,Master,45,M," R$ 15,388.12 ",2023-09-22
8142,Logistics,Technician,Technical Diploma,56, ,,01/08/2018
8143,Marketing,Director,PhD,35,F," R$ 9,973.98 ",2020-05-25
8144,Finance,Analyst,Bachelor,41,M," R$ 19,205.18 ",2018-03-27
8145,HR, ,Master,35,M," R$ 7,406.27 ",2019-07-08
8146,Logistics,Coordinator,Bachelor,60,F," R$ 8,826.82 ",2018-04-06
8147,Logistics,Coordinator,Bachelor,30,F," R$ 6,227.44 ",14/02/2010
8148,Legal,Analyst,Bachelor,55,M," R$ 20,598.56 ",2023-03-02
8149,Legal,Coordinator,Bachelor,41,M," R$ 18,006.06 ",2014-04-02
8150,IT,Assistant,High School,24,F," R$ 10,664.67 ",2023-01-06
8151,HR,Technician,Technical Diploma,33,F," R$ 7,428.19 ",2017-03-06
8152,Legal,Analyst,Bachelor,60,F," R$ 20,612.37 ",2023-02-09
8153,Operations,Analyst,Bachelor,33,F," R$ 8,819.32 ",2015-02-08
8154,IT,Analyst,Bachelor,63,M," R$ 16,542.91 ",2010-07-24
8155,IT,Director,PhD,43,M," R$ 16,301.92 ",2015-01-23
8156,Finance,Analyst,Bachelor,56,F," R$ 25,434.79 ",2014-02-03
8157,IT,Specialist,,61,M," R$ 16,617.18 ",2021-10-09
8158,HR,Analyst,Bachelor,52,," R$ 8,521.30 ",2015-05-10
8159,IT,Director,PhD,28,M," R$ 11,290.04 ",2011-12-04
8160,Logistics,,Bachelor,30,M," R$ 5,028.38 ",2017-05-14
8161,Logistics, ,Master,58,F," R$ 8,073.31 ",2021-03-17
8162,Logistics,Manager,Master,43,F," R$ 6,404.44 ",2018-10-09
8163,IT,Director,PhD,30,F," R$ 12,375.29 ",2017-12-29
8164,Operations,Analyst,Bachelor,37,F, ,17/07/2013
8165,HR,Assistant,High School,42,M," R$ 16,388.48 ",2022-04-30
8166,IT,Specialist,Master,30,M," R$ 10,706.23 ",2014-01-29
8167,Operations, ,Bachelor,33,M," R$ 9,306.52 ",20/12/2020
8168,Logistics,Assistant,High School,48,F," R$ 7,671.05 ",2010-11-13
8169,Legal,Analyst,Bachelor,30,M," R$ 14,467.21 ",10/07/2020
8170,Legal,Specialist,Master,48,F," R$ 18,386.03 ",2021-05-16
8171,Finance,Director,PhD,49,M," R$ 19,310.16 ",2013-12-02
8172,Finance,Specialist,Master,56,F," R$ 22,679.74 ",2011-10-13
8173,Legal,Assistant,High School,64,F," R$ 20,627.78 ",17/06/2012
8174,Logistics, ,PhD,59,M," R$ 8,708.80 ",01/01/2022
8175,Marketing,Assistant,,53,," R$ 13,199.46 ",03/01/2014
8176,Logistics, ,PhD,62,F, ,2020-05-01
8177,IT,Manager,Master,24,M," R$ 9,901.15 ",2016-10-25
8178,Marketing,Manager,Master,30,F," R$ 10,786.63 ",2021-03-31
8179,Marketing,Analyst,Bachelor,24,F," R$ 7,474.21 ",2015-04-03
8180,,Assistant,High School,57,M," R$ 16,638.09 ",2018-03-26
8181,Finance,Manager,Master,34,F," R$ 18,214.18 ",2021-09-27
8182,Legal,Specialist,Master,55,F," R$ 20,076.07 ",2023-12-11
8183,HR,Assistant,High School,51,F," R$ 7,667.58 ",2021-12-22
8184,Logistics,Analyst,Bachelor,37,F," R$ 7,082.06 ",02/02/2023
8185,Finance,Analyst,Bachelor,54,M," R$ 22,013.59 ",2013-12-28
8186,Operations,Manager, ,56,M,,2022-04-13
8187,Marketing,Analyst,Bachelor,37,F," R$ 9,640.05 ",2014-01-20
8188,Finance,Analyst,Bachelor,59,M," R$ 25,362.30 ",2017-02-14
8189,Operations,Director,PhD,61,F," R$ 12,394.80 ",29/04/2010
8190,Logistics,Specialist,Master,26,M," R$ 5,159.23 ",2012-02-13
8191,Marketing,Coordinator,Bachelor,29,F," R$ 8,860.09 ",24/04/2015
8192,Legal,Technician,Technical Diploma,54,M," R$ 19,374.39 ",09/11/2020
8193,HR,Manager,Master,51,F," R$ 9,009.13 ",2015-04-28
8194,Finance,Manager,Master,23,F," R$ 13,944.76 ",2023-04-28
8195,Legal,Analyst,Bachelor,59,F," R$ 20,970.53 ",2022-02-07
8196,HR,Technician,Technical Diploma,59,M," R$ 9,089.86 ",2017-10-06
8197,IT,Director,PhD,41,M," R$ 14,494.29 ",2013-12-18
8198,Legal,,High School,30,M," R$ 14,292.57 ",30/10/2017
8199,Operations,Coordinator,Bachelor,22,M," R$ 7,555.59 ",2021-02-01
8200,Finance,Analyst,Bachelor,23,M," R$ 16,461.89 ",25/02/2023
8201,Finance,Technician,Technical Diploma,40,F," R$ 20,487.71 ",2016-12-14
8202,Finance,Specialist,Master,37,F," R$ 18,931.62 ",2022-05-02
8203,Logistics,Director,PhD,62,F," R$ 8,463.34 ",06/11/2015
8204,Logistics,Specialist,Master,26,F," R$ 5,817.93 ",2011-05-23
8205,Operations,Coordinator,Bachelor,53,F," R$ 10,653.06 ",2012-12-10
8206,Operations,,,41,F," R$ 8,134.27 ",2020-01-10
8207,IT,Director,PhD,64,M,,2010-11-17
8208,Legal,Director,PhD,35,F," R$ 16,745.11 ",2017-10-09
8209,Operations,Manager,Master,34,M," R$ 8,083.92 ",2014-12-23
8210, ,,Technical Diploma,48,F," R$ 22,786.52 ",2021-09-24
8211,IT,Director,PhD,56,F," R$ 17,161.24 ",2020-08-08
8212,Legal,Specialist,Master,55,F," R$ 18,951.67 ",28/02/2021
8213,Logistics,Director,PhD,37,M," R$ 6,021.68 ",2016-03-26
8214,IT,Manager,Master,49,," R$ 15,065.84 ",2014-07-31
8215,,Assistant,High School,64,M," R$ 25,490.47 ",12/04/2013
8216,Operations,Coordinator,Bachelor,56,F," R$ 11,976.46 ",2014-05-25
8217,Logistics,Coordinator,Bachelor,36,F," R$ 6,246.25 ",16/03/2021
8218,Legal,Coordinator,Bachelor,24,F," R$ 13,743.54 ",23/08/2013
8219,Finance,Manager,Master,48,M," R$ 22,922.00 ",2013-05-05
8220,Operations,Coordinator,Bachelor,48,M," R$ 10,730.66 ",2015-06-25
8221,Operations,Coordinator,Bachelor,25,F," R$ 7,984.11 ",2010-11-18
8222,Legal,Analyst,Bachelor,42,F," R$ 17,080.83 ",2022-08-02
8223,Logistics,Manager,Master,43,F," R$ 7,154.57 ",2019-05-29
8224,Operations,Technician,Technical Diploma,26,M," R$ 8,316.46 ",2016-01-26
8225,Legal,Director,PhD,62,M," R$ 18,600.84 ",10/07/2014
8226,Operations,Analyst,Bachelor,60,F," R$ 12,336.12 ",2013-02-07
8227,Logistics,Manager,Master,44,M," R$ 6,522.99 ",2014-09-27
8228,,Analyst,Bachelor,44,F," R$ 6,695.80 ",2012-08-20
8229,HR,Technician, ,34,F," R$ 7,328.00 ",2023-08-02
8230, ,Assistant,High School,48,M," R$ 12,391.22 ",2022-08-12
8231,Operations,Director,PhD,36,M," R$ 9,067.42 ",2016-01-30
8232,Finance,Technician,Technical Diploma,33,M," R$ 18,735.92 ",2015-07-05
8233,IT,Assistant,High School,31,F," R$ 12,079.54 ",24/03/2018
8234,Finance,Director,PhD,59,F," R$ 23,185.66 ",2023-06-16
8235,Logistics,Director,PhD,49,F," R$ 7,563.45 ",2019-05-15
8236,Legal,Analyst,Bachelor,64,F," R$ 22,239.87 ",2011-10-06
8237,Legal,Coordinator,Bachelor,56, ," R$ 20,167.48 ",2017-02-18
8238,Operations,Specialist,Master,59,F," R$ 12,533.87 ",16/07/2016
8239,,Specialist,Master,41,F," R$ 19,758.50 ",2015-06-09
8240,Finance,Coordinator,Bachelor,33,F," R$ 19,876.20 ",2021-07-17
8241,IT,Assistant,High School,24,F," R$ 10,959.46 ",2011-07-07
8242,IT,Coordinator,Bachelor,23,F,,2015-02-10
8243,Operations,Analyst,Bachelor,49,F," R$ 10,073.75 ",2011-10-20
8244,Legal,Director,PhD,43,M," R$ 19,349.20 ",2017-06-19
8245,Marketing,Specialist, ,56,F," R$ 14,101.33 ",2023-03-05
8246,Legal,Assistant,High School,30,," R$ 13,391.29 ",2012-07-09
8247, ,Assistant,High School,44,M,,09/09/2015
8248,Finance,Technician,Technical Diploma,38,M," R$ 18,773.56 ",2014-12-10
8249,HR,Analyst,Bachelor,35,M," R$ 7,319.05 ",2013-01-29
8250,IT,Analyst,Bachelor,53,M," R$ 16,178.89 ",2016-02-03
8251,,Director,PhD,61,M," R$ 10,410.10 ",2017-07-26
8252,,Assistant,High School,57,F," R$ 11,046.36 ",2012-10-07
8253,Legal,Director,PhD,54,F," R$ 20,569.17 ",07/02/2018
8254,HR,Coordinator,Bachelor,31,F," R$ 7,135.84 ",2018-08-15
8255,HR,Coordinator,Bachelor,34,M," R$ 6,959.31 ",2022-08-14
8256,Operations,Specialist, ,55, ," R$ 10,739.39 ",19/05/2014
8257,HR,Technician, ,26,F," R$ 6,419.45 ",2020-04-26
8258,Marketing,Coordinator,Bachelor,27,F," R$ 8,444.81 ",2017-01-13
8259,Legal,Technician,Technical Diploma,54,F," R$ 21,832.41 ",18/09/2012
8260,Finance,Analyst,Bachelor,26,F," R$ 15,069.87 ",2022-08-28
8261,Logistics,Assistant,,45,M," R$ 6,613.12 ",2012-02-03
8262,Operations,Manager,Master,29,F," R$ 7,298.79 ",2023-08-11
8263,Marketing,Director,PhD,39,M," R$ 8,812.34 ",2022-12-09
8264,IT,Specialist,Master,46,F," R$ 16,360.13 ",2010-12-11
8265,Logistics,Coordinator,Bachelor,39,M," R$ 6,088.98 ",2020-09-27
8266,HR,Manager,Master,57,M," R$ 10,441.89 ",2016-11-10
8267,HR,Specialist,Master,47,F," R$ 9,365.02 ",04/10/2023
8268, ,Assistant,High School,41,F," R$ 7,376.48 ",2021-01-29
8269,Finance,Director,PhD,41,M," R$ 19,372.18 ",2013-05-27
8270,Operations,Assistant,High School,60,M," R$ 10,706.08 ",2020-04-06
8271,Marketing,Specialist,Master,61,M," R$ 12,411.89 ",2022-06-02
8272,IT,Technician,Technical Diploma,45,M," R$ 14,266.74 ",2015-11-16
8273,IT,Technician,Technical Diploma,41,F," R$ 15,036.04 ",2023-10-31
8274,Marketing,Coordinator,Bachelor,25,M," R$ 7,800.31 ",2017-12-09
8275,Logistics,Assistant,High School,43,M," R$ 6,979.82 ",2020-07-03
8276,HR,Director,PhD,46,F," R$ 8,194.53 ",21/08/2020
8277,Operations,Director,PhD,42,F," R$ 9,094.18 ",2020-05-28
8278,Operations,Coordinator,Bachelor,39, ," R$ 8,775.59 ",2014-05-30
8279,Operations,Coordinator,Bachelor,30,M," R$ 8,754.67 ",2021-10-28
8280,Legal,Technician,Technical Diploma,30,," R$ 15,008.81 ",27/02/2020
8281, ,Technician,Technical Diploma,54,M, ,2014-08-07
8282,Logistics,Director,PhD,62,M," R$ 8,603.70 ",2013-04-30
8283,HR,Specialist,Master,28,F," R$ 6,336.80 ",2019-09-09
8284,Finance, ,Master,54,F," R$ 23,005.81 ",2014-06-29
8285,Legal,Technician,Technical Diploma,23,M," R$ 13,232.75 ",2011-03-22
8286,HR,Analyst,Bachelor,29,M," R$ 6,112.79 ",2017-01-21
8287,Finance,Technician,Technical Diploma,54,F," R$ 25,343.28 ",2018-10-31
8288,Legal,Coordinator,Bachelor,56,M," R$ 20,482.35 ",30/12/2017
8289,Logistics,Assistant,High School,50,M," R$ 6,495.04 ",2023-09-18
8290,Finance,Assistant,High School,53,," R$ 22,384.84 ",2011-07-22
8291, ,Coordinator,Bachelor,22,M," R$ 6,757.60 ",2022-02-24
8292,Logistics,Manager,Master,52,F," R$ 7,255.86 ",2013-04-09
8293,Marketing,Coordinator,Bachelor,56,F," R$ 10,564.57 ",2014-11-28
8294,Legal,Technician,Technical Diploma,61,M," R$ 19,931.96 ",2017-08-09
8295,Logistics,Director,PhD,60,M," R$ 7,892.03 ",2012-07-20
8296,HR,Coordinator,Bachelor,41, ," R$ 7,897.48 ",2012-03-28
8297,Operations,Analyst,Bachelor,54,M," R$ 11,179.76 ",2011-12-18
8298,Legal,Analyst,Bachelor,44,F," R$ 18,875.87 ",17/09/2021
8299,Marketing,Specialist,Master,24,F," R$ 8,612.23 ",2021-09-18
8300,Legal,Assistant,High School,33,,,2019-12-05
8301,Finance, ,PhD,29,M," R$ 19,912.03 ",2015-09-29
8302,HR,Technician,Technical Diploma,62,F," R$ 8,250.73 ",2013-03-10
8303,HR,Technician,Technical Diploma,32,M," R$ 6,785.32 ",2016-07-29
8304,Logistics,Director,PhD,47,M," R$ 7,054.44 ",2013-03-13
8305,Legal,Coordinator,Bachelor,44,F," R$ 17,267.03 ",12/04/2011
8306,Finance,Assistant,High School,59,F," R$ 24,292.82 ",2012-09-15
8307,Operations,Technician,Technical Diploma,26,F," R$ 7,299.37 ",03/04/2013
8308,Marketing,,Bachelor,53,F," R$ 12,795.47 ",2015-05-08
8309,Finance,Manager,Master,26,M," R$ 17,906.01 ",2017-08-03
8310,Logistics,Director,PhD,36,F," R$ 5,868.16 ",08/04/2010
8311,Operations,Analyst,Bachelor,64,M," R$ 13,085.91 ",11/07/2020
8312,IT,Technician,Technical Diploma,44,M," R$ 13,737.60 ",17/01/2015
8313,Finance,Director,PhD,49,F," R$ 20,833.43 ",21/05/2016
8314,Legal,Coordinator,Bachelor,40,M,,2016-02-21
8315,Finance,Director,PhD,38,M," R$ 18,915.10 ",2015-10-13
8316,Finance,Assistant,High School,36,F," R$ 15,456.17 ",2017-08-10
8317,Operations,Assistant,High School,34,M," R$ 8,621.57 ",18/01/2020
8318, ,Manager,Master,44,F," R$ 16,491.84 ",2022-03-15
8319,Finance,Director,PhD,39,F," R$ 19,704.63 ",2011-04-03
8320,IT,Specialist,Master,44,M," R$ 15,014.58 ",2015-09-20
8321,HR,Technician,Technical Diploma,37,M," R$ 8,098.20 ",2021-11-09
8322,HR, ,Technical Diploma,41,M," R$ 7,793.77 ",2018-01-08
8323, ,Technician,Technical Diploma,46,M," R$ 15,754.19 ",12/01/2014
8324,Finance,Manager,Master,53,M," R$ 19,726.15 ",10/06/2013
8325,IT,,PhD,42,F," R$ 12,814.43 ",2015-09-10
8326,HR,Director,PhD,22,F," R$ 6,290.75 ",2015-02-26
8327,Legal,Technician,Technical Diploma,49,M, ,2022-10-27
8328,Operations,Manager,Master,48,M," R$ 10,565.69 ",2021-08-22
8329,Finance,Manager,Master,48,F," R$ 20,878.30 ",2014-06-20
8330,Logistics,Assistant,High School,57,M, ,23/02/2013
8331,HR,Assistant,High School,33,M," R$ 6,525.63 ",2017-11-02
8332,Operations,Technician,Technical Diploma,36, ," R$ 8,530.24 ",2013-10-04
8333,IT,Analyst,Bachelor,41,F," R$ 13,610.58 ",2014-02-07
8334,Operations,Director,PhD,40,F," R$ 9,800.93 ",2014-11-04
8335,Legal,Manager, ,47,M," R$ 17,720.80 ",2011-02-04
8336,Marketing,Technician,Technical Diploma,42,F," R$ 9,391.88 ",2019-04-26
8337,Finance,Assistant,High School,58,F," R$ 23,014.08 ",2018-05-31
8338,Finance,Analyst, ,64,M," R$ 23,703.44 ",2016-06-06
8339,Operations,,PhD,31,F," R$ 8,694.25 ",2018-09-02
8340,HR,Director,PhD,49,F,,2021-07-16
8341,Logistics,Manager,Master,47,M," R$ 7,588.15 ",2021-09-10
8342,Marketing,Coordinator,Bachelor,34,M," R$ 9,574.27 ",27/12/2011
8343,Operations,Coordinator,Bachelor,46,F," R$ 9,382.21 ",2015-01-05
8344,,Manager,Master,52,F," R$ 11,978.43 ",06/06/2022
8345,IT,Analyst,Bachelor,41,F," R$ 12,875.84 ",2020-11-27
8346,Finance,Assistant,High School,36,M," R$ 18,966.19 ",2011-05-19
8347,Finance,Director,PhD,39,F," R$ 16,533.94 ",31/01/2014
8348,HR,Coordinator,Bachelor,61,F," R$ 9,116.67 ",2013-10-04
8349,Legal,Assistant,High School,44,F," R$ 19,011.84 ",2023-11-23
8350,Finance,Specialist,Master,24,F," R$ 13,683.34 ",10/03/2011
8351,Finance, ,PhD,32,F," R$ 18,048.63 ",2015-02-20
8352,HR,Manager,Master,48,F," R$ 8,869.88 ",2013-09-03
8353,Finance,Director,PhD,58,F," R$ 22,638.32 ",01/11/2023
8354,HR,Analyst,,33,M," R$ 6,647.74 ",11/04/2018
8355,Operations,Technician,Technical Diploma,54,F," R$ 10,518.45 ",2015-01-29
8356,HR,Technician,,49,F," R$ 7,244.10 ",2015-01-22
8357,Operations,Assistant,High School,27,M," R$ 6,446.60 ",2020-05-16
8358,IT,Director,PhD,27,F," R$ 10,221.18 ",2015-04-15
8359,Marketing,Assistant,High School,42,F," R$ 10,886.78 ",21/12/2010
8360,Finance,,Bachelor,46,M," R$ 20,026.94 ",2022-06-20
8361,Logistics,Coordinator,Bachelor,57,M," R$ 8,044.53 ",2017-08-07
8362,Marketing,Analyst,Bachelor,39,F," R$ 9,997.53 ",2012-11-18
8363,Logistics,Manager,Master,60,M," R$ 8,032.16 ",2019-05-03
8364,Marketing,Specialist,Master,26,M," R$ 10,037.91 ",2014-07-31
8365,HR,Technician,Technical Diploma,44,M," R$ 8,541.95 ",13/06/2018
8366,Logistics,Analyst,Bachelor,44,F, ,2010-08-09
8367,Logistics,Director,PhD,44,M," R$ 6,683.37 ",2017-09-25
8368,Marketing,Coordinator,Bachelor,56,M," R$ 11,886.95 ",2023-04-18
8369, ,Technician,Technical Diploma,50,M," R$ 7,738.18 ",2018-08-03
8370,Logistics,Director,PhD,26,F," R$ 5,033.85 ",2010-04-28
8371,Operations,Manager,Master,38,F," R$ 9,474.80 ",10/04/2012
8372,Marketing,Specialist,Master,59,M," R$ 13,188.37 ",2017-06-01
8373,Legal,Coordinator,Bachelor,23,M," R$ 12,871.70 ",2021-10-28
8374,HR,Analyst,Bachelor,40,F," R$ 7,984.47 ",2017-03-11
8375,Logistics,Technician,Technical Diploma,24,F," R$ 4,982.57 ",13/01/2013
8376,Legal,Manager,Master,51,F," R$ 17,800.16 ",28/09/2019
8377,Marketing,Assistant,High School,54,M," R$ 12,845.36 ",2013-12-25
8378,HR,Director,PhD,44,M," R$ 8,235.61 ",2022-12-06
8379,Legal,Specialist,Master,47,M," R$ 16,613.47 ",17/12/2012
8380,Marketing,Analyst,Bachelor,51,F," R$ 11,514.94 ",2012-05-01
8381,Operations,Specialist,Master,40,M," R$ 9,756.10 ",2022-11-15
8382,Finance, ,PhD,60,F," R$ 23,043.61 ",2019-05-18
8383,HR,Technician,Technical Diploma,47,M,,2016-02-02
8384,IT,Technician,Technical Diploma,53,F," R$ 15,204.50 ",04/05/2014
8385,Logistics,Coordinator,Bachelor,63,M," R$ 9,596.91 ",2016-03-24
8386,Finance,Analyst,Bachelor,49,M," R$ 20,319.51 ",2012-06-12
8387,Logistics,Specialist,Master,30,M," R$ 5,825.32 ",2012-03-22
8388,HR,Technician,Technical Diploma,52,F," R$ 9,324.19 ",2018-06-08
8389,IT,Assistant,High School,36,F,,04/01/2019
8390,Logistics,Analyst,Bachelor,53,F," R$ 7,998.09 ",2018-06-27
8391,Operations,Technician,Technical Diploma,34,F," R$ 7,965.93 ",19/10/2014
8392,Finance,,PhD,43,F, ,09/08/2011
8393,Logistics,Manager,Master,61,M," R$ 8,758.72 ",2021-08-23
8394,Logistics,Director,PhD,32,F," R$ 6,275.66 ",2021-08-21
8395,Operations,Specialist,Master,54,M," R$ 9,712.73 ",2020-02-26
8396,IT,Coordinator,Bachelor,45,M," R$ 12,850.08 ",2018-07-09
8397,,Analyst,Bachelor,61,M," R$ 11,957.44 ",2020-07-18
8398,Logistics,Analyst,Bachelor,27,F," R$ 5,523.84 ",2011-09-02
8399,Operations,Specialist,Master,37,M," R$ 8,881.44 ",15/01/2023
8400,Finance,Coordinator,Bachelor,51,F," R$ 47,672.71 ",2023-02-18
8401,Logistics,Director,PhD,51,M," R$ 7,680.47 ",2014-06-15
8402,Logistics,Assistant,High School,35,M," R$ 6,466.54 ",2013-08-17
8403,Finance,Coordinator,Bachelor,28,M," R$ 16,698.88 ",2020-02-29
8404,Operations,Coordinator,Bachelor,24,M," R$ 6,510.94 ",2014-01-17
8405,Logistics,Technician,Technical Diploma,52,F," R$ 8,314.83 ",2020-10-19
8406,Finance,Manager,Master,31,M," R$ 17,594.92 ",2018-08-29
8407,Operations,Specialist,Master,54,F,,23/08/2019
8408,IT,Technician,Technical Diploma,59,F," R$ 16,292.61 ",2013-05-18
8409,,Manager,Master,58,F," R$ 11,790.26 ",2022-08-16
8410,Marketing,Assistant,High School,36,M," R$ 10,996.27 ",18/11/2011
8411,Legal,Technician,Technical Diploma,25,M," R$ 13,797.25 ",2023-10-03
8412,HR,Technician,Technical Diploma,58,M," R$ 9,691.90 ",2022-03-12
8413,Legal,Technician,Technical Diploma,63,M," R$ 16,977.89 ",2010-08-07
8414,Marketing,Assistant,High School,25,F," R$ 9,047.20 ",19/05/2010
8415, ,Coordinator,Bachelor,31,F," R$ 7,732.85 ",13/04/2015
8416,Operations, ,PhD,43,M," R$ 8,644.39 ",2019-08-10
8417,,Specialist,Master,52,F," R$ 8,308.55 ",05/05/2017
8418,IT,Manager,Master,57,F," R$ 16,583.61 ",2010-11-29
8419,IT,Director,PhD,33,M," R$ 10,362.80 ",21/01/2014
8420,Marketing,Specialist,Master,30,F," R$ 7,319.25 ",2015-02-25
8421,Operations,Assistant,High School,49,F," R$ 8,573.11 ",2020-03-20
8422,Logistics,Coordinator,Bachelor,55,M," R$ 8,269.04 ",2020-02-07
8423,Legal,Assistant,High School,26,M," R$ 11,220.20 ",2023-11-03
8424,HR,Assistant,High School,51,M," R$ 8,702.12 ",2014-08-01
8425,Logistics,Specialist,Master,37,F," R$ 6,611.19 ",10/10/2017
8426,Finance,Technician,Technical Diploma,40,F," R$ 19,800.18 ",2023-10-28
8427,Marketing,Director,PhD,35,F," R$ 10,857.33 ",2019-02-08
8428,Operations,Assistant,High School,45,F," R$ 11,310.05 ",2016-05-21
8429,Legal,Director,PhD,32,F," R$ 16,210.05 ",2017-07-19
8430,Legal,Manager,Master,34,F," R$ 18,138.09 ",2021-09-08
8431,Finance,Director,PhD,31,F," R$ 17,590.03 ",2020-07-26
8432,Operations,Director,PhD,50,F," R$ 9,864.85 ",2014-02-25
8433,HR,Analyst,Bachelor,60,M," R$ 10,675.88 ",15/08/2016
8434,Marketing,Analyst,Bachelor,48,M," R$ 11,653.81 ",2015-02-28
8435,HR,Coordinator,Bachelor,22,F," R$ 5,263.88 ",2020-06-29
8436,Logistics,Analyst,Bachelor,53,M," R$ 9,052.40 ",23/06/2013
8437,Operations,Director,PhD,39,F," R$ 9,633.00 ",2014-04-04
8438,Legal,,PhD,25,M," R$ 16,101.52 ",2012-04-22
8439,IT,Manager,Master,37,M," R$ 14,445.91 ",2013-04-19
8440,Marketing,Assistant,High School,39,M," R$ 10,204.32 ",2022-12-11
8441,Marketing,Technician,Technical Diploma,42,F," R$ 10,595.40 ",2012-06-11
8442,HR,Director,PhD,46,F," R$ 9,039.37 ",2019-06-14
8443,HR,Director,PhD,31,F," R$ 6,763.40 ",02/04/2021
8444,HR,Analyst,Bachelor,28,F," R$ 6,896.37 ",2019-05-20
8445,IT,Assistant,High School,22,M," R$ 9,137.83 ",2012-07-13
8446,Legal,Technician,Technical Diploma,54,M," R$ 19,341.68 ",2015-05-06
8447,IT, ,High School,54,F," R$ 14,210.64 ",2023-07-19
8448,Finance,Specialist, ,40,F," R$ 19,322.88 ",2021-03-24
8449,Logistics,Specialist,Master,28,F," R$ 5,731.57 ",2013-12-04
8450,HR,Technician,Technical Diploma,62,M," R$ 10,303.17 ",2021-02-18
8451,,Manager, ,35,F," R$ 15,728.54 ",2020-06-10
8452,IT,Technician,Technical Diploma,59, ," R$ 17,743.51 ",2014-06-24
8453,HR,Analyst,Bachelor,28,M," R$ 7,034.27 ",2013-06-02
8454,Operations,Assistant,High School,64,F," R$ 9,352.85 ",2011-10-28
8455,,Director,PhD,24,M," R$ 4,445.83 ",28/11/2018
8456,Logistics,Manager,Master,32, ," R$ 6,301.29 ",2023-03-23
8457,Finance,Assistant,High School,29,F," R$ 15,989.85 ",2016-06-25
8458,Finance,Coordinator,Bachelor,47,M," R$ 20,391.08 ",2010-06-09
8459,Operations,Specialist,Master,59,M," R$ 11,407.89 ",23/08/2010
8460,Legal,Manager,Master,24,F," R$ 14,338.35 ",21/01/2015
8461,Logistics,Assistant,High School,50,M," R$ 7,656.67 ",2010-04-24
8462,Marketing,Specialist,Master,33,," R$ 8,504.86 ",20/02/2012
8463,Operations,Analyst,Bachelor,39,F," R$ 8,375.69 ",2022-08-20
8464,HR,Analyst,Bachelor,64,M," R$ 10,899.90 ",2015-10-08
8465,Finance,Manager,Master,28,F,,2016-07-02
8466,Logistics,Manager,Master,51,M," R$ 6,829.47 ",2014-09-08
8467,Marketing,Analyst,Bachelor,63,F," R$ 12,233.03 ",2013-10-22
8468,IT,Manager,Master,37,M," R$ 12,884.64 ",10/02/2015
8469,Legal,Analyst,Bachelor,46,M," R$ 17,630.95 ",2023-01-10
8470,Finance, ,Bachelor,25,M," R$ 17,661.59 ",2022-12-01
8471,Operations,Coordinator,Bachelor,25,F," R$ 7,724.54 ",2013-06-13
8472,Finance,Manager,Master,59,F," R$ 22,817.69 ",2016-11-02
8473,IT,Coordinator,Bachelor,22,M," R$ 10,415.87 ",2014-07-05
8474,Operations,Specialist,Master,63,F," R$ 12,645.91 ",2023-08-11
8475,Finance,Director,PhD,24,M," R$ 16,604.79 ",2011-08-16
8476,,Manager,Master,49,F," R$ 16,933.53 ",2021-10-29
8477,Legal,Coordinator,Bachelor,32,F," R$ 16,422.33 ",19/08/2023
8478,,Technician,Technical Diploma,58,M," R$ 14,041.04 ",2010-12-12
8479,IT,Analyst,Bachelor,23,F," R$ 9,037.73 ",2021-12-04
8480,IT,Technician,Technical Diploma,30,F," R$ 13,101.82 ",19/11/2010
8481,Marketing,,Bachelor,38,," R$ 10,937.14 ",2017-02-22
8482,Finance,Coordinator,Bachelor,53,M," R$ 20,114.53 ",2018-08-21
8483,Operations,Director,PhD,52,M," R$ 9,523.85 ",2014-12-03
8484,Logistics, ,High School,42,M," R$ 7,908.20 ",22/04/2015
8485,Operations,Assistant,High School,38,M," R$ 8,436.99 ",2015-03-27
8486,Legal,Coordinator,Bachelor,63,F," R$ 22,118.55 ",15/11/2016
8487,Legal,Assistant,High School,38,F," R$ 12,707.71 ",2013-02-10
8488,Finance,Manager,Master,64,M," R$ 24,640.34 ",2011-07-06
8489,Operations,Technician,Technical Diploma,48,F," R$ 10,706.62 ",2014-03-22
8490,Legal,Assistant,High School,49,M," R$ 18,701.53 ",2014-08-04
8491,HR,Technician,Technical Diploma,60,F," R$ 8,895.27 ",2016-12-13
8492,IT,Analyst,Bachelor,22,F," R$ 10,287.31 ",2022-03-05
8493,Legal,Analyst,Bachelor,37,F," R$ 15,234.88 ",2017-07-04
8494,Operations,Manager,Master,24,F," R$ 6,589.38 ",2012-02-15
8495,Legal,Coordinator,Bachelor,36,M," R$ 15,199.47 ",31/08/2013
8496,Marketing,Manager,Master,25,M," R$ 9,272.16 ",2015-01-14
8497,Legal, ,Bachelor,57,M," R$ 19,238.01 ",2018-08-14
8498,Operations,Assistant,High School,51,F," R$ 10,236.80 ",2022-11-19
8499,Marketing,Manager,Master,50,M," R$ 12,841.60 ",2022-04-26
8500,Logistics,Coordinator, ,44,F," R$ 6,011.45 ",2016-08-04
8501,HR,Analyst,Bachelor,26,M," R$ 6,320.15 ",2018-01-27
8502,HR,Coordinator,Bachelor,32,F," R$ 6,886.28 ",2023-04-22
8503,Operations,Analyst, ,40,F," R$ 8,520.56 ",2010-02-26
8504,Operations,Director,PhD,29,M," R$ 6,988.64 ",2014-05-16
8505,HR,Director,PhD,64,M," R$ 9,093.85 ",2017-11-15
8506,Legal,Specialist,Master,32,M," R$ 15,459.46 ",2015-07-02
8507,Logistics,Manager,Master,30,M," R$ 5,736.05 ",2017-08-30
8508,Legal,Technician,Technical Diploma,46,F," R$ 17,900.15 ",2015-07-07
8509,Legal,Technician,Technical Diploma,46,F," R$ 17,266.36 ",2023-04-08
8510,Logistics,Assistant,High School,35,M," R$ 6,631.10 ",2019-05-26
8511,Legal,Assistant,High School,52,M," R$ 18,343.45 ",2015-07-08
8512,Legal,Technician,Technical Diploma,34,F," R$ 15,779.87 ",2014-07-25
8513,HR,Technician,Technical Diploma,22,M," R$ 5,569.83 ",2023-02-05
8514,HR,Analyst,Bachelor,51, ," R$ 9,395.94 ",2018-07-04
8515,Legal,Technician,Technical Diploma,30,F," R$ 13,817.48 ",2015-05-24
8516,IT,Technician,Technical Diploma,61,M," R$ 16,439.53 ",2019-07-03
8517,IT,Technician,Technical Diploma,50,M," R$ 14,756.22 ",2012-01-12
8518,Logistics,Coordinator,Bachelor,52,M," R$ 8,346.10 ",2020-03-15
8519,Marketing,Assistant,High School,39,F," R$ 10,175.13 ",2016-01-27
8520,Operations,Coordinator,Bachelor,24,F," R$ 8,020.13 ",2020-08-17
8521,Finance,,Bachelor,56,M," R$ 23,530.18 ",2017-11-07
8522,Legal,Analyst,Bachelor,23,M, ,2022-07-11
8523,IT,Technician,Technical Diploma,25,M," R$ 11,368.04 ",2014-03-30
8524,IT,Technician,Technical Diploma,62, ," R$ 17,318.65 ",2012-12-13
8525,IT,Manager,Master,36,M," R$ 12,258.02 ",2012-05-29
8526,HR,Manager,Master,38,F," R$ 7,844.13 ",2020-02-14
8527,Finance,Technician,Technical Diploma,47,F," R$ 25,256.44 ",2010-12-25
8528,IT,Manager,Master,52,M," R$ 16,117.27 ",2019-11-25
8529,IT,Director,PhD,51,M," R$ 15,611.57 ",2020-11-11
8530,Finance,Director,PhD,44,F," R$ 20,847.25 ",2022-03-15
8531,HR,Manager,Master,51,F," R$ 7,761.70 ",2020-10-13
8532,Legal,Analyst,Bachelor,32,M," R$ 15,379.55 ",2012-07-03
8533,Marketing,Assistant,High School,54,M," R$ 11,798.10 ",2016-06-10
8534,HR,Director,PhD,59,F," R$ 8,716.30 ",2020-11-22
8535,Legal,Specialist,Master,26,M," R$ 13,818.69 ",25/01/2015
8536,Marketing,Specialist,Master,56, ," R$ 12,703.60 ",2017-01-29
8537,Logistics,Specialist,Master,22,M," R$ 5,210.15 ",28/04/2020
8538,Logistics,Coordinator,Bachelor,25,M," R$ 5,538.84 ",2020-08-27
8539,HR,Manager,Master,59,F," R$ 9,225.88 ",14/11/2016
8540,IT,Manager,Master,58,M," R$ 15,784.12 ",2012-12-21
8541,Marketing,Technician,Technical Diploma,28,M," R$ 10,392.58 ",2010-12-29
8542,Operations,Assistant,High School,31,F," R$ 8,129.83 ",2011-12-28
8543,Marketing,Assistant,High School,54,F," R$ 11,916.88 ",2021-04-15
8544,Logistics,Assistant,High School,35,F," R$ 5,693.60 ",2022-07-17
8545,Operations,Analyst,Bachelor,57,M," R$ 11,261.09 ",2011-07-05
8546,Marketing,Technician,Technical Diploma,59,M," R$ 13,919.43 ",2020-09-12
8547,IT,Specialist,Master,51,M," R$ 15,256.52 ",12/01/2021
8548,IT,Technician,Technical Diploma,47,F,,2020-03-08
8549,Legal,Coordinator, ,52,M," R$ 18,826.59 ",11/11/2014
8550,Operations,Director,PhD,63,M," R$ 11,413.42 ",2018-08-03
8551,Marketing,Director,PhD,40,M," R$ 11,332.96 ",2020-06-25
8552,Logistics,Assistant,High School,61,M," R$ 8,724.68 ",2010-12-16
8553,Logistics,Director,PhD,34,M," R$ 6,388.92 ",08/07/2018
8554,Operations,Director,PhD,44,M," R$ 8,614.91 ",2023-10-26
8555,Legal,Specialist,Master,40,F," R$ 15,645.80 ",2018-04-17
8556,HR,Manager,Master,37,F," R$ 6,718.08 ",2017-07-24
8557,Logistics,Specialist,Master,46,M," R$ 7,719.71 ",2011-05-04
8558,Operations,Technician,Technical Diploma,47,F," R$ 10,631.86 ",2013-05-23
8559,Legal,Manager,Master,42,M," R$ 17,292.42 ",05/05/2013
8560, ,Assistant,High School,39,M," R$ 7,695.03 ",2013-05-11
8561,IT,Coordinator,Bachelor,30,F," R$ 11,847.77 ",2017-06-17
8562,Legal,Director,PhD,45, ," R$ 17,122.43 ",11/02/2019
8563,IT,Coordinator,Bachelor,61,F," R$ 16,907.79 ",2019-02-08
8564,IT,Coordinator,Bachelor,38,M," R$ 13,615.82 ",2010-03-06
8565,Legal,Manager,Master,51,," R$ 19,776.89 ",2023-12-14
8566,HR,Analyst,Bachelor,25,F," R$ 7,086.65 ",2012-04-05
8567,Logistics,Technician, ,49,F," R$ 8,173.93 ",2018-03-22
8568,Operations, ,High School,62,M," R$ 11,461.51 ",29/04/2018
8569,IT,Manager,Master,61,F," R$ 13,964.66 ",08/07/2012
8570,IT,Manager,Master,30,F," R$ 10,223.15 ",2020-11-30
8571,HR,Manager,Master,57,M," R$ 8,691.57 ",2017-02-18
8572,Finance,Director,PhD,29,F," R$ 16,742.48 ",2018-04-03
8573,Finance,Assistant,High School,43,M," R$ 22,517.76 ",2022-11-02
8574,Operations,Manager,Master,46,M," R$ 10,639.36 ",2021-10-31
8575,Finance,Director,PhD,27,M," R$ 17,509.65 ",2017-10-28
8576,Legal,Assistant,High School,47,M," R$ 19,038.91 ",15/04/2023
8577,Logistics,Coordinator,Bachelor,63,F," R$ 7,273.77 ",2019-06-12
8578,Legal,Director,PhD,23,M," R$ 11,680.38 ",2013-02-05
8579,IT,Director,PhD,52,M," R$ 16,727.90 ",17/12/2017
8580,Logistics,Manager,Master,33,M," R$ 5,588.15 ",2019-11-08
8581,,Director,PhD,40,M," R$ 20,039.22 ",2010-01-28
8582,HR,Technician,Technical Diploma,58,M," R$ 8,619.99 ",2017-03-18
8583,Operations,Assistant,High School,58,M,,2016-08-10
8584,Marketing,Assistant,High School,22,F," R$ 7,378.83 ",2019-03-26
8585, ,Assistant,High School,31,F," R$ 9,019.02 ",21/09/2016
8586,Logistics,Assistant,High School,55,F," R$ 7,997.72 ",2023-01-30
8587,Logistics,Specialist,Master,37,M," R$ 6,896.49 ",09/11/2016
8588,Operations,Director,PhD,62, ," R$ 12,312.74 ",2020-11-11
8589,HR,Assistant,High School,28,F," R$ 7,306.35 ",2022-06-28
8590,Marketing,Assistant,High School,34,M,,2020-08-17
8591,Finance,Manager,Master,25,F," R$ 16,737.87 ",2019-08-21
8592,Operations,Director,PhD,60,F," R$ 11,599.40 ",2014-07-23
8593,Finance,Analyst,Bachelor,52,F," R$ 19,616.18 ",25/01/2016
8594,Marketing,Coordinator,Bachelor,31,F," R$ 9,444.78 ",2012-03-15
8595,HR,,High School,33,M," R$ 7,602.99 ",2020-11-20
8596,Logistics,Assistant,High School,55,F," R$ 7,781.34 ",2018-03-16
8597,Logistics,Director,PhD,49,F," R$ 6,663.00 ",2018-11-25
8598,HR,Analyst,Bachelor,26,F,,27/03/2013
8599,Logistics, ,Technical Diploma,49,F," R$ 7,083.59 ",2023-03-28
8600,Finance,Manager,Master,32,F," R$ 17,305.00 ",2010-08-30
8601,IT,Assistant,High School,55,M," R$ 16,774.68 ",2015-08-08
8602,Legal,Analyst,Bachelor,36,," R$ 18,077.02 ",2017-07-20
8603,Logistics,Specialist,Master,26,F," R$ 5,828.98 ",27/12/2011
8604,Finance,Analyst,Bachelor,42,M," R$ 15,849.43 ",2021-10-12
8605,Operations,Director,,52,M," R$ 10,208.66 ",2019-01-28
8606,Operations,Coordinator,Bachelor,61,," R$ 12,211.40 ",03/07/2020
8607,HR,Coordinator,Bachelor,28,M," R$ 6,415.12 ",23/07/2022
8608,HR,Specialist,Master,56,F," R$ 18,862.89 ",2011-03-12
8609,Legal,Director,PhD,42,M," R$ 15,048.59 ",2014-08-08
8610,Logistics,,Bachelor,61,M," R$ 8,245.14 ",2019-10-08
8611,Logistics,Manager,Master,26,F," R$ 5,613.20 ",2018-07-28
8612,Legal,Analyst,Bachelor,35,M," R$ 14,073.11 ",2020-04-03
8613,IT,Assistant,High School,55,F," R$ 15,540.59 ",2011-05-13
8614,Operations,Assistant,High School,31,M," R$ 8,433.91 ",2010-07-14
8615,Finance,Technician,Technical Diploma,39,M," R$ 19,586.90 ",2012-07-05
8616,IT,Specialist,Master,38,F," R$ 13,788.83 ",2023-07-21
8617,IT,Director,PhD,59,M," R$ 15,210.45 ",2011-02-12
8618,Finance,Specialist,Master,53,F," R$ 24,597.07 ",2012-01-16
8619,Logistics,Analyst, ,38,F," R$ 5,805.51 ",2016-03-30
8620,HR, ,Technical Diploma,43,F," R$ 8,895.96 ",29/09/2011
8621,Marketing,Coordinator,Bachelor,46,F," R$ 11,881.37 ",2019-09-15
8622,HR,Manager,Master,37,F," R$ 7,249.23 ",30/08/2016
8623,,Manager,Master,51,M," R$ 18,214.31 ",2016-11-30
8624,HR,Technician,Technical Diploma,55,F," R$ 9,744.39 ",2010-08-08
8625,Operations,Technician,Technical Diploma,26,," R$ 6,862.37 ",2015-02-11
8626,Logistics,Coordinator, ,54,M," R$ 8,259.23 ",2012-11-30
8627,Logistics,Director,PhD,26,F," R$ 5,146.31 ",2013-08-13
8628,Legal,Manager,Master,61,F," R$ 20,188.41 ",2016-10-22
8629,Logistics,Director,PhD,63,F," R$ 8,650.12 ",2017-11-24
8630,IT,Specialist,Master,24,F," R$ 10,169.60 ",2023-02-27
8631,Logistics,Technician,Technical Diploma,59,F," R$ 8,268.52 ",2010-06-11
8632,Legal,Director,PhD,34,F," R$ 15,822.65 ",2022-01-27
8633,Logistics,Specialist,Master,29,M,,13/03/2013
8634,HR,Technician,Technical Diploma,51,F," R$ 8,172.70 ",2011-04-24
8635,IT,Manager,Master,26,F," R$ 11,207.59 ",2020-06-09
8636,Marketing,Specialist,,59,M, ,2013-11-16
8637,Marketing,Assistant,High School,52,F," R$ 13,267.34 ",2016-05-25
8638,Legal,Technician,Technical Diploma,23,M," R$ 12,505.77 ",30/12/2022
8639,Finance,Analyst,Bachelor,28,F," R$ 16,730.85 ",2017-07-20
8640,IT,,PhD,37,M, ,06/09/2015
8641, ,Technician,Technical Diploma,31,M," R$ 17,371.15 ",2013-04-02
8642,HR,Technician,Technical Diploma,50,F," R$ 9,189.91 ",2021-12-10
8643,IT,Analyst,Bachelor,51,F," R$ 15,556.64 ",13/01/2020
8644,HR,Analyst,Bachelor,41, ," R$ 7,722.10 ",2023-06-26
8645,Logistics,Specialist,Master,63,F," R$ 7,478.81 ",31/01/2010
8646,Finance,Specialist,Master,55,M," R$ 21,168.33 ",25/01/2012
8647,Legal,Specialist,Master,29,F," R$ 13,651.91 ",2010-02-03
8648,Legal,Director,PhD,55,F," R$ 20,231.99 ",14/04/2016
8649,Marketing,Assistant,High School,55,F," R$ 12,697.76 ",2023-06-16
8650,Operations,Coordinator,Bachelor,57,F," R$ 10,648.96 ",2016-09-15
8651,IT,Director,PhD,28,M," R$ 11,423.60 ",2010-12-24
8652,Finance,Coordinator,Bachelor,35,M," R$ 18,242.98 ",2018-05-12
8653,Legal,Specialist,Master,41,M," R$ 19,515.32 ",06/08/2021
8654,Logistics,Director,PhD,58,F," R$ 7,237.58 ",2021-05-18
8655,Legal,Manager,Master,54,F," R$ 19,425.51 ",2018-05-14
8656,HR,Manager,Master,52,M," R$ 7,509.04 ",19/07/2011
8657, ,Coordinator,Bachelor,54,F," R$ 11,866.28 ",2011-04-15
8658, ,Analyst,,47,M," R$ 15,392.41 ",09/03/2014
8659,,Coordinator,Bachelor,47,F," R$ 12,529.17 ",2013-09-03
8660,IT,Coordinator,Bachelor,59,M," R$ 18,094.13 ",16/05/2021
8661,Finance,Director,PhD,37,M, ,2011-08-19
8662,Operations,Coordinator,Bachelor,33, ," R$ 18,302.36 ",2019-08-22
8663,HR,Analyst,Bachelor,22,M," R$ 5,500.08 ",2017-08-17
8664,IT,Analyst,Bachelor,41,M," R$ 12,555.61 ",2019-01-17
8665,Marketing,Technician,Technical Diploma,23,F," R$ 8,261.97 ",07/12/2019
8666,Operations,Specialist,Master,52,F," R$ 10,888.64 ",2012-06-01
8667,IT,Analyst,Bachelor,39,M," R$ 12,218.89 ",2022-01-24
8668,Logistics,Specialist,Master,63,F," R$ 9,361.55 ",2017-05-18
8669,IT,Technician,Technical Diploma,31,M," R$ 12,422.12 ",2022-08-28
8670,HR,Specialist,Master,27, ," R$ 6,890.48 ",2012-12-13
8671,HR,Specialist,Master,23,F,,2019-03-23
8672,Legal,Assistant,High School,37,M," R$ 16,423.83 ",2012-08-14
8673,Finance,Analyst,Bachelor,26,F," R$ 15,734.78 ",2011-01-02
8674,Logistics,Coordinator,Bachelor,59,M," R$ 8,689.83 ",22/03/2014
8675,IT,Technician,Technical Diploma,43,F," R$ 16,842.05 ",2018-06-30
8676,Operations,Director,PhD,43,M," R$ 11,542.57 ",2022-05-21
8677, ,Assistant,High School,43,F," R$ 18,038.76 ",2020-01-05
8678,Marketing,Technician,Technical Diploma,22,F," R$ 8,063.02 ",2011-05-23
8679,Operations,Director,PhD,57,M," R$ 11,625.41 ",2022-09-28
8680,Marketing,Manager,Master,34,M," R$ 10,150.86 ",2021-03-02
8681,Operations,Director,PhD,33,M," R$ 7,607.30 ",2016-12-08
8682,Finance,Analyst,Bachelor,34,F," R$ 18,187.01 ",2011-03-18
8683,Finance,Analyst,Bachelor,32,F," R$ 16,973.85 ",2012-12-24
8684,Marketing,Manager,Master,39,F," R$ 9,103.33 ",2021-02-01
8685,IT,Technician,Technical Diploma,43,F," R$ 14,267.78 ",2010-10-04
8686,HR,Analyst, ,22,M," R$ 5,386.84 ",28/02/2015
8687,HR,Coordinator,Bachelor,25,F," R$ 6,473.72 ",2013-03-25
8688,Marketing,Analyst,Bachelor,30,M, ,2018-12-06
8689,Marketing,Specialist,Master,24,F," R$ 7,875.07 ",2022-08-13
8690,,Manager,Master,29,F," R$ 6,718.46 ",2014-03-22
8691,Legal,Manager,Master,30,M," R$ 14,855.33 ",2013-09-19
8692,HR,Director,PhD,39,F," R$ 7,290.16 ",2011-01-13
8693,Marketing,Director,,26,F," R$ 8,411.13 ",05/03/2022
8694,IT, ,High School,43,M," R$ 13,288.87 ",04/09/2018
8695,HR,Assistant,High School,58,M," R$ 9,987.98 ",2010-02-17
8696,Operations,Coordinator,Bachelor,26,F," R$ 6,689.42 ",2015-07-05
8697,IT,Assistant,,44,M," R$ 14,829.37 ",2021-11-22
8698,HR,Manager,Master,37,M," R$ 7,149.36 ",2017-04-09
8699,Logistics,Specialist,Master,26,M," R$ 5,913.36 ",2016-05-15
8700,IT,Analyst,Bachelor,58,F," R$ 17,002.12 ",2021-08-01
8701,Finance,Manager,Master,60,F," R$ 24,735.40 ",2017-04-28
8702,,Director,PhD,24,F," R$ 6,559.16 ",2012-10-26
8703,Marketing,Coordinator,,47,F," R$ 9,682.28 ",02/11/2018
8704,Logistics,Specialist,Master,29,M," R$ 5,696.88 ",2015-10-06
8705,Logistics,Manager,Master,42,F," R$ 6,771.41 ",2012-09-28
8706,Legal,Assistant,High School,39,M," R$ 16,815.20 ",2019-10-12
8707,Marketing,Specialist,Master,26,F," R$ 9,019.09 ",2016-11-12
8708,Marketing,Technician,Technical Diploma,27,M," R$ 7,872.57 ",2011-10-09
8709,Finance,Technician,Technical Diploma,48,F," R$ 20,659.76 ",23/03/2022
8710,Legal,Technician,Technical Diploma,43,F," R$ 18,540.87 ",2017-03-01
8711,Legal,Technician,Technical Diploma,43,M," R$ 20,199.00 ",2021-09-08
8712,Legal,Manager,Master,59,F," R$ 21,983.01 ",2019-12-28
8713,Finance,Manager,Master,59,M," R$ 24,138.34 ",06/05/2019
8714,Legal,Analyst,Bachelor,64,M," R$ 20,120.32 ",04/03/2022
8715,Logistics,Manager,Master,48,F," R$ 8,478.06 ",2013-09-25
8716,IT,Analyst,Bachelor,54,F," R$ 15,978.40 ",2017-03-09
8717,Marketing,Manager,Master,63,M, ,18/02/2023
8718, ,Specialist,Master,52,, ,2018-08-25
8719,Logistics,Director,PhD,49,M," R$ 6,490.55 ",2016-01-15
8720,Operations,Analyst,,51,F," R$ 10,624.41 ",2020-08-06
8721,IT,Analyst,Bachelor,55,M," R$ 17,644.90 ",2011-12-17
8722,HR,Coordinator,Bachelor,38,M," R$ 8,192.17 ",2018-11-06
8723,Logistics,Director,PhD,56,F," R$ 8,944.79 ",2016-06-03
8724,Legal,Director,PhD,57,M," R$ 17,933.45 ",05/10/2014
8725,IT,Manager,Master,27,M," R$ 10,970.31 ",2017-05-08
8726,Legal,Director,PhD,50,M," R$ 20,215.21 ",2017-11-11
8727,Finance,Analyst,Bachelor,44,F," R$ 21,600.33 ",2010-11-05
8728,HR,Specialist,Master,35,M," R$ 7,204.72 ",2020-08-16
8729,Legal,Analyst,Bachelor,30,F," R$ 13,487.36 ",2018-02-25
8730,Logistics,Specialist,Master,36,M," R$ 6,238.23 ",2021-09-02
8731,HR,Analyst,Bachelor,59,F, ,2022-02-20
8732,HR,Director,PhD,46,M," R$ 8,717.20 ",2011-12-01
8733,IT,Manager,Master,41,M," R$ 15,048.40 ",2016-12-10
8734,Finance,Coordinator,Bachelor,64,F," R$ 23,286.07 ",2018-12-27
8735,Finance,Director,PhD,43,F,,2015-03-27
8736,Operations,Specialist,Master,28,F," R$ 7,477.29 ",2023-05-03
8737,Marketing,Director,PhD,39,M, ,2017-05-09
8738,Operations,Director,PhD,38,F," R$ 8,823.73 ",01/06/2013
8739,Legal,Manager,Master,35,F,,2010-04-16
8740,Logistics,Analyst,Bachelor,47,F," R$ 6,690.84 ",06/08/2021
8741,Operations,Analyst,Bachelor,61,F," R$ 12,090.50 ",2017-08-14
8742,Finance,Analyst,Bachelor,53,M," R$ 22,830.15 ",19/07/2022
8743,HR,Assistant,High School,50,M," R$ 8,280.96 ",2015-11-23
8744,Operations,Manager,Master,61,M," R$ 11,535.70 ",2016-06-02
8745,IT,Analyst,Bachelor,28,F," R$ 10,335.50 ",2010-04-16
8746, ,Technician,Technical Diploma,30,F," R$ 6,269.47 ",17/01/2018
8747,Operations,Assistant,High School,33,F," R$ 8,397.89 ",27/01/2013
8748,HR,Manager,Master,24,M," R$ 5,901.41 ",2013-06-17
8749,Logistics,Analyst,Bachelor,53,F," R$ 8,240.35 ",2013-09-19
8750,Logistics,Coordinator,Bachelor,54,F," R$ 7,629.01 ",2020-10-13
8751,Operations,Technician,Technical Diploma,36,M," R$ 8,444.12 ",2014-04-02
8752,Finance,Specialist,Master,30,M," R$ 17,110.53 ",01/04/2019
8753,Operations,Manager,Master,38,M," R$ 9,709.10 ",2023-12-29
8754,Operations,Specialist,Master,49,M," R$ 9,883.00 ",2013-09-15
8755,Operations,,High School,34,F," R$ 8,594.82 ",2023-12-29
8756,Finance,Analyst,Bachelor,42,F," R$ 22,347.37 ",2017-05-19
8757,Finance,Technician,Technical Diploma,26,M," R$ 16,148.47 ",2016-03-10
8758,Finance,Coordinator,Bachelor,28,M," R$ 15,771.43 ",2010-09-20
8759,Legal,Manager,Master,59,F," R$ 20,646.48 ",2016-02-13
8760,Legal,Assistant,High School,58,F," R$ 20,791.75 ",2011-03-07
8761,Operations,Coordinator,Bachelor,40,M," R$ 9,744.84 ",2010-02-08
8762,Finance,Assistant,High School,62,F," R$ 24,698.73 ",2023-05-27
8763,Legal,Technician,Technical Diploma,53,M," R$ 17,480.15 ",2012-02-23
8764,Operations,Technician,Technical Diploma,64,F," R$ 12,267.76 ",01/08/2011
8765,Marketing,Director,PhD,24,F," R$ 8,052.67 ",2013-05-20
8766,IT,Specialist,Master,60,F," R$ 16,374.00 ",2012-06-03
8767,Finance,Assistant,High School,56,M," R$ 25,821.12 ",02/06/2012
8768,Finance,Analyst,Bachelor,48,F," R$ 18,994.70 ",14/04/2013
8769,Marketing,Technician,Technical Diploma,59,M," R$ 12,174.21 ",12/03/2014
8770,Logistics, ,Master,29,M," R$ 5,819.16 ",2011-01-20
8771,IT,Technician,Technical Diploma,40,M," R$ 13,382.53 ",2018-04-30
8772,Legal,Coordinator,Bachelor,51,F, ,2016-04-19
8773,Logistics,Coordinator,Bachelor,61,F," R$ 7,556.12 ",2023-04-27
8774, ,Director,PhD,31,F," R$ 6,302.40 ",2010-02-12
8775,Finance,Analyst,Bachelor,51,F," R$ 21,851.68 ",2015-03-12
8776,Marketing,Manager,Master,30,F," R$ 9,647.41 ",2020-03-20
8777,Finance,,Bachelor,43,M," R$ 20,195.17 ",2023-10-10
8778,Logistics,Assistant,High School,52,F," R$ 7,946.31 ",07/11/2010
8779,Logistics,Director,PhD,31, ," R$ 7,000.96 ",2023-09-20
8780,Finance,Technician,Technical Diploma,57,F," R$ 24,759.19 ",2012-02-12
8781,IT,Technician,Technical Diploma,31,M," R$ 12,509.80 ",2017-05-16
8782,Legal,Manager,Master,48,M," R$ 16,057.83 ",2013-08-12
8783,HR,Specialist,Master,36,M," R$ 7,143.57 ",2022-08-17
8784,Marketing,,Bachelor,40,M," R$ 9,804.74 ",28/10/2017
8785,Logistics,Analyst,Bachelor,32,M," R$ 7,600.07 ",23/02/2018
8786,Finance,Analyst,Bachelor,53,M," R$ 19,696.62 ",2020-11-12
8787,Marketing,Analyst,Bachelor,41,M," R$ 11,569.01 ",2019-11-18
8788,IT,Manager,Master,36,M," R$ 13,610.77 ",2014-09-23
8789,Operations,Manager,Master,25,F," R$ 7,618.93 ",2023-04-14
8790,Finance,Technician,Technical Diploma,38,F, ,2016-06-30
8791,Operations,Analyst,,22,F," R$ 7,851.33 ",2012-11-12
8792,HR,Manager,Master,40,M," R$ 8,029.93 ",17/03/2012
8793,Finance,Specialist, ,26,M," R$ 16,235.32 ",18/09/2012
8794,Logistics,Director,PhD,39,F," R$ 6,290.54 ",2010-06-16
8795, ,Assistant,High School,38,F, ,2019-02-14
8796,Finance,Director,PhD,63,F," R$ 21,507.80 ",2018-02-11
8797,HR,Technician,,62,M," R$ 8,749.62 ",2017-03-10
8798,Logistics,Coordinator,Bachelor,25,M," R$ 5,614.24 ",2022-10-09
8799,Finance,Technician,Technical Diploma,40,F," R$ 22,399.64 ",2010-11-12
8800,Finance,Director,PhD,52,M," R$ 16,081.79 ",2016-10-11
8801,Finance,Assistant,High School,24,F," R$ 15,819.38 ",2018-03-29
8802,Finance,Director,PhD,24,M," R$ 15,642.09 ",2022-03-04
8803,,Coordinator,Bachelor,50,M," R$ 11,526.72 ",2011-11-20
8804,Legal,Director,PhD,29,M," R$ 14,493.69 ",2016-03-22
8805,Logistics,Coordinator,Bachelor,26,M," R$ 5,229.18 ",2017-02-21
8806,Finance,Coordinator,Bachelor,52,F," R$ 21,701.99 ",01/03/2015
8807,Marketing,Manager,Master,48,M," R$ 12,328.12 ",04/03/2012
8808,Finance,Director,PhD,54,M," R$ 24,871.87 ",2013-06-20
8809,Operations,Manager,Master,39,M," R$ 9,998.20 ",23/11/2016
8810,HR,Technician,Technical Diploma,45,F," R$ 9,480.33 ",2014-07-16
8811,Logistics,Assistant,High School,47,F," R$ 6,879.94 ",2010-08-02
8812,Finance,Specialist,Master,52,M," R$ 22,404.24 ",2014-03-09
8813,Legal,,Master,35,M," R$ 16,378.21 ",2021-10-28
8814,Finance,Coordinator,Bachelor,46,M," R$ 22,783.29 ",2010-02-14
8815,IT,Specialist,,53,M," R$ 14,903.61 ",2012-04-20
8816, ,Assistant,High School,60,F," R$ 21,769.68 ",2011-01-06
8817,IT,Technician,Technical Diploma,62,M," R$ 17,006.07 ",2015-08-16
8818,Legal,Director,PhD,35,M," R$ 13,941.09 ",2019-01-13
8819,Operations,Specialist,Master,48,M," R$ 11,402.65 ",2017-04-01
8820,Logistics,Specialist,Master,43,F," R$ 7,204.65 ",24/04/2022
8821,,Manager,Master,59, ," R$ 12,440.27 ",2020-04-22
8822,Operations,Technician,Technical Diploma,28,M," R$ 8,500.45 ",2018-05-23
8823,Legal,Analyst,Bachelor,54,F," R$ 17,395.91 ",2022-11-17
8824, ,Coordinator,Bachelor,64,F," R$ 8,144.75 ",2010-09-28
8825,Marketing,Specialist,Master,62,M," R$ 13,508.79 ",2019-01-02
8826,Finance,Coordinator,Bachelor,54,M," R$ 23,271.31 ",28/05/2023
8827, ,Technician,Technical Diploma,45,F," R$ 12,365.75 ",2019-07-04
8828,Finance,Assistant,High School,47,F," R$ 20,280.16 ",2019-08-25
8829,Logistics,Manager,Master,63,M," R$ 7,919.04 ",2010-12-08
8830,HR,Coordinator,Bachelor,52,F," R$ 8,677.13 ",09/03/2013
8831,Operations,Analyst,Bachelor,48,M," R$ 10,056.11 ",2022-03-06
8832,Operations,Technician, ,34,F," R$ 7,369.07 ",23/12/2012
8833,IT,Specialist,Master,52,M," R$ 16,046.58 ",2010-02-25
8834,HR,Assistant,,53,M," R$ 8,276.67 ",2016-08-22
8835,Finance,Director,PhD,44,M," R$ 19,707.82 ",2011-01-22
8836,IT,Specialist,Master,58,M," R$ 19,175.30 ",2020-07-08
8837,HR,Assistant,High School,61,F," R$ 10,705.58 ",2020-01-21
8838,Marketing,Director,PhD,37,M," R$ 10,434.35 ",2010-12-11
8839,Operations,Manager,Master,60,M," R$ 12,306.46 ",2022-07-28
8840,Finance,Director,PhD,29,F," R$ 17,549.74 ",2011-02-02
8841,IT,Manager,,39,M," R$ 13,342.60 ",2014-04-26
8842,HR,Specialist,Master,48,F," R$ 10,112.61 ",20/01/2012
8843,IT,Technician,Technical Diploma,30,M," R$ 12,580.88 ",2015-09-08
8844,Operations,Specialist,Master,49,M," R$ 11,153.97 ",08/01/2015
8845, ,Technician,Technical Diploma,43,," R$ 8,985.60 ",30/11/2016
8846,IT,Specialist,Master,32,M," R$ 10,904.76 ",2017-10-06
8847,Logistics,Manager,Master,43,M," R$ 6,935.39 ",21/07/2021
8848,Marketing,Specialist,Master,35,M," R$ 9,351.13 ",07/09/2019
8849,Legal,Director,PhD,44,M," R$ 16,801.29 ",2013-09-14
8850,Operations,Assistant,High School,23,," R$ 6,138.63 ",27/01/2015
8851,Operations,Specialist,Master,36,F," R$ 7,989.31 ",2015-09-14
8852,Marketing,Director,PhD,26,M," R$ 8,190.75 ",2019-12-12
8853,Finance,Manager,Master,50,M," R$ 18,423.51 ",2016-04-25
8854,Finance,Technician, ,54,M," R$ 20,532.66 ",2017-06-08
8855,Operations,Manager,Master,51,M," R$ 8,737.71 ",2023-01-24
8856,IT,Analyst,Bachelor,38,M," R$ 13,733.76 ",2021-08-10
8857,Operations,Assistant,High School,22,M," R$ 7,330.16 ",2021-10-28
8858,IT,Coordinator,Bachelor,35,M," R$ 11,200.74 ",11/12/2012
8859,Marketing,Technician,Technical Diploma,38,F," R$ 9,976.62 ",22/07/2017
8860,Marketing,Specialist,Master,30,M," R$ 9,646.03 ",2017-06-29
8861,Marketing,,Master,56,F," R$ 11,395.56 ",2020-11-06
8862,IT,Analyst,Bachelor,52,F," R$ 14,438.28 ",2012-12-12
8863,Legal,Specialist,Master,33,M," R$ 17,114.30 ",2010-03-06
8864,Logistics,Manager,Master,23,M," R$ 4,318.69 ",25/07/2017
8865,Marketing,Analyst,Bachelor,36,M," R$ 9,710.39 ",07/04/2014
8866,Legal, ,Bachelor,55,M," R$ 22,014.71 ",2023-04-23
8867,HR,Assistant,High School,58,M," R$ 9,968.00 ",22/07/2023
8868,Finance,Analyst,Bachelor,62,F," R$ 21,904.75 ",02/08/2021
8869,,Assistant,High School,51,F," R$ 25,946.80 ",2019-05-18
8870,Logistics,Coordinator,Bachelor,35,F," R$ 6,515.84 ",2020-10-08
8871,IT,Specialist,Master,25, ," R$ 12,176.67 ",2010-09-10
8872,IT,Assistant,High School,29,M," R$ 12,882.00 ",2021-02-08
8873,Finance,Analyst,Bachelor,44,F, ,2022-04-21
8874,HR,Assistant,High School,28,M," R$ 6,587.99 ",2023-02-17
8875,IT,Manager,Master,38,M," R$ 13,191.95 ",2013-11-24
8876,Finance, ,High School,43,M," R$ 17,185.08 ",2014-03-07
8877,Logistics,Analyst,Bachelor,59,M," R$ 8,313.62 ",2012-05-05
8878,Logistics,Coordinator,Bachelor,47,F," R$ 7,213.69 ",12/10/2011
8879,HR,Technician,Technical Diploma,29,M," R$ 5,725.53 ",06/02/2023
8880,Legal,Coordinator,Bachelor,43,F," R$ 18,280.93 ",2022-09-22
8881,IT,Specialist,Master,61,M," R$ 14,997.90 ",2012-02-16
8882,Logistics,Analyst,Bachelor,43,F," R$ 6,619.97 ",2011-05-24
8883,,Coordinator,Bachelor,61,M," R$ 12,221.10 ",2017-11-08
8884,Legal,Director,PhD,26,M," R$ 14,376.76 ",2014-04-26
8885,IT,Manager,Master,30,M," R$ 13,170.21 ",2012-05-11
8886,Finance,Coordinator,Bachelor,41,F," R$ 18,670.15 ",2016-09-18
8887,Logistics,Technician,Technical Diploma,43,M," R$ 6,786.98 ",14/08/2016
8888,HR,Assistant,High School,55,F," R$ 8,903.65 ",2022-02-26
8889,IT,Coordinator,Bachelor,56,M," R$ 17,220.60 ",2019-08-22
8890,Finance,Manager,Master,57,M," R$ 23,028.59 ",2023-07-12
8891,Marketing, ,PhD,40,M," R$ 10,325.33 ",2012-04-29
8892,IT,Coordinator,Bachelor,49,F," R$ 16,005.73 ",2015-02-01
8893,IT,Technician,Technical Diploma,28,M," R$ 12,414.62 ",2023-09-07
8894,IT,Manager,Master,62,M,,2019-05-12
8895,Logistics, ,Bachelor,59,M," R$ 8,491.55 ",2020-12-24
8896,Logistics,Manager, ,24,M," R$ 5,946.34 ",2010-02-06
8897,Marketing,Technician,Technical Diploma,53,F," R$ 11,784.30 ",2022-12-11
8898,IT,Analyst,Bachelor,52,F," R$ 16,253.71 ",2020-02-06
8899,HR,Technician,Technical Diploma,46,M," R$ 7,884.28 ",04/05/2014
8900,,Director,,54,M," R$ 11,839.94 ",2015-01-29
8901,Finance,Specialist,Master,26,F," R$ 16,427.63 ",2014-07-10
8902,HR,Director,PhD,50,F," R$ 8,930.74 ",12/05/2016
8903,Operations,, ,52,M," R$ 8,622.84 ",2016-07-01
8904,Marketing,Analyst,Bachelor,47,M," R$ 10,175.58 ",21/08/2019
8905,Finance,Analyst,Bachelor,42,M," R$ 16,695.36 ",2021-12-10
8906,IT,Director,PhD,55,F," R$ 17,755.97 ",2018-08-03
8907,Logistics,Analyst,Bachelor,58,M," R$ 7,561.40 ",2012-02-06
8908,Marketing,Coordinator,Bachelor,22,M," R$ 6,646.75 ",2023-04-05
8909,HR,Director,PhD,25,F," R$ 6,688.60 ",08/10/2020
8910,Legal,Director,PhD,43,M," R$ 18,524.24 ",28/04/2010
8911,HR,Analyst,Bachelor,37,F," R$ 7,422.28 ",2014-09-07
8912,Logistics,Assistant,High School,53,M," R$ 7,238.13 ",2011-06-14
8913,Marketing,Manager,Master,55,F," R$ 10,589.55 ",21/10/2016
8914,IT,Director,PhD,42,M," R$ 10,701.84 ",2018-09-02
8915,IT,Director,PhD,48,M," R$ 17,135.58 ",2011-02-19
8916,IT,Analyst,Bachelor,63,M," R$ 18,007.62 ",2010-10-03
8917,Operations,Specialist,Master,58,F," R$ 11,274.80 ",2010-11-08
8918,Operations,Specialist,Master,24,F," R$ 7,036.72 ",2016-03-26
8919,Operations,Coordinator,Bachelor,64,M," R$ 12,647.18 ",2017-02-02
8920,Legal,Analyst,Bachelor,55,F," R$ 18,312.89 ",2013-10-25
8921,Legal,Technician,Technical Diploma,28,M," R$ 14,966.49 ",2018-03-23
8922,Operations,Manager,Master,50,F," R$ 11,548.49 ",2017-06-15
8923,Marketing,Assistant,High School,24,F," R$ 8,387.40 ",2010-08-25
8924,Marketing,Assistant,High School,59,M," R$ 13,431.90 ",2015-07-28
8925,IT,Analyst,Bachelor,62,F," R$ 17,899.38 ",28/10/2013
8926,IT,Analyst,Bachelor,23,F," R$ 10,656.27 ",2023-06-19
8927,Finance,Coordinator,Bachelor,33,F," R$ 19,150.49 ",2022-02-09
8928,IT,Manager,Master,36, ," R$ 10,611.65 ",2016-02-14
8929,HR,Technician,Technical Diploma,37,M," R$ 7,737.35 ",2017-05-27
8930,HR,Technician,Technical Diploma,24,F," R$ 4,888.24 ",2018-05-04
8931,Operations,Specialist,Master,48,M," R$ 10,549.56 ",2019-03-24
8932,,Analyst,Bachelor,44,F," R$ 16,743.34 ",2023-06-30
8933,Operations,Analyst,Bachelor,54, ," R$ 9,304.32 ",2016-07-16
8934,IT,Analyst,Bachelor,48,F," R$ 14,858.07 ",2012-12-18
8935,Legal,Analyst,Bachelor,45,M," R$ 15,858.64 ",2015-11-12
8936, ,Analyst,Bachelor,59,M," R$ 12,051.12 ",2018-12-27
8937,Finance,Director,PhD,48,F," R$ 21,397.83 ",2011-09-23
8938,Finance,Assistant,,52,F, ,14/01/2021
8939,Legal,Assistant,High School,36,M," R$ 13,879.83 ",2016-03-21
8940,Operations,Technician,Technical Diploma,56,F," R$ 9,958.25 ",2021-01-10
8941,Logistics,Manager,Master,57,M," R$ 6,733.80 ",2022-03-18
8942,Logistics,Technician,Technical Diploma,45,F," R$ 7,240.86 ",26/05/2015
8943,IT,,Technical Diploma,38,F," R$ 12,860.00 ",2010-05-03
8944,Marketing,Assistant,High School,55,M," R$ 12,463.10 ",2011-02-13
8945,IT, ,Master,22,F," R$ 10,625.28 ",2019-10-03
8946,IT,Manager,Master,41,M," R$ 13,260.68 ",2014-05-15
8947,HR,Director,PhD,27,M," R$ 7,076.30 ",26/07/2012
8948,Operations,Specialist,Master,26,M," R$ 7,351.37 ",2023-01-12
8949,Operations,Manager, ,50,F," R$ 10,971.07 ",2021-08-12
8950,Finance,Specialist,Master,27,F," R$ 13,698.02 ",2015-09-17
8951,Logistics,Analyst,Bachelor,54,F," R$ 7,707.99 ",02/07/2018
8952,Logistics,Specialist,Master,59,," R$ 8,175.70 ",2015-04-26
8953,Logistics,Assistant,High School,50,M,,2018-07-09
8954,Finance,Technician,Technical Diploma,31,F," R$ 16,453.90 ",2014-04-08
8955,HR,Assistant,High School,53,M," R$ 7,503.83 ",2019-08-02
8956,Legal,Technician,Technical Diploma,46,F," R$ 18,176.34 ",2011-10-02
8957,HR,Assistant,High School,49,F," R$ 6,929.91 ",2018-10-23
8958,Operations,Analyst,Bachelor,50,M," R$ 10,055.87 ",2023-04-28
8959,Operations, ,Master,56,F," R$ 10,850.35 ",2010-11-07
8960,Finance,Technician,Technical Diploma,53,F," R$ 20,959.79 ",16/09/2019
8961,Logistics,,High School,57,M," R$ 7,452.68 ",16/10/2017
8962,Operations,Specialist,Master,28, ," R$ 7,593.13 ",2013-03-05
8963,Operations,Specialist,Master,31,F," R$ 8,028.25 ",23/02/2015
8964,Legal,Specialist,Master,55,M," R$ 19,690.98 ",2010-02-05
8965,Legal,Specialist,Master,54,M," R$ 19,948.14 ",2016-01-17
8966,Operations,Manager,Master,47,F," R$ 10,566.80 ",15/10/2016
8967,Operations,Technician,Technical Diploma,34,F," R$ 6,739.12 ",2011-10-31
8968,Legal,Assistant,High School,51,F," R$ 19,369.62 ",2023-01-27
8969,Legal,Specialist,Master,53,F," R$ 20,122.09 ",2023-01-18
8970,HR,Manager,Master,54,M," R$ 9,805.02 ",19/06/2019
8971,Operations,Technician,Technical Diploma,27,F," R$ 7,289.71 ",16/12/2011
8972,HR,Manager,Master,57,M," R$ 9,470.47 ",2022-05-18
8973,HR,Technician,Technical Diploma,23,F," R$ 5,440.25 ",2011-10-24
8974,Logistics,Technician,Technical Diploma,28,F,,2022-10-16
8975,Operations,Manager,Master,51,F," R$ 10,351.95 ",2022-04-26
8976,Operations,Assistant,High School,47,F," R$ 8,661.45 ",24/12/2023
8977,Finance,Technician,Technical Diploma,46,F," R$ 21,540.72 ",2012-11-02
8978,IT,Manager,Master,54,F," R$ 17,288.91 ",2010-08-11
8979,,Analyst,Bachelor,63,M, ,2010-04-13
8980,HR,Assistant,High School,27,F," R$ 7,607.25 ",2013-11-29
8981,Marketing,Director,PhD,29, ," R$ 9,322.31 ",2014-11-19
8982,Logistics,Coordinator,Bachelor,30,M," R$ 5,610.17 ",21/08/2019
8983,Legal,Coordinator,Bachelor,32,F," R$ 15,234.23 ",2014-06-29
8984,Operations,Coordinator,Bachelor,45,M," R$ 8,424.34 ",2018-07-25
8985,IT,Director,PhD,27,M," R$ 10,847.62 ",2020-07-28
8986,Finance,Specialist,Master,61,F," R$ 23,811.40 ",2019-01-13
8987,IT,Coordinator,Bachelor,37,M," R$ 12,385.03 ",2017-12-01
8988,Logistics,Assistant,High School,38,M," R$ 6,680.09 ",2014-01-14
8989,Legal,Director, ,45, ," R$ 17,464.95 ",2017-05-03
8990,HR,Director,PhD,28,M," R$ 6,888.83 ",2013-06-13
8991,Marketing,Director,PhD,61,F," R$ 13,450.88 ",2017-02-15
8992,Finance,Manager,Master,61,M," R$ 24,145.70 ",2016-10-18
8993,IT,Coordinator,Bachelor,48,F," R$ 13,858.13 ",2017-03-15
8994,IT,Director,PhD,31,M," R$ 12,078.20 ",2018-07-18
8995,Legal,Specialist,Master,30,F," R$ 14,563.10 ",2012-07-04
8996,Operations,Technician,Technical Diploma,31,M," R$ 8,518.72 ",2013-03-28
8997,Legal,Manager,Master,51,M," R$ 16,269.12 ",2022-05-12
8998,Legal,Specialist,Master,30,F,,01/01/2018
8999,Finance,Technician,Technical Diploma,47,F," R$ 23,171.07 ",2016-10-29
9000,Finance,Specialist,Master,55,M," R$ 21,458.05 ",2011-08-14
9001,IT,Technician,Technical Diploma,56,M," R$ 14,265.31 ",2018-01-08
9002,Logistics,,Bachelor,48,F," R$ 7,401.80 ",2016-09-04
9003,Finance,Manager,Master,41,F," R$ 18,153.18 ",2016-04-17
9004,IT,Coordinator,Bachelor,45,M," R$ 13,514.52 ",2018-07-19
9005,IT,Coordinator,Bachelor,48,F," R$ 15,302.44 ",2018-07-05
9006,Finance,Analyst,Bachelor,62,M," R$ 24,484.31 ",2014-01-25
9007,Operations,Assistant,High School,40,M," R$ 8,950.26 ",2019-11-23
9008,Legal,Manager,Master,39,F," R$ 16,582.30 ",2016-02-28
9009,Marketing,Assistant,High School,64,M," R$ 12,525.35 ",11/06/2021
9010,Legal,Manager,Master,62,F," R$ 21,468.68 ",2017-08-03
9011,HR,,High School,33,F," R$ 7,041.11 ",2010-12-01
9012,Logistics, ,Master,61,F," R$ 8,583.14 ",2021-04-21
9013,Operations,Manager,Master,39,F," R$ 10,163.25 ",2015-11-03
9014,Marketing,Coordinator,Bachelor,29,M," R$ 10,102.62 ",2023-01-10
9015,IT,Coordinator,Bachelor,57,F," R$ 18,269.25 ",2011-04-30
9016,Legal,Technician,Technical Diploma,59,F," R$ 20,806.92 ",21/06/2011
9017,HR,Analyst,Bachelor,37,M," R$ 7,658.49 ",2015-09-30
9018,,Manager,Master,34,F," R$ 20,405.20 ",01/11/2011
9019,HR,Director,PhD,47,," R$ 8,376.75 ",2016-10-08
9020,Logistics,Analyst,Bachelor,47,F," R$ 6,877.42 ",2013-08-01
9021,Logistics,Specialist,Master,42,M," R$ 6,986.50 ",2010-02-05
9022,Operations,,Master,42, ," R$ 9,812.74 ",2021-04-04
9023,Legal,Coordinator,Bachelor,29,F,,2017-11-18
9024,IT,Technician,Technical Diploma,54,F," R$ 16,585.50 ",2010-02-27
9025,IT,Analyst,Bachelor,27,M," R$ 12,067.95 ",2020-06-05
9026,Finance,Manager,Master,23,F," R$ 18,150.67 ",2022-10-08
9027,IT,Director,PhD,29,F," R$ 13,690.07 ",2011-01-23
9028,Finance,Specialist,Master,27,M," R$ 15,890.91 ",10/05/2018
9029,Logistics,Analyst,Bachelor,27,F," R$ 5,489.10 ",2014-04-08
9030,IT,Specialist,Master,43,M," R$ 16,770.54 ",2018-05-30
9031,Logistics,,High School,46,F," R$ 7,283.22 ",2013-08-28
9032,Legal,Manager,Master,52,M," R$ 19,434.67 ",2011-05-01
9033,Logistics,Assistant,High School,56,M," R$ 7,441.52 ",2018-11-05
9034,Logistics,Technician,Technical Diploma,26,M," R$ 5,966.55 ",2016-08-12
9035,Logistics,Assistant,,43,M," R$ 6,606.04 ",2016-08-13
9036,HR,Technician,Technical Diploma,46,M," R$ 9,408.23 ",2015-08-07
9037,Logistics,Analyst,Bachelor,39,F," R$ 6,324.63 ",2012-06-10
9038,HR,Analyst,Bachelor,30,F," R$ 7,275.81 ",2023-04-19
9039,Operations,,Technical Diploma,46,M," R$ 9,393.84 ",2021-06-20
9040,Legal,Assistant,High School,50,F, ,2014-02-15
9041,HR,Assistant,High School,54,F," R$ 9,741.39 ",17/08/2010
9042,Legal,Technician,Technical Diploma,64,," R$ 21,880.66 ",2021-06-28
9043,Legal,Analyst,Bachelor,29,M," R$ 12,836.30 ",08/07/2013
9044,Logistics,Technician,Technical Diploma,61,F," R$ 8,939.40 ",13/08/2023
9045,Marketing,Analyst,Bachelor,34,F," R$ 8,662.86 ",21/03/2021
9046,IT,Manager,Master,29,F," R$ 11,451.04 ",2017-06-10
9047,HR,Technician,Technical Diploma,62,F," R$ 9,996.49 ",17/08/2022
9048,Marketing,Coordinator,Bachelor,48,," R$ 11,410.75 ",08/02/2011
9049,,Manager,Master,24,M," R$ 11,378.56 ",2019-10-01
9050,IT,Analyst,Bachelor,54,F," R$ 16,830.73 ",2017-02-28
9051,IT,Coordinator,Bachelor,52,F," R$ 14,380.91 ",2021-07-31
9052,Finance,Coordinator,Bachelor,49,M," R$ 21,114.91 ",01/02/2018
9053,Legal,Specialist,Master,42,F," R$ 17,889.79 ",2010-09-20
9054,IT,Technician,Technical Diploma,50,M," R$ 14,744.49 ",2019-08-04
9055,HR,Coordinator,Bachelor,50,M," R$ 8,547.50 ",05/08/2019
9056,Legal,Assistant,High School,30,M," R$ 14,841.46 ",2020-01-30
9057,Operations,Coordinator, ,43,M," R$ 9,774.21 ",06/09/2015
9058,Legal,Coordinator,Bachelor,29,M," R$ 16,531.13 ",11/03/2011
9059,Logistics,Manager,Master,38,M," R$ 5,049.10 ",2010-03-04
9060,Legal,Analyst,Bachelor,44,M," R$ 18,117.41 ",2018-04-28
9061,Marketing,Coordinator,Bachelor,60,F," R$ 13,100.33 ",21/10/2017
9062,Logistics,Analyst,Bachelor,51,F," R$ 7,580.13 ",2019-10-15
9063,IT,Analyst,Bachelor,36,M," R$ 12,648.57 ",2021-03-07
9064,Finance,Assistant,High School,35,F," R$ 19,583.35 ",2014-02-04
9065,Finance, ,Technical Diploma,46,F," R$ 19,233.28 ",2021-01-14
9066,Marketing,Manager,Master,37,M," R$ 11,893.05 ",2013-01-26
9067,Operations,Assistant,High School,39,M," R$ 8,589.54 ",2022-02-23
9068,IT,Analyst,Bachelor,53,M," R$ 14,977.61 ",2012-06-15
9069,Logistics,Specialist,Master,59,M," R$ 8,645.59 ",2018-04-02
9070,Operations,Technician,Technical Diploma,36,F," R$ 8,782.00 ",2015-03-10
9071,Legal,Technician,Technical Diploma,58,F," R$ 22,484.74 ",21/10/2013
9072,HR,Assistant,High School,54,M," R$ 9,570.36 ",2019-09-19
9073,Marketing,Assistant,High School,34,F," R$ 9,448.45 ",2022-06-21
9074,HR,Specialist,Master,28,F," R$ 6,408.63 ",2020-10-06
9075,IT,Manager,Master,40,M," R$ 12,148.46 ",2021-02-06
9076,,Analyst,,42,M," R$ 9,294.17 ",2020-12-12
9077,IT,Director,PhD,58,M," R$ 18,601.36 ",2018-05-19
9078,Finance,Analyst,Bachelor,30,F," R$ 16,054.52 ",2016-01-25
9079,Marketing,Director,PhD,25,M," R$ 7,760.11 ",2016-07-12
9080,Operations,Manager,Master,52,F," R$ 10,213.93 ",05/06/2015
9081,Logistics,Coordinator,Bachelor,28,M," R$ 5,590.87 ",2013-11-28
9082,Operations,Technician,Technical Diploma,34,F," R$ 8,776.80 ",21/04/2018
9083,Operations,Assistant,High School,61,F," R$ 11,220.78 ",2017-11-15
9084,Marketing,Director,PhD,57,F," R$ 13,197.94 ",2019-07-21
9085,Operations,Analyst,Bachelor,29,F," R$ 8,303.39 ",29/01/2011
9086,HR,Analyst,Bachelor,47,M," R$ 6,970.82 ",2019-02-24
9087,HR,Analyst,Bachelor,48,F," R$ 10,086.53 ",2020-12-29
9088,IT,Technician,Technical Diploma,47,M," R$ 14,639.82 ",2023-05-26
9089,Finance,Technician,Technical Diploma,63,F," R$ 27,418.78 ",2017-04-03
9090,Logistics,Assistant,High School,35,M," R$ 7,401.07 ",2021-11-20
9091,HR,Coordinator,Bachelor,41,M," R$ 7,331.03 ",2011-01-15
9092, ,Director,PhD,63,F," R$ 12,748.10 ",16/10/2011
9093,Operations, ,Master,49,F," R$ 10,268.55 ",2018-12-28
9094,Logistics,Manager,Master,29,M," R$ 5,725.59 ",03/10/2018
9095,Logistics,Manager,Master,26,F," R$ 5,171.71 ",30/10/2018
9096,Legal,Director, ,34,M," R$ 16,482.12 ",2021-03-16
9097, ,Director,PhD,23,F," R$ 9,787.21 ",2012-10-17
9098,Marketing,Specialist,Master,35,F," R$ 10,454.15 ",22/06/2014
9099,Logistics, ,PhD,24,M," R$ 4,808.80 ",02/11/2019
9100,IT,Analyst,Bachelor,37,F," R$ 12,480.10 ",2018-03-11
9101,Finance,Director,PhD,30,," R$ 16,411.74 ",2017-08-29
9102, ,Analyst,Bachelor,60,F," R$ 20,659.99 ",2020-04-16
9103,Legal,,Bachelor,23,M, ,2018-08-04
9104,Operations,Assistant,High School,32,M," R$ 8,379.25 ",2022-07-30
9105,Finance,Technician,Technical Diploma,45,M," R$ 20,152.72 ",2010-10-05
9106,IT,Coordinator,Bachelor,64,F," R$ 18,061.95 ",2010-06-07
9107,HR,Director, ,50,M," R$ 9,549.51 ",2014-08-30
9108,Marketing,Specialist,Master,35,F," R$ 10,326.79 ",2012-02-17
9109,Marketing,Analyst,Bachelor,61,M," R$ 12,727.00 ",2013-02-03
9110,Operations,Director,PhD,43,F," R$ 10,440.21 ",11/06/2017
9111,Operations,Analyst,Bachelor,55,F," R$ 11,362.37 ",07/01/2013
9112,Legal,Assistant,High School,57,M," R$ 19,380.52 ",2017-01-04
9113, ,Analyst,Bachelor,54,M," R$ 8,205.59 ",2020-07-11
9114,HR,Specialist,Master,60,F," R$ 10,127.89 ",13/02/2013
9115,Finance,Director,PhD,64,F," R$ 23,081.58 ",2012-12-04
9116,IT,Technician,Technical Diploma,39,M," R$ 14,428.88 ",2011-01-27
9117,Logistics,Manager,Master,43,M," R$ 6,279.11 ",2011-11-24
9118,Operations,Coordinator,Bachelor,46,M, ,22/09/2023
9119,IT,Assistant,High School,58,F," R$ 15,743.78 ",2011-05-11
9120,HR,Coordinator,Bachelor,26,M," R$ 6,232.71 ",20/09/2014
9121,HR,Technician,Technical Diploma,53,M," R$ 10,103.47 ",2019-08-01
9122,Logistics,Technician,Technical Diploma,57,M," R$ 7,398.54 ",2019-11-08
9123,Operations,Specialist,,30,M," R$ 8,202.20 ",2022-12-19
9124,Marketing,Specialist,Master,35,M," R$ 9,265.18 ",2020-03-16
9125,Marketing,,Bachelor,53,F," R$ 10,637.82 ",2020-06-12
9126,Operations,Director,PhD,30,M," R$ 7,944.72 ",2023-04-27
9127, ,Specialist,Master,44,F," R$ 8,480.50 ",26/12/2010
9128,Finance,Specialist,Master,30,F," R$ 17,378.74 ",2010-11-13
9129,HR,Technician,Technical Diploma,42,F," R$ 8,132.55 ",2022-07-24
9130,Marketing,Specialist,Master,53,M," R$ 11,731.83 ",27/10/2020
9131,Marketing,Technician,Technical Diploma,31,F," R$ 10,662.81 ",2018-06-19
9132,Finance,Director,PhD,50,F," R$ 20,273.69 ",2013-12-02
9133,Logistics,Manager, ,55,F," R$ 8,385.08 ",2012-04-10
9134,HR,Director,PhD,43,M," R$ 7,863.91 ",2020-10-01
9135,HR,Specialist,Master,26,M," R$ 6,085.05 ",2020-05-20
9136,Operations,Manager,Master,32,M," R$ 7,531.06 ",2010-09-01
9137,HR,Specialist,Master,49,M," R$ 9,112.91 ",06/11/2018
9138,HR,Manager,Master,45,M," R$ 7,727.31 ",2016-03-18
9139,Finance,Manager,Master,55,F," R$ 24,197.13 ",21/07/2015
9140,Finance,Manager,Master,63,F," R$ 25,743.39 ",2011-03-28
9141,Finance,Coordinator,Bachelor,61,F," R$ 23,836.96 ",2014-06-03
9142,HR,Coordinator,Bachelor,31,F," R$ 6,463.62 ",26/05/2020
9143,Logistics, ,Master,47,M," R$ 7,660.10 ",2022-03-11
9144,IT,Specialist,Master,64,F," R$ 17,302.17 ",2020-07-21
9145,Marketing,Specialist,Master,62,F," R$ 13,555.79 ",2017-12-21
9146,Marketing,Assistant,High School,28,F," R$ 8,689.28 ",2020-08-02
9147,Marketing,Assistant,High School,28,M," R$ 8,353.75 ",20/09/2019
9148,HR,Assistant,High School,36,M," R$ 6,699.91 ",2022-11-28
9149,HR,Coordinator,Bachelor,24,F," R$ 5,789.89 ",2014-05-23
9150,Legal,Manager,Master,47,M," R$ 17,930.91 ",2010-07-26
9151,Logistics,Manager,Master,28,F," R$ 6,017.49 ",2012-02-29
9152,IT,Analyst,Bachelor,23,M," R$ 10,564.43 ",29/11/2019
9153,IT,Director,PhD,31,M," R$ 12,444.44 ",2023-04-30
9154,HR,Manager,Master,51,F," R$ 10,038.10 ",2019-04-17
9155,Marketing,Technician, ,24,F, ,2020-04-14
9156,IT,Specialist,Master,59,M," R$ 17,834.56 ",2011-09-08
9157,Finance,,Bachelor,50,M," R$ 22,258.86 ",2010-11-12
9158,Logistics,Analyst,Bachelor,46,F," R$ 7,507.11 ",2012-09-23
9159,Marketing,Analyst,Bachelor,25,M," R$ 9,039.64 ",2019-12-18
9160, ,Manager,Master,26,M," R$ 15,305.49 ",2017-11-19
9161,HR,Technician,Technical Diploma,27,M," R$ 6,646.76 ",22/10/2013
9162,HR,Assistant,High School,40,M," R$ 8,984.13 ",2021-07-13
9163,HR,Analyst,Bachelor,39,M," R$ 7,926.45 ",2012-09-10
9164,HR,Technician,Technical Diploma,59,M," R$ 9,838.36 ",2011-06-03
9165,IT,Manager,Master,57,M," R$ 15,982.30 ",2014-11-27
9166,Marketing,Technician,,33,F," R$ 10,707.18 ",2022-01-04
9167,Logistics,Manager,Master,45,M," R$ 7,021.39 ",2023-10-14
9168,Marketing,Coordinator,Bachelor,51,F," R$ 12,539.99 ",03/01/2020
9169,Logistics,Assistant,High School,35,M," R$ 6,393.08 ",2020-06-01
9170,Operations,Analyst,Bachelor,60,M," R$ 11,157.43 ",2023-08-22
9171,Finance,Director,PhD,23,F," R$ 14,172.58 ",2012-06-14
9172,Marketing,Director,PhD,55,F," R$ 12,650.93 ",2018-09-04
9173,Logistics,Assistant,High School,41,F," R$ 6,853.97 ",2019-12-13
9174,Finance,Coordinator,Bachelor,57,F," R$ 19,561.34 ",2021-08-11
9175,IT,Director,PhD,44,F," R$ 15,281.99 ",2019-09-27
9176,Operations,Director,PhD,56,F," R$ 10,801.06 ",2020-06-11
9177,Logistics,Technician,Technical Diploma,55,F," R$ 9,373.14 ",2017-08-15
9178,Marketing,Manager,Master,42,M," R$ 12,921.37 ",2022-12-05
9179,Legal,Coordinator,Bachelor,59,F," R$ 21,409.16 ",2020-02-04
9180,IT,Assistant,High School,29,F," R$ 9,889.10 ",2015-07-30
9181,Operations,Coordinator,Bachelor,64,M," R$ 12,462.94 ",31/08/2018
9182,Finance,,Master,51,F," R$ 19,845.06 ",2011-08-20
9183,Logistics,Technician,Technical Diploma,41,M," R$ 6,119.45 ",2021-06-22
9184,Logistics,Coordinator,Bachelor,41,M," R$ 6,262.61 ",2021-01-08
9185,Marketing,Analyst,Bachelor,44,F," R$ 12,887.45 ",02/04/2011
9186,Legal,Manager,Master,41,F," R$ 16,264.49 ",2013-07-10
9187,Logistics,Technician,Technical Diploma,44, ," R$ 6,904.54 ",2020-11-20
9188,Logistics,Assistant,High School,25,F," R$ 5,561.68 ",2015-10-18
9189,HR,Assistant,High School,31,F," R$ 6,316.89 ",2012-10-14
9190,Legal,Director,PhD,61,F," R$ 21,167.51 ",2016-08-14
9191,Legal,Manager,Master,26,F," R$ 15,532.79 ",2020-07-23
9192,Operations,Director, ,53,M," R$ 10,308.04 ",2022-08-22
9193,Finance,Manager,Master,39,M," R$ 18,319.60 ",2021-10-25
9194,Logistics,Director,PhD,46,M," R$ 7,801.43 ",2021-07-25
9195,Finance,Analyst,Bachelor,38,F," R$ 18,859.92 ",29/11/2020
9196,Operations,Assistant,High School,26,M," R$ 7,556.43 ",2019-04-06
9197,HR,Technician,Technical Diploma,56,M,,2022-06-27
9198, ,Manager,Master,63,M," R$ 8,824.15 ",2018-10-03
9199,Marketing,Specialist,,42,M," R$ 10,173.63 ",2019-12-25
9200,IT,Analyst,Bachelor,57,F," R$ 15,589.29 ",2019-03-22
9201,Logistics,Director,PhD,40,M," R$ 5,494.59 ",2017-11-11
9202,HR,Director,PhD,44,M," R$ 8,948.12 ",2015-01-09
9203,IT,Assistant,High School,26,M," R$ 9,583.89 ",2020-11-15
9204,HR,Coordinator,Bachelor,54,F," R$ 9,766.78 ",2020-07-09
9205,IT,Specialist,Master,25,F,,27/05/2017
9206,Operations,Specialist,Master,54,M," R$ 10,737.68 ",2012-11-13
9207,Logistics,Technician,Technical Diploma,56,M," R$ 9,497.40 ",2022-01-07
9208,HR,Specialist,Master,63,M," R$ 9,974.76 ",18/08/2023
9209,Operations,Coordinator,Bachelor,47,F," R$ 9,743.97 ",02/04/2016
9210,IT,Coordinator,Bachelor,58,F," R$ 17,966.29 ",2019-02-09
9211,IT,Manager,Master,43,M," R$ 12,759.68 ",2013-02-23
9212,Marketing,Specialist,Master,32,F," R$ 9,409.42 ",2012-05-10
9213,,Specialist,Master,47,F," R$ 14,672.15 ",2012-08-23
9214,Logistics,Director,PhD,62,F," R$ 9,245.16 ",2014-10-02
9215,Marketing,Assistant,High School,34,M," R$ 10,304.06 ",2016-06-07
9216,,Assistant,High School,35,M," R$ 12,099.28 ",2013-08-14
9217,Finance,Analyst,Bachelor,62,F," R$ 23,290.81 ",2017-08-05
9218,Logistics,Specialist,,28,F, ,23/08/2022
9219,HR,Analyst,Bachelor,37,M," R$ 7,425.75 ",2014-05-06
9220,HR,Specialist,Master,41,F," R$ 8,273.06 ",04/04/2021
9221,IT,Assistant,High School,64,M," R$ 20,523.95 ",2023-06-06
9222,Operations,Analyst,Bachelor,48,F," R$ 7,693.33 ",2011-11-10
9223,Legal,Director,PhD,55,M," R$ 20,082.32 ",08/12/2023
9224,Operations,Specialist,Master,43,M," R$ 8,963.59 ",2012-04-05
9225, ,Assistant,High School,59, ," R$ 9,578.62 ",2017-04-27
9226,Legal,Manager,Master,58,F," R$ 19,377.24 ",2021-06-15
9227,Logistics,Analyst,Bachelor,24,M," R$ 5,039.87 ",30/11/2015
9228,IT,Director,PhD,48,F," R$ 15,194.84 ",2014-09-22
9229,Logistics,Analyst,Bachelor,28,," R$ 5,139.94 ",13/03/2011
9230,Legal,Technician,Technical Diploma,56,F," R$ 21,935.87 ",2019-03-09
9231,HR,Director,PhD,44,M," R$ 8,278.23 ",2016-08-27
9232,HR,Analyst,Bachelor,23,M,,2020-12-18
9233,IT,Specialist,Master,45,F," R$ 15,111.90 ",2015-04-15
9234,Marketing,Director,PhD,23,M," R$ 8,243.26 ",2022-04-22
9235,IT,Coordinator,Bachelor,57,F," R$ 18,225.27 ",2014-10-22
9236,IT,Specialist,Master,38,F," R$ 12,122.84 ",2023-07-12
9237,Marketing,Analyst,Bachelor,32,M," R$ 8,919.80 ",2023-04-10
9238,HR,Manager,Master,28,M," R$ 6,742.08 ",2018-10-05
9239,Finance,Assistant,High School,23,F," R$ 16,737.27 ",2020-10-20
9240,HR,Analyst,Bachelor,36,F," R$ 7,511.34 ",2023-08-05
9241,Marketing,Assistant,High School,52,F," R$ 10,391.82 ",2013-12-21
9242,Logistics,Director,PhD,27,M," R$ 5,905.22 ",29/05/2014
9243,Marketing,Analyst,Bachelor,58,F," R$ 12,246.83 ",2012-10-21
9244,Legal,Coordinator,Bachelor,50,M," R$ 18,027.68 ",2014-10-01
9245,Finance,Assistant,High School,25,M," R$ 16,205.42 ",20/06/2020
9246,Operations,Analyst,Bachelor,58,F," R$ 10,111.54 ",2012-11-03
9247,Legal,Assistant,High School,33,F," R$ 13,148.35 ",2018-03-27
9248,IT,Manager,Master,48,M," R$ 16,301.43 ",2019-04-27
9249,Legal,Specialist,Master,46,M," R$ 17,287.04 ",2020-06-21
9250,Finance,Director,PhD,33,F," R$ 17,302.93 ",2021-06-21
9251,IT,Director,PhD,38,F," R$ 12,717.24 ",2019-12-10
9252,Logistics,Director,PhD,33,M," R$ 6,148.89 ",2017-09-02
9253,,Specialist,,52,F," R$ 14,585.16 ",2011-09-07
9254,Operations,Coordinator,Bachelor,30,F," R$ 8,500.13 ",2010-03-16
9255,IT,Coordinator,Bachelor,40,F," R$ 11,320.65 ",2013-02-26
9256,Finance,Director,PhD,50,F," R$ 22,668.94 ",2011-09-24
9257,Finance,Specialist,Master,46,M," R$ 20,680.88 ",2015-02-18
9258,Logistics,Director,PhD,36,F," R$ 6,132.87 ",2014-09-17
9259,Logistics,Analyst,Bachelor,30,F," R$ 6,002.58 ",2020-03-17
9260,Marketing,Director,PhD,34,M," R$ 10,075.21 ",30/11/2012
9261,Finance,Director,PhD,63,," R$ 17,605.70 ",2012-09-04
9262,Logistics,Assistant,High School,24,M," R$ 4,640.25 ",2012-05-20
9263,Logistics,Analyst,Bachelor,31,F," R$ 5,586.12 ",2014-05-26
9264,Legal, ,Master,39,M," R$ 16,619.16 ",01/12/2020
9265,Legal,Coordinator,Bachelor,31,M," R$ 14,559.56 ",2021-07-04
9266,Finance,Specialist,Master,57,M," R$ 24,790.40 ",2015-03-04
9267,Marketing,Specialist,Master,49,M," R$ 13,089.58 ",2020-07-29
9268,Marketing,Director,,24,F," R$ 9,041.01 ",2014-11-01
9269,IT,Technician,Technical Diploma,41,M," R$ 11,958.98 ",27/09/2012
9270,Logistics,Technician,Technical Diploma,39,F," R$ 6,759.04 ",2012-12-02
9271,HR,Specialist,Master,58,F," R$ 9,053.42 ",2015-11-01
9272,Marketing,Assistant,High School,41,F," R$ 11,200.37 ",2023-06-06
9273,Operations,Manager, ,31,M," R$ 7,514.14 ",2022-08-27
9274,HR,Technician,Technical Diploma,55,F," R$ 8,021.97 ",24/06/2021
9275,Finance,Coordinator,,43,M," R$ 19,159.76 ",2015-01-26
9276,Finance,Manager,Master,42,M," R$ 24,823.28 ",12/02/2011
9277,Finance,Director,PhD,54,M," R$ 25,340.46 ",2012-12-14
9278,Operations,Specialist,Master,37,M," R$ 9,165.02 ",28/12/2020
9279,Logistics,Assistant,High School,63,F," R$ 8,729.51 ",05/05/2011
9280,HR,Manager,Master,56,M," R$ 8,600.67 ",2012-01-25
9281,IT,Assistant,High School,57,F," R$ 14,313.86 ",2015-01-14
9282,Marketing,Coordinator,Bachelor,22,," R$ 7,354.74 ",2014-10-29
9283,Finance,Specialist,Master,33, ," R$ 17,204.99 ",2011-10-25
9284,IT,Specialist,Master,34,F," R$ 13,536.80 ",28/01/2020
9285,Finance,Analyst,Bachelor,29,F," R$ 16,909.32 ",2020-06-30
9286,Legal,Manager,Master,52,F," R$ 18,406.46 ",2015-09-21
9287,Logistics,Assistant,High School,26,M," R$ 5,264.12 ",21/11/2020
9288,Finance,,Bachelor,57,M," R$ 25,085.87 ",2019-08-09
9289,IT,Manager,Master,46,F," R$ 14,657.22 ",04/04/2019
9290,Logistics,Coordinator,Bachelor,34,F," R$ 6,076.28 ",2014-02-11
9291,IT,Director,PhD,56,F," R$ 17,504.52 ",2016-10-24
9292,Marketing,Coordinator,Bachelor,53,F," R$ 12,999.33 ",2013-12-13
9293,IT,Manager,Master,29,M,,2019-10-09
9294,Finance,Technician,Technical Diploma,43,M," R$ 20,189.11 ",2020-01-26
9295,Marketing,Technician,Technical Diploma,27,M," R$ 8,749.38 ",2015-08-04
9296,Marketing,Assistant,High School,32,M," R$ 9,345.26 ",31/10/2010
9297,Marketing,Director,PhD,28,M," R$ 7,941.36 ",2019-08-15
9298,Logistics,Specialist,Master,36,," R$ 6,921.81 ",2012-04-20
9299,Marketing,Manager,Master,25,M," R$ 8,907.88 ",2014-07-27
9300,Legal,Specialist,Master,61,F," R$ 21,071.27 ",2021-12-05
9301,Logistics,Analyst,Bachelor,55,F," R$ 6,902.17 ",2022-08-28
9302,IT,Coordinator,Bachelor,64,M," R$ 19,584.72 ",2015-01-11
9303,IT,Director,PhD,61,M," R$ 15,297.81 ",2014-04-19
9304, ,Manager,Master,43,M," R$ 10,579.11 ",2019-08-11
9305,Legal,Specialist,Master,51,F," R$ 18,671.13 ",17/11/2015
9306,Marketing,Assistant,High School,40,F," R$ 10,424.53 ",2017-12-27
9307,Marketing,Analyst,Bachelor,58,M," R$ 23,613.88 ",2022-03-11
9308,HR,Assistant,High School,59,M," R$ 9,468.74 ",2015-06-29
9309,,Analyst,Bachelor,51,F," R$ 12,642.80 ",2018-02-10
9310,Finance,Manager,Master,53,F," R$ 23,740.71 ",2012-03-19
9311,Legal,Director,PhD,40,M," R$ 14,941.26 ",2012-02-10
9312,Marketing,Specialist,Master,46,M," R$ 12,315.34 ",20/08/2021
9313,Operations,Technician,Technical Diploma,58,F," R$ 11,802.29 ",2012-03-03
9314,HR,Director,PhD,44,M," R$ 8,560.17 ",2013-08-26
9315,Finance,Specialist,Master,33,M," R$ 17,721.18 ",2019-09-19
9316,Logistics,Analyst,Bachelor,30,F, ,2013-04-29
9317,Finance,Technician,Technical Diploma,58,F," R$ 25,163.15 ",2016-12-25
9318,Logistics,Coordinator,Bachelor,38,F," R$ 5,838.13 ",2017-10-21
9319,Finance,Coordinator,Bachelor,56,F," R$ 23,235.58 ",2023-03-05
9320,IT,Coordinator,Bachelor,62,F," R$ 16,834.22 ",2013-05-01
9321,Logistics,Director,PhD,51,F," R$ 7,642.09 ",08/09/2017
9322,IT,Director,PhD,25,F," R$ 10,576.67 ",2017-09-18
9323,Finance,Coordinator,Bachelor,62,F," R$ 19,422.17 ",27/02/2013
9324,Legal,Analyst,Bachelor,25,F," R$ 12,830.94 ",2017-07-28
9325,Logistics,Assistant,High School,45,M," R$ 6,937.24 ",2021-06-06
9326,IT,Coordinator,Bachelor,24,F," R$ 9,172.38 ",2021-03-26
9327,Legal,Analyst,Bachelor,30,M," R$ 15,534.36 ",2021-06-12
9328,HR,Technician,Technical Diploma,32,M," R$ 7,124.50 ",09/06/2011
9329,Finance,Director,PhD,53,M," R$ 21,759.13 ",2016-06-23
9330,Operations,Coordinator,Bachelor,64,M," R$ 11,990.36 ",2014-10-09
9331, ,Analyst,Bachelor,61,F," R$ 7,994.10 ",2015-08-12
9332,Marketing,Coordinator,Bachelor,50,F," R$ 12,885.57 ",2015-08-11
9333,Finance,Manager,Master,55,F," R$ 25,205.20 ",2011-01-22
9334,IT,Coordinator,Bachelor,55,M," R$ 14,685.96 ",2020-06-09
9335,Finance,Director,PhD,42,F," R$ 20,245.61 ",2015-02-06
9336,Finance,Coordinator,Bachelor,46,F," R$ 20,199.76 ",2013-06-16
9337,Operations,Specialist,Master,42,F," R$ 10,877.77 ",10/07/2017
9338,Marketing,Analyst,Bachelor,41,F," R$ 10,113.11 ",2019-04-16
9339,Operations,Director,PhD,45,F," R$ 10,708.39 ",2022-05-26
9340,HR,Coordinator,Bachelor,26,M," R$ 6,121.17 ",2018-08-17
9341,Marketing,Technician,Technical Diploma,62,," R$ 10,823.74 ",2015-09-14
9342,Finance,Manager,Master,23,M," R$ 15,130.64 ",2015-04-24
9343,IT,Coordinator,Bachelor,30,M," R$ 11,320.10 ",2017-08-21
9344,Marketing,Assistant,High School,64,F," R$ 12,956.13 ",2016-07-22
9345,HR,Coordinator,Bachelor,29,F,,29/10/2017
9346,Operations,Analyst,Bachelor,53,F," R$ 11,326.83 ",2010-01-18
9347,Logistics,Technician,Technical Diploma,28,F," R$ 5,293.34 ",2020-05-09
9348,Legal,Coordinator,Bachelor,59,M," R$ 21,839.90 ",07/06/2021
9349,Marketing,Assistant,High School,41,F," R$ 10,661.12 ",02/10/2014
9350,HR,Manager,Master,36,F," R$ 7,319.87 ",2022-11-17
9351,Legal,Manager,Master,60,F," R$ 21,609.10 ",2021-11-11
9352,Legal,Assistant,High School,49,M," R$ 16,826.56 ",2020-06-09
9353,IT,Assistant,High School,52,M," R$ 16,724.30 ",2017-07-29
9354,Finance,Coordinator,Bachelor,43,M," R$ 18,221.41 ",2021-03-01
9355,Logistics,Director,PhD,61,M," R$ 8,105.36 ",2019-09-02
9356,Logistics,Specialist,Master,45,M," R$ 7,519.99 ",2015-08-20
9357,Logistics,Analyst,Bachelor,55,M," R$ 8,495.26 ",2021-12-25
9358,Operations,Specialist,Master,30,F," R$ 7,792.03 ",2010-02-06
9359,Operations,Director,PhD,23,M," R$ 6,699.06 ",2011-10-23
9360,Marketing,Analyst,Bachelor,46,M," R$ 12,684.96 ",2013-09-15
9361,IT,Technician,Technical Diploma,33,M," R$ 13,917.05 ",2011-01-31
9362,HR,Analyst, ,25,M," R$ 6,672.65 ",2011-11-10
9363,HR,Assistant,High School,61,," R$ 8,683.13 ",2022-09-27
9364,Marketing,Coordinator,Bachelor,34,F," R$ 9,877.79 ",21/06/2015
9365,HR,Assistant,High School,50,F," R$ 8,472.27 ",2018-10-21
9366,HR,Coordinator,Bachelor,53,M," R$ 8,701.17 ",2012-12-31
9367,Finance,Specialist,,48,M," R$ 22,698.48 ",2012-02-19
9368,Marketing,Coordinator,Bachelor,51,M," R$ 11,179.08 ",2023-06-28
9369,Logistics,Analyst,Bachelor,60,F," R$ 8,005.81 ",2014-05-25
9370,Finance, ,Bachelor,22,M," R$ 14,720.11 ",2021-11-08
9371,IT,Specialist, ,32,M," R$ 12,100.03 ",2012-05-02
9372,Operations,,Technical Diploma,44,M," R$ 9,748.93 ",2017-12-19
9373,Operations,Analyst,,38,F," R$ 9,835.62 ",2017-10-20
9374,Finance,Coordinator,Bachelor,36,M," R$ 19,461.94 ",03/08/2010
9375,IT,Manager,Master,48,M," R$ 15,215.99 ",2012-11-27
9376,,Technician,Technical Diploma,31,M," R$ 7,628.93 ",2021-03-20
9377,HR,Analyst,Bachelor,37,F," R$ 7,052.99 ",2014-11-09
9378,Logistics, ,Master,58,F," R$ 9,055.73 ",2012-12-24
9379,Legal,Manager,Master,49,F," R$ 20,200.77 ",2015-08-06
9380,Legal,Technician,Technical Diploma,23,F," R$ 15,392.95 ",2021-11-28
9381,Legal,Technician,Technical Diploma,60,M," R$ 21,997.20 ",2017-07-24
9382,Legal,Analyst,Bachelor,56,F," R$ 19,200.45 ",2020-11-20
9383,Finance,Assistant,High School,36,M," R$ 17,668.24 ",2019-06-05
9384,Finance,Assistant,High School,32,F," R$ 16,253.23 ",2018-09-09
9385,Logistics,Assistant,High School,54,F," R$ 9,740.86 ",2011-03-22
9386,IT,Director,PhD,37,F," R$ 13,793.41 ",03/03/2015
9387,,Assistant,High School,32,F," R$ 18,229.76 ",2017-12-10
9388,HR,Assistant,High School,41,F, ,2021-09-24
9389,HR,Technician,Technical Diploma,40,F," R$ 8,153.09 ",2018-11-29
9390,Finance,Manager,Master,60,M," R$ 26,233.53 ",2011-03-25
9391,HR,Director,PhD,44,M," R$ 8,400.15 ",2016-04-13
9392,Legal,Specialist,Master,31,F," R$ 14,878.50 ",2021-07-29
9393,Legal, ,Master,29,F," R$ 12,134.41 ",2013-03-25
9394,Finance,Technician,Technical Diploma,23,F," R$ 15,191.32 ",2012-02-16
9395,IT,Manager,Master,28,M," R$ 11,972.50 ",2011-03-25
9396,Logistics,Assistant,High School,47,F," R$ 7,134.01 ",2018-01-20
9397,Legal,Director,PhD,61,F," R$ 20,776.66 ",2014-10-07
9398,Marketing,Analyst,Bachelor,40,F," R$ 10,254.12 ",2017-02-05
9399,Operations,Specialist,Master,27,F," R$ 7,941.41 ",2012-07-05
9400,Logistics,Manager,Master,54,F," R$ 7,573.63 ",2019-05-26
9401,HR,Director,PhD,32,F," R$ 6,652.32 ",2022-08-21
9402,Legal,Assistant,High School,57,M," R$ 18,804.97 ",04/09/2021
9403,Operations,Analyst,Bachelor,33,F," R$ 7,863.73 ",2011-03-19
9404,Marketing,Assistant,High School,49,," R$ 10,840.55 ",22/10/2017
9405,Logistics,Assistant,High School,30,M, ,2012-03-15
9406,Operations,Assistant,High School,44,F," R$ 11,131.41 ",20/01/2020
9407,HR,Assistant,High School,61,M," R$ 10,214.29 ",2010-09-22
9408,Operations,Manager,Master,27,M," R$ 7,530.56 ",2013-05-31
9409,Logistics,Technician,Technical Diploma,40,M," R$ 7,176.61 ",2016-03-11
9410,Operations,Assistant,High School,41,F," R$ 7,717.37 ",2012-07-25
9411,IT,Director,PhD,39,F," R$ 15,309.94 ",04/05/2023
9412,Finance,Assistant,High School,48,M," R$ 21,866.31 ",2019-07-12
9413,Operations,Manager,Master,54,F," R$ 10,472.64 ",25/06/2020
9414,Legal,Coordinator,Bachelor,50,M," R$ 17,944.33 ",2019-05-15
9415,Legal,Director,PhD,30,F," R$ 14,970.60 ",2015-12-20
9416,Finance,Analyst,Bachelor,48,F," R$ 18,940.58 ",2017-02-08
9417,Finance,Coordinator,Bachelor,60,F," R$ 22,575.23 ",2021-01-11
9418,Operations,Analyst,Bachelor,32,F," R$ 9,345.48 ",2011-11-26
9419,Legal,Manager,Master,63,M," R$ 19,754.90 ",30/01/2013
9420,IT,Specialist,Master,29,M," R$ 9,391.32 ",2020-03-08
9421,Marketing,Assistant,High School,35,F," R$ 10,188.76 ",2013-05-22
9422,Finance,Analyst,Bachelor,34,M," R$ 18,622.75 ",2015-04-12
9423,,Manager,Master,28,M," R$ 16,623.50 ",2017-10-07
9424,Finance,Coordinator,Bachelor,36,F," R$ 18,991.68 ",25/07/2010
9425,Legal,Specialist,Master,59,F," R$ 23,535.34 ",2019-01-28
9426,Operations,Coordinator,Bachelor,64,M," R$ 12,317.54 ",2012-11-10
9427,Marketing,Assistant,High School,39,M," R$ 11,581.73 ",29/11/2012
9428,Finance,Specialist,Master,57,F," R$ 21,655.00 ",2010-01-07
9429,Logistics,Director,PhD,52,M, ,2018-05-28
9430,Operations,Director,PhD,25,F," R$ 7,353.21 ",2015-01-17
9431,Marketing, ,Bachelor,34,F," R$ 10,174.29 ",2018-11-19
9432,Operations,Technician,Technical Diploma,60,F," R$ 11,247.18 ",2011-11-18
9433,Operations,Technician,Technical Diploma,51,F," R$ 10,051.89 ",2013-01-26
9434,Logistics,Director,PhD,40,M," R$ 6,241.49 ",13/05/2020
9435,Logistics,Specialist,Master,25,M," R$ 5,237.06 ",2023-06-06
9436,Legal,Assistant,High School,22,M," R$ 11,274.44 ",2012-01-08
9437,Marketing,Technician,Technical Diploma,61,M," R$ 13,607.46 ",2021-09-20
9438,Finance,Manager,,53, ," R$ 18,772.32 ",2013-09-07
9439,IT,Assistant,High School,33,M," R$ 13,177.65 ",2023-12-28
9440,Finance,Technician,Technical Diploma,33,M, ,2017-07-15
9441,Legal,,Bachelor,41,F," R$ 14,693.44 ",2020-06-01
9442,Finance,Analyst,Bachelor,32,M, ,2016-08-31
9443,IT,Director,PhD,51,M," R$ 16,019.96 ",2012-10-03
9444,Legal,Manager,Master,52,F," R$ 18,294.56 ",2016-07-01
9445,Operations,Specialist,Master,49,M," R$ 9,760.66 ",2015-07-12
9446,Legal,Technician,Technical Diploma,50,F," R$ 18,700.34 ",2014-03-12
9447,HR,Analyst,Bachelor,62,M," R$ 9,124.97 ",01/11/2021
9448,Legal,Director,PhD,43,M," R$ 16,945.74 ",2021-07-24
9449,Logistics,Director,PhD,50,F," R$ 8,556.10 ",2017-10-30
9450,Logistics,Coordinator,Bachelor,22,F," R$ 4,220.08 ",2011-09-30
9451,Finance,Manager,Master,42,F," R$ 19,686.35 ",2022-03-04
9452,IT,Assistant,High School,52,F," R$ 15,025.68 ",2013-11-01
9453,Marketing,Specialist,Master,48,F," R$ 12,414.41 ",2010-03-13
9454,Operations,Assistant,High School,56,M," R$ 10,177.57 ",2018-02-14
9455,IT,Manager,Master,29,M," R$ 11,692.38 ",2018-04-10
9456,Logistics,Coordinator,Bachelor,61,M," R$ 7,801.86 ",2013-12-03
9457,Marketing,Assistant,High School,29,," R$ 9,320.77 ",2016-05-08
9458,Finance,Specialist,Master,27,F," R$ 19,630.95 ",2015-02-16
9459,Marketing,Technician,Technical Diploma,36,F," R$ 10,702.21 ",2014-10-17
9460,Operations,Coordinator, ,42, ," R$ 7,389.43 ",2011-09-06
9461,Finance, ,Master,58,F," R$ 26,175.32 ",2015-09-09
9462,Operations,Manager,Master,27,F," R$ 8,197.24 ",08/07/2011
9463,Marketing,Director,PhD,50,M," R$ 12,562.70 ",2011-08-03
9464,Legal,Analyst,Bachelor,46,F," R$ 17,113.47 ",2013-04-27
9465,Operations,Coordinator,Bachelor,44,M," R$ 11,305.55 ",03/05/2015
9466,Finance,Analyst,Bachelor,59,F," R$ 25,274.18 ",2018-07-27
9467,HR,Manager,Master,48,F," R$ 8,987.31 ",2011-11-29
9468,Logistics,Technician,Technical Diploma,63,F," R$ 8,755.60 ",2023-04-03
9469,Legal,Coordinator, ,44,M," R$ 18,186.93 ",2012-05-14
9470,Marketing,Manager,Master,40,M," R$ 10,341.59 ",2010-12-12
9471,Operations,Analyst,Bachelor,49,M," R$ 10,879.82 ",2019-09-30
9472,Logistics,Technician,Technical Diploma,55,M," R$ 8,438.19 ",11/01/2021
9473,Legal,Analyst,Bachelor,28,F," R$ 12,583.91 ",2018-05-23
9474,Logistics,Analyst,Bachelor,34,F," R$ 6,580.95 ",2020-05-07
9475,,Technician,Technical Diploma,25,F," R$ 8,283.41 ",2014-11-16
9476,Logistics,Manager,Master,32,M," R$ 6,688.79 ",2011-01-12
9477,Marketing,Analyst,Bachelor,42,M," R$ 9,913.60 ",02/03/2021
9478,,Manager, ,42,F," R$ 14,460.88 ",21/01/2015
9479,Logistics,,Bachelor,64,M," R$ 9,002.58 ",09/06/2013
9480,Finance,Assistant,High School,63,F," R$ 23,644.84 ",12/11/2012
9481,IT,Technician,,47,M," R$ 15,051.83 ",2019-10-11
9482,HR,Coordinator,Bachelor,52,F," R$ 9,131.78 ",2013-10-26
9483,Logistics,Specialist,Master,25,F," R$ 5,143.29 ",20/02/2020
9484,Operations,Assistant,,24,M," R$ 7,769.38 ",2023-03-04
9485,HR,Manager,Master,60,M," R$ 9,735.17 ",2021-09-05
9486,Finance,Analyst,Bachelor,42,M," R$ 19,027.12 ",2021-07-07
9487,Operations,Director,PhD,59,F," R$ 9,790.31 ",2013-06-14
9488,HR,Director, ,39,M," R$ 8,058.49 ",2018-06-04
9489,Operations,Manager,Master,54,F," R$ 11,396.18 ",2019-03-28
9490,Logistics,Analyst,Bachelor,63,M," R$ 8,901.71 ",2012-10-23
9491,Marketing,Coordinator,Bachelor,56,F," R$ 11,806.05 ",2015-07-27
9492,Marketing,Coordinator,Bachelor,53,M," R$ 12,926.12 ",2023-03-27
9493, ,Coordinator,Bachelor,32,M," R$ 7,744.62 ",2014-12-06
9494,Legal,Specialist,Master,60,F," R$ 22,222.66 ",2013-09-12
9495,Logistics,Manager,Master,52,M," R$ 8,190.17 ",2015-04-02
9496,Operations,Technician,Technical Diploma,51,M," R$ 10,721.04 ",2020-10-07
9497,Finance,Director,PhD,59,M," R$ 23,037.32 ",2015-03-08
9498,Finance,Assistant,High School,41,F," R$ 19,830.52 ",2016-08-13
9499,HR,Coordinator,Bachelor,61,M," R$ 9,955.32 ",2015-04-29
9500,HR,,PhD,47,F," R$ 8,517.17 ",2015-10-31
9501,Logistics,Manager,Master,32,M," R$ 5,716.25 ",2011-12-13
9502,Operations,Technician,Technical Diploma,23,F," R$ 5,991.37 ",12/09/2017
9503,IT,Specialist,Master,60,M,,2017-09-01
9504,Legal,Coordinator,Bachelor,38, ," R$ 14,734.51 ",2023-12-16
9505, ,Technician,,45,F," R$ 7,022.60 ",2021-03-08
9506,IT,Technician, ,51,F," R$ 16,514.89 ",2011-01-21
9507,Logistics,Director,PhD,58,F," R$ 9,354.32 ",2021-05-11
9508,Finance,Director,PhD,27,F," R$ 16,760.47 ",2018-06-25
9509,Marketing,Director,PhD,44,M," R$ 9,797.77 ",03/05/2023
9510, , ,Technical Diploma,56,M," R$ 13,331.10 ",2022-06-09
9511,HR,Manager,Master,47,F," R$ 8,162.04 ",2010-07-31
9512,Legal,Assistant,High School,46,F," R$ 18,013.98 ",21/09/2018
9513,Legal,Manager,Master,57,M," R$ 19,208.40 ",2019-05-28
9514,Legal,Specialist,Master,42,F,,2018-10-17
9515,Operations,Manager,Master,63,M," R$ 11,368.44 ",2015-01-27
9516,Operations,Coordinator,Bachelor,64,M," R$ 10,853.14 ",2022-05-25
9517,Operations, ,High School,44,M," R$ 8,712.33 ",2011-01-07
9518,IT,Specialist,Master,22,F," R$ 8,601.05 ",13/08/2011
9519,Marketing, ,Bachelor,31,F," R$ 10,445.30 ",23/10/2022
9520,Finance,Manager,Master,46,F," R$ 18,485.55 ",07/01/2022
9521,IT,Technician,Technical Diploma,43,M," R$ 13,684.16 ",2016-02-20
9522,IT,Technician,Technical Diploma,29,F," R$ 11,893.50 ",2018-04-17
9523,Marketing,Director,PhD,62,M," R$ 14,258.55 ",2019-05-21
9524,HR,Analyst,Bachelor,54,F," R$ 8,956.34 ",2017-02-02
9525,HR, ,PhD,33,F," R$ 7,860.66 ",20/01/2014
9526,HR,,Master,60,M," R$ 8,830.71 ",2022-05-08
9527,Legal,Analyst,,33,F," R$ 15,059.68 ",2017-08-10
9528,IT,Analyst,Bachelor,33,M," R$ 11,346.23 ",2018-05-04
9529,Legal,Technician,Technical Diploma,32,M," R$ 14,128.01 ",2022-05-18
9530,Logistics,Specialist, ,29,F," R$ 5,288.53 ",2023-04-09
9531,Operations, ,Bachelor,29,F," R$ 7,296.99 ",2019-01-22
9532,Logistics,Analyst,Bachelor,58,M," R$ 9,192.12 ",2023-09-11
9533,Finance,Director,PhD,37,M,,2016-04-06
9534, ,Assistant,High School,57,F," R$ 8,359.68 ",2020-03-29
9535,Operations,Specialist,Master,39, ," R$ 8,505.92 ",2011-03-25
9536,Legal,Technician,Technical Diploma,42,M," R$ 18,804.35 ",2014-07-28
9537,Marketing,Specialist,Master,25,F," R$ 8,133.09 ",06/01/2019
9538,IT,Manager,Master,28,M," R$ 10,380.05 ",2012-05-31
9539,Finance,Assistant,High School,55,M," R$ 21,256.16 ",29/11/2010
9540,HR,Manager,Master,55,M," R$ 9,945.45 ",2014-02-14
9541,Logistics,Technician,Technical Diploma,57,M,,2019-02-01
9542,Logistics,Specialist,Master,58,M," R$ 8,952.48 ",2016-10-26
9543,Operations,Manager,Master,51,M," R$ 10,788.36 ",2012-01-11
9544,Logistics,Analyst,Bachelor,47,M," R$ 7,573.98 ",2021-03-06
9545,Marketing,Coordinator,Bachelor,33,M," R$ 9,859.93 ",2020-05-12
9546,Finance,Manager,Master,32,F," R$ 18,192.05 ",2023-07-30
9547,Marketing, ,PhD,50,F," R$ 13,132.85 ",2022-04-28
9548,HR,Specialist,Master,24,M," R$ 6,026.35 ",2018-08-21
9549,Finance,,Master,32,M," R$ 15,915.91 ",16/12/2015
9550,IT,Assistant,High School,30,F," R$ 11,457.40 ",14/07/2014
9551,Logistics,Technician,Technical Diploma,47,F," R$ 7,281.21 ",2012-07-07
9552,IT,Specialist,Master,29,M," R$ 9,703.24 ",26/06/2011
9553,HR,Analyst,Bachelor,42,M," R$ 7,917.90 ",01/04/2022
9554,Operations,Analyst,Bachelor,29,F," R$ 7,096.69 ",2016-09-09
9555,Legal,Assistant,High School,63,M," R$ 23,242.09 ",2018-05-13
9556,IT,Technician,Technical Diploma,27,F," R$ 11,093.73 ",2019-07-01
9557,Marketing,Coordinator,Bachelor,39,M," R$ 11,086.25 ",2022-08-06
9558,HR,Specialist,Master,27,M," R$ 5,997.81 ",2023-02-19
9559,IT,Technician,Technical Diploma,42,M," R$ 15,171.45 ",2015-09-07
9560,Legal,Coordinator,Bachelor,44,F," R$ 19,557.39 ",2016-04-19
9561,Legal,Manager,Master,57,F," R$ 20,173.79 ",2010-11-01
9562,HR,Technician,Technical Diploma,39,M, ,2021-10-11
9563,HR,Manager,Master,48, ," R$ 9,677.10 ",2016-12-17
9564,Finance,Coordinator,Bachelor,24,F," R$ 16,920.82 ",2023-04-01
9565,Finance,Specialist,Master,33,F," R$ 16,284.78 ",2012-12-18
9566,Logistics,Manager,Master,41,F," R$ 6,625.44 ",2013-09-08
9567,Marketing,Analyst,Bachelor,40,M," R$ 8,897.68 ",2021-02-15
9568,Finance,Specialist,Master,44,F," R$ 18,083.73 ",2014-08-08
9569,Logistics,Analyst,Bachelor,26,F," R$ 5,531.49 ",27/12/2022
9570,HR,Assistant,High School,40,M," R$ 6,920.00 ",2011-11-14
9571,Operations,Manager,Master,33,F," R$ 8,950.71 ",2022-10-25
9572,Marketing,Manager,,49,F," R$ 10,873.26 ",2014-01-26
9573,IT,Analyst,Bachelor,58,M," R$ 14,946.99 ",2014-07-14
9574,Legal,Director,PhD,55,M," R$ 14,670.29 ",2023-02-14
9575,Operations,Coordinator,Bachelor,37,M," R$ 8,190.68 ",2011-05-26
9576,Logistics,Specialist,Master,25,F," R$ 5,910.07 ",2021-06-27
9577,Legal,Assistant,High School,63,F," R$ 22,050.75 ",12/10/2017
9578,Finance,Analyst,Bachelor,27, ," R$ 16,459.25 ",2013-08-20
9579,HR,Analyst,Bachelor,28,M," R$ 6,530.10 ",2020-06-18
9580,Legal,Coordinator,Bachelor,55,M," R$ 23,039.67 ",2017-12-31
9581,HR,Analyst,Bachelor,25,," R$ 6,158.33 ",16/02/2011
9582,IT, ,High School,36,M," R$ 12,393.91 ",18/09/2014
9583,Marketing,Analyst, ,34,," R$ 10,355.83 ",17/01/2012
9584,Marketing,Technician,Technical Diploma,30,M," R$ 9,989.04 ",2011-09-10
9585,Finance,Coordinator,Bachelor,58,M," R$ 22,175.80 ",2023-05-12
9586,Operations,Manager,Master,38,F," R$ 8,405.39 ",25/11/2016
9587,HR,Specialist,Master,59,M," R$ 9,411.87 ",2020-08-09
9588,Marketing,Technician,Technical Diploma,35,M, ,2017-02-02
9589,Operations,Coordinator,,58,M," R$ 9,917.84 ",2010-03-05
9590,Logistics,Manager,Master,52,M," R$ 8,607.97 ",2014-06-30
9591,Legal,Assistant,High School,23,M," R$ 13,499.97 ",2023-05-10
9592,IT,Director,PhD,40,F," R$ 11,943.12 ",22/12/2017
9593,IT,Director,PhD,40,F," R$ 12,188.51 ",2015-08-23
9594,Legal,Coordinator, ,34,F," R$ 16,471.33 ",2011-09-21
9595,Legal,Assistant,High School,42,M," R$ 17,080.59 ",2017-12-31
9596,Logistics,Specialist,Master,52,F," R$ 8,141.63 ",2015-08-22
9597,Logistics,Director,PhD,49,F,,2017-10-26
9598,Legal,Director,PhD,22,M," R$ 13,271.07 ",2019-04-22
9599,Operations,Director,PhD,56,F," R$ 11,016.66 ",05/12/2013
9600,Operations,Technician,Technical Diploma,31,F," R$ 7,894.90 ",2020-03-19
9601,Finance,Technician, ,29,M," R$ 16,833.30 ",2016-03-02
9602,HR,Manager,Master,34,F," R$ 6,798.48 ",2010-04-18
9603,HR, ,Master,40,M," R$ 8,968.64 ",2021-08-26
9604,HR,Technician,Technical Diploma,24,M, ,2015-10-09
9605,Marketing,Assistant,High School,24,M," R$ 8,115.90 ",2017-09-25
9606,HR,Manager,Master,48,M," R$ 8,010.14 ",2011-09-04
9607,Logistics,Assistant,High School,39,M," R$ 7,120.31 ",2021-03-05
9608,IT,Assistant,High School,56,F," R$ 16,560.77 ",2013-03-30
9609,HR,Manager,Master,55,M," R$ 8,241.12 ",2020-07-31
9610,Logistics,Manager,Master,51,F," R$ 7,920.44 ",18/03/2021
9611,IT,Technician,Technical Diploma,29,M," R$ 10,908.59 ",28/03/2011
9612,Legal,Specialist,Master,42,M,,2012-12-31
9613,Marketing,Coordinator,Bachelor,40,F," R$ 9,478.30 ",20/01/2018
9614,HR,Specialist,Master,64,M," R$ 10,111.81 ",2016-06-20
9615,Operations,Assistant,High School,61,F," R$ 12,585.26 ",2020-07-13
9616,Marketing,Coordinator,Bachelor,51,F,,2011-12-21
9617,HR,Manager,Master,48,F," R$ 8,923.99 ",2016-01-11
9618,Operations,Coordinator,Bachelor,41,M," R$ 9,423.48 ",26/09/2014
9619,Finance,Manager,Master,35,M," R$ 18,661.49 ",2015-09-23
9620,Marketing,Director,PhD,33,M," R$ 9,976.27 ",2020-02-22
9621,Logistics,Specialist,Master,44,M," R$ 6,763.85 ",2021-02-05
9622,Marketing,Technician,Technical Diploma,33,M," R$ 9,697.41 ",2011-02-17
9623,Operations,Manager,Master,60,M,,2018-10-30
9624,HR,Analyst, ,63,F," R$ 8,606.13 ",17/02/2013
9625,Operations, ,Bachelor,51,F," R$ 10,783.73 ",29/03/2019
9626,Marketing,Analyst,Bachelor,48,M," R$ 9,892.63 ",2016-05-01
9627,Marketing,Manager,Master,45,M," R$ 11,784.80 ",2018-08-05
9628,Logistics,Analyst,Bachelor,24,M," R$ 4,682.19 ",2018-02-13
9629,Legal,Technician, ,51,M," R$ 18,201.85 ",2014-11-08
9630,IT,Assistant,High School,56,F,,2015-08-04
9631,Marketing,Specialist,Master,54,F," R$ 11,850.03 ",22/03/2015
9632,IT,Technician,Technical Diploma,58,F," R$ 17,201.96 ",2013-04-20
9633,Legal,Technician, ,61,F, ,2023-09-21
9634,HR,Technician,Technical Diploma,37,M," R$ 7,414.93 ",2019-03-03
9635,Marketing,Technician,Technical Diploma,39,F," R$ 10,448.10 ",2015-09-01
9636,Logistics,Assistant,High School,39,F," R$ 7,437.60 ",2014-06-12
9637,Operations,Technician,Technical Diploma,35,F," R$ 8,206.72 ",2019-02-18
9638,Logistics,Specialist,Master,53,," R$ 8,706.56 ",2013-06-15
9639,IT,Specialist,Master,33,F," R$ 12,004.03 ",19/02/2016
9640,Marketing,Assistant,High School,63,F," R$ 14,362.66 ",2013-06-10
9641,Finance,Coordinator,Bachelor,23,F,,22/01/2017
9642,Operations,Specialist,Master,47,F," R$ 9,463.91 ",2016-04-12
9643,IT,Assistant,High School,44,M," R$ 13,071.61 ",2015-07-05
9644,Marketing,Technician,Technical Diploma,56,F," R$ 11,198.88 ",2022-09-29
9645,Finance,Director,PhD,54,M, ,2021-12-07
9646,Marketing,Analyst,Bachelor,62,F," R$ 13,712.60 ",13/05/2021
9647,HR,Director,PhD,46,," R$ 8,795.82 ",2021-04-03
9648,HR,Specialist,Master,25,," R$ 6,646.78 ",2023-03-18
9649,HR,Director,PhD,42,M," R$ 7,714.36 ",26/03/2023
9650, ,Technician,Technical Diploma,25,M," R$ 6,577.26 ",2021-01-05
9651,Marketing,Director,PhD,52,M," R$ 13,208.91 ",2018-08-06
9652,Legal,Technician,Technical Diploma,36,M," R$ 14,655.05 ",2020-11-03
9653,Operations,Manager,Master,25,F," R$ 7,414.23 ",2020-06-11
9654,Legal,Technician,Technical Diploma,25,M," R$ 11,661.25 ",2022-05-09
9655,Logistics,Technician,Technical Diploma,24,M," R$ 4,702.20 ",2014-04-11
9656,Marketing,Technician,Technical Diploma,26,F," R$ 7,917.88 ",2023-03-18
9657,Marketing,Coordinator,Bachelor,40,F," R$ 10,893.35 ",06/07/2012
9658,Finance,Technician,Technical Diploma,59,F, ,01/03/2019
9659,HR,Technician,Technical Diploma,53,F," R$ 8,380.61 ",11/12/2022
9660,HR,Analyst,Bachelor,30,M," R$ 6,215.86 ",2015-02-04
9661,Operations,Analyst,Bachelor,24,F,,2018-01-23
9662,Legal,Technician,Technical Diploma,55,F," R$ 21,091.10 ",2014-03-21
9663,Marketing,Analyst,Bachelor,46,M," R$ 10,748.16 ",2011-11-05
9664,HR,Assistant,High School,31,M,,07/11/2013
9665,HR,Director,PhD,53,M," R$ 8,271.18 ",2023-06-29
9666,Operations,Coordinator,Bachelor,26,M," R$ 7,891.08 ",2018-04-27
9667,IT,Director,PhD,50, ," R$ 15,806.24 ",2019-06-21
9668,IT,Assistant,High School,28,F," R$ 11,751.56 ",2013-06-16
9669,Finance,Specialist,Master,36,F," R$ 19,727.60 ",2023-09-11
9670,Legal,Technician,Technical Diploma,23,M," R$ 12,784.67 ",2011-12-29
9671,Legal,Specialist,Master,31,M," R$ 13,749.15 ",2015-12-17
9672,Legal,Specialist,Master,32,M," R$ 12,889.19 ",15/08/2012
9673, ,Manager,Master,61,F," R$ 8,177.65 ",2013-08-27
9674,Marketing,Manager,Master,42,F," R$ 10,695.95 ",07/06/2016
9675,Marketing,Assistant,High School,33,F, ,2010-06-18
9676,Legal,Analyst,Bachelor,25,F," R$ 14,310.52 ",11/05/2022
9677,Logistics,Director,PhD,49,F," R$ 6,807.28 ",2023-07-29
9678,HR,Specialist,Master,50,F," R$ 7,686.25 ",24/04/2014
9679, , ,Master,34,F," R$ 8,834.61 ",2011-12-18
9680,HR,Manager,Master,39,F," R$ 8,147.26 ",2014-02-26
9681,Marketing,Specialist,Master,48,M," R$ 11,448.13 ",2016-12-03
9682,HR,Analyst,Bachelor,24, ," R$ 6,593.53 ",03/07/2023
9683,HR,Specialist,Master,56,F," R$ 10,218.02 ",2013-09-14
9684,Operations,Manager,Master,60,M," R$ 12,182.21 ",07/11/2022
9685,Finance,Technician,Technical Diploma,43,F," R$ 21,298.95 ",2021-04-24
9686,Logistics,Manager,Master,38,M," R$ 5,896.27 ",2011-12-30
9687,IT, ,Technical Diploma,49,F," R$ 15,497.90 ",2016-05-28
9688,Logistics,Technician,Technical Diploma,59,M," R$ 9,268.26 ",2018-01-12
9689,Marketing,Manager,Master,37,M," R$ 9,734.48 ",26/05/2021
9690, ,Technician,Technical Diploma,26,M," R$ 6,854.88 ",2018-11-19
9691,HR,Technician, ,43,M," R$ 7,349.73 ",2022-11-06
9692,Marketing,Technician,Technical Diploma,38,M,,2012-03-06
9693,HR,Specialist,Master,32,F," R$ 7,207.60 ",2012-06-17
9694,Logistics,Manager, ,43,F," R$ 6,775.55 ",2011-07-04
9695,HR,Analyst,Bachelor,57,," R$ 9,755.54 ",2014-03-15
9696,HR,Coordinator,Bachelor,62,F," R$ 9,405.91 ",2010-09-10
9697,HR,Director,PhD,63,F," R$ 10,699.90 ",2010-04-21
9698,IT,Director,PhD,61,M," R$ 16,615.05 ",2014-02-23
9699,Logistics, ,Bachelor,24,M," R$ 5,444.79 ",2022-01-28
9700,IT,Assistant,High School,48,M," R$ 14,834.15 ",16/11/2023
9701,,Specialist,Master,34,F," R$ 12,314.85 ",2023-01-06
9702,Legal,Specialist,Master,34,F," R$ 14,272.51 ",2015-12-02
9703,HR,Specialist,Master,51,M," R$ 9,184.23 ",2021-01-08
9704,IT,,Bachelor,39,M," R$ 12,545.54 ",2020-12-05
9705,Legal,Assistant,High School,61,M," R$ 19,863.01 ",2016-01-10
9706,Marketing,Assistant,High School,54,F," R$ 13,928.64 ",2011-08-09
9707,Operations,Specialist,Master,38,M," R$ 8,289.04 ",2012-10-24
9708,,Manager,,62,M," R$ 7,630.04 ",2012-06-09
9709,IT,Assistant,High School,31,M," R$ 10,985.30 ",2011-10-02
9710,Logistics,Director,PhD,62,F," R$ 8,618.20 ",05/08/2014
9711,Operations,Specialist,Master,45,M," R$ 11,121.17 ",2023-09-27
9712,HR,Coordinator,Bachelor,63,M," R$ 8,203.38 ",2019-08-05
9713,Finance,Technician,Technical Diploma,50,M," R$ 18,887.92 ",2017-08-23
9714,HR,Technician,Technical Diploma,29,M," R$ 6,577.95 ",12/03/2021
9715,Logistics,Assistant,High School,57,M," R$ 8,403.63 ",21/10/2011
9716,Legal,Technician, ,35,M," R$ 16,217.88 ",2019-02-04
9717,HR,Manager,Master,50,M," R$ 8,147.56 ",19/06/2012
9718,HR,Technician,Technical Diploma,28,F," R$ 6,817.15 ",2020-03-12
9719,Logistics,Coordinator,Bachelor,46,M," R$ 7,572.99 ",14/07/2018
9720,HR,Director,PhD,63,M," R$ 9,435.70 ",2022-10-24
9721,Logistics,Manager,Master,51,M," R$ 7,644.14 ",2014-09-23
9722,Operations,Analyst,Bachelor,49,F," R$ 11,283.58 ",2012-07-09
9723,HR, ,Master,31,," R$ 7,775.96 ",2022-06-17
9724,Legal,Manager,Master,55,F," R$ 17,866.77 ",2023-05-13
9725,Marketing,Director,PhD,37,F," R$ 9,115.57 ",2022-03-15
9726,Operations, ,Technical Diploma,31,F," R$ 7,925.57 ",28/08/2023
9727,IT,Assistant,High School,50,F," R$ 14,789.53 ",2014-04-17
9728,Logistics,Director,PhD,36,M," R$ 5,995.11 ",2013-06-16
9729,Finance,Analyst,,49,M," R$ 19,783.22 ",2019-03-11
9730,Legal,Analyst,Bachelor,45,F," R$ 17,955.77 ",2012-02-25
9731,Operations,Manager,Master,63,M," R$ 9,709.21 ",2016-01-23
9732,HR,Analyst,Bachelor,41,F," R$ 6,334.41 ",08/01/2010
9733,HR,Director,PhD,50,F," R$ 8,723.81 ",2020-03-16
9734,Logistics,Analyst,Bachelor,23,F," R$ 4,466.53 ",2016-03-03
9735,Marketing,Analyst,Bachelor,53,M," R$ 12,229.02 ",2015-12-09
9736,Marketing,Coordinator,Bachelor,63,F," R$ 12,827.33 ",09/02/2015
9737,Marketing,Technician,Technical Diploma,51,F," R$ 13,106.46 ",2015-05-07
9738,Operations,Technician,Technical Diploma,30,F," R$ 8,425.92 ",25/04/2010
9739,Operations,Coordinator,Bachelor,40,M," R$ 10,409.26 ",01/10/2012
9740,Marketing,Assistant,High School,27,M," R$ 8,586.31 ",2014-09-13
9741,Logistics,Manager,Master,29,F," R$ 5,850.23 ",2017-02-12
9742,HR,Assistant,High School,55,M," R$ 9,042.22 ",2023-01-06
9743,HR,Director,PhD,22,M," R$ 6,156.34 ",08/04/2011
9744,Logistics, ,Bachelor,34,M," R$ 5,571.19 ",2012-05-08
9745,HR,Specialist,Master,27,M," R$ 6,767.55 ",2017-06-14
9746,Finance,Specialist,Master,56,F," R$ 24,036.07 ",2015-10-28
9747,Operations,Manager,Master,50,M," R$ 11,021.66 ",14/10/2019
9748,Finance,Manager,Master,23,M," R$ 15,161.00 ",2015-11-01
9749,HR,Specialist,Master,31,F," R$ 6,427.63 ",2012-07-11
9750,HR, ,Bachelor,52,M," R$ 7,404.67 ",2023-07-14
9751,Logistics,Director,PhD,29,M, ,05/07/2013
9752,Logistics,Analyst,Bachelor,62,M," R$ 8,072.10 ",2018-01-18
9753,Logistics,Director,PhD,60,F," R$ 7,546.29 ",2017-03-14
9754,Marketing,Analyst,Bachelor,49,F," R$ 13,637.16 ",2020-03-06
9755,IT,Technician,Technical Diploma,52,M," R$ 15,521.27 ",2015-09-19
9756,Logistics,Technician,,34,M," R$ 6,310.22 ",2018-05-03
9757,IT,Manager,Master,28,F," R$ 9,835.16 ",2010-03-04
9758,Operations,Analyst,Bachelor,22,F," R$ 6,304.79 ",2022-07-17
9759,IT,Specialist,Master,47,F," R$ 14,932.84 ",2023-04-04
9760,Legal,Manager,Master,37,M, ,2012-07-14
9761,IT,Director,PhD,33,M," R$ 12,159.31 ",2018-07-14
9762,Finance,Coordinator,Bachelor,37,M," R$ 15,958.28 ",2021-08-13
9763,HR,Technician,Technical Diploma,55,M," R$ 9,395.42 ",2021-09-04
9764,Operations,Assistant,High School,48,," R$ 9,079.54 ",2023-03-07
9765,Marketing,Technician,Technical Diploma,46,M," R$ 11,491.61 ",2016-04-19
9766,Finance,Coordinator,Bachelor,40,," R$ 16,388.06 ",2010-05-08
9767,Logistics,Analyst,Bachelor,28,F," R$ 5,662.44 ",2012-03-24
9768,IT,Specialist,Master,33,M," R$ 12,704.21 ",25/12/2010
9769,Operations,Director,,45,M," R$ 10,303.73 ",2021-06-28
9770,Finance,Director,PhD,60,M," R$ 25,468.66 ",26/07/2019
9771,Operations,Analyst,Bachelor,26,M," R$ 7,268.95 ",2019-12-14
9772,Legal,Manager,,22,F," R$ 11,605.55 ",2013-12-28
9773,Marketing,Assistant,High School,28,M," R$ 9,210.15 ",2017-01-18
9774,HR,Specialist,Master,47,M,,2014-11-13
9775,Marketing,Technician, ,45,F," R$ 10,743.18 ",2020-01-18
9776,Marketing,Director,PhD,38,F," R$ 9,991.54 ",2021-06-23
9777,IT,Coordinator,Bachelor,25,F," R$ 10,595.19 ",16/09/2021
9778,HR,Director,PhD,37,M," R$ 7,451.54 ",2022-07-25
9779,HR,Analyst,Bachelor,57,M," R$ 9,667.55 ",2013-01-30
9780,Logistics,Director,PhD,26,F," R$ 4,931.19 ",2021-08-14
9781,Marketing,Technician,Technical Diploma,26,M," R$ 8,049.67 ",2018-10-31
9782,HR,Technician,Technical Diploma,64,F," R$ 9,824.31 ",13/05/2013
9783,Logistics,Manager,Master,38,F," R$ 6,707.89 ",2012-07-07
9784,Logistics,Assistant,High School,62,F," R$ 7,836.14 ",24/04/2017
9785,IT,Director,PhD,42,F," R$ 14,021.63 ",2021-04-15
9786,Logistics,Assistant,High School,51,F, ,2016-12-22
9787,Finance,Coordinator,Bachelor,54,M," R$ 21,506.13 ",2017-10-18
9788,Finance,Manager,Master,44,M," R$ 23,664.47 ",2022-02-06
9789,Logistics,Assistant,High School,63,F," R$ 8,395.53 ",2010-05-02
9790,Finance,Director,PhD,50,F," R$ 21,562.25 ",2020-09-17
9791,Logistics,Manager,Master,63,F," R$ 8,089.57 ",2019-10-08
9792,Logistics,Director,PhD,60, ," R$ 8,638.15 ",05/04/2023
9793, ,Specialist, ,59,F," R$ 11,275.16 ",2022-04-05
9794,Marketing,Technician,Technical Diploma,28,M," R$ 8,910.14 ",2021-10-08
9795,Finance,Assistant,High School,58,M," R$ 25,858.00 ",2021-10-30
9796,,Manager,Master,28,M," R$ 16,119.64 ",2016-01-03
9797, ,Coordinator,Bachelor,36,M," R$ 6,084.27 ",2021-12-04
9798,IT,Coordinator,Bachelor,50,F," R$ 15,016.26 ",2012-02-20
9799,Legal,Technician,Technical Diploma,31,F," R$ 15,146.43 ",2021-05-05
9800,Finance,Coordinator,Bachelor,41,M," R$ 17,678.85 ",2014-05-16
9801,Legal,Manager,Master,30,M," R$ 14,775.69 ",2018-10-26
9802,IT,Manager,Master,27,M," R$ 11,097.86 ",27/07/2014
9803,Legal,Coordinator,Bachelor,41,M," R$ 17,733.61 ",2018-09-12
9804,HR,Coordinator,Bachelor,42,F," R$ 7,059.01 ",2018-07-02
9805,Logistics,Director,PhD,28,M," R$ 5,758.77 ",2017-07-17
9806,Operations,Analyst,Bachelor,59,M," R$ 9,770.75 ",2021-02-17
9807,Legal,Specialist,Master,55,F," R$ 19,304.19 ",07/06/2022
9808,Logistics,Analyst,Bachelor,24,," R$ 5,516.31 ",2012-12-21
9809,IT,Specialist,Master,38,M, ,2011-11-28
9810,Finance,Specialist,Master,64,M, ,2010-07-08
9811,Logistics,Coordinator,Bachelor,23,F," R$ 4,935.58 ",27/01/2019
9812,Logistics,Coordinator,Bachelor,63,F," R$ 8,570.16 ",06/06/2015
9813,Finance,Assistant,High School,33,M," R$ 17,342.81 ",2013-02-04
9814,Legal,Manager,Master,34,M," R$ 13,687.59 ",2022-03-08
9815,Operations,Manager, ,59,M,,2019-10-13
9816,HR,Manager,Master,57,F," R$ 8,238.40 ",18/11/2012
9817,Finance,Analyst,Bachelor,33,M," R$ 17,364.60 ",25/08/2014
9818,Legal,Coordinator,Bachelor,48,M," R$ 19,650.90 ",2021-01-16
9819,Marketing,Director,PhD,47,M," R$ 11,888.64 ",2023-01-19
9820,Finance,Technician, ,61,M," R$ 25,241.68 ",21/04/2011
9821,Operations,Technician,Technical Diploma,26,M," R$ 6,697.07 ",26/09/2015
9822,Logistics,,Technical Diploma,53,F," R$ 8,067.44 ",2023-03-25
9823,Finance,Analyst,Bachelor,57,F," R$ 19,735.44 ",2013-06-03
9824,HR,Technician,Technical Diploma,59,M," R$ 9,972.75 ",2022-11-10
9825,IT,Specialist,Master,37,M," R$ 11,312.23 ",15/09/2018
9826,Finance, ,Technical Diploma,31,M," R$ 15,017.24 ",2023-11-10
9827,IT,Coordinator,Bachelor,58,F," R$ 17,357.14 ",2013-08-03
9828,Finance,Director,PhD,36,M," R$ 19,266.02 ",2018-02-08
9829,Legal,Specialist, ,32,F," R$ 15,109.17 ",24/09/2017
9830,Logistics,Assistant, ,30,M," R$ 5,616.26 ",2013-10-12
9831,IT,Technician,Technical Diploma,39,M," R$ 14,091.47 ",2020-07-14
9832,Marketing,Technician,Technical Diploma,54,M," R$ 14,138.78 ",28/10/2017
9833,IT,Specialist,Master,30,F," R$ 11,550.91 ",2012-09-07
9834,IT,Manager,Master,62,M," R$ 16,388.71 ",2023-04-14
9835,Finance, ,Master,36,M," R$ 18,150.98 ",16/11/2020
9836,IT,Specialist,Master,57,M," R$ 17,316.91 ",29/05/2013
9837,IT,Analyst,Bachelor,57,M," R$ 19,463.77 ",2022-09-05
9838,HR,Director,PhD,22,M," R$ 6,265.76 ",2013-09-24
9839,Legal,Manager,Master,49,M," R$ 21,063.71 ",2011-12-28
9840,Marketing,Assistant,High School,54,M," R$ 14,049.29 ",2016-09-14
9841,Legal,,Bachelor,22,M," R$ 13,616.20 ",2014-01-30
9842,Finance,Coordinator,Bachelor,27,F," R$ 16,445.42 ",18/10/2019
9843,Finance,Specialist,Master,32,M," R$ 16,739.83 ",2010-09-15
9844, ,Manager,Master,48,M," R$ 10,870.66 ",20/06/2016
9845,Marketing,,Bachelor,26,F," R$ 8,292.80 ",17/07/2015
9846,Marketing,Manager,Master,31,M," R$ 9,863.12 ",2017-03-19
9847,HR,Director,PhD,49,F," R$ 9,023.35 ",22/05/2010
9848,Logistics,Coordinator,Bachelor,37,F," R$ 6,369.01 ",17/08/2019
9849,Legal,,Bachelor,64,F," R$ 21,159.94 ",16/07/2019
9850,IT,Director,PhD,47,M," R$ 15,040.95 ",2017-02-08
9851,IT,Assistant,High School,49,F," R$ 17,441.27 ",2020-10-30
9852,HR,Specialist,Master,35,M," R$ 7,352.82 ",2015-06-05
9853,IT,Technician,Technical Diploma,34,M, ,08/05/2020
9854,HR,Coordinator,Bachelor,22,F," R$ 5,779.26 ",2010-08-06
9855,Marketing,Manager,Master,56,F," R$ 12,025.97 ",2012-06-21
9856,HR,Specialist,Master,36,F," R$ 7,002.41 ",09/03/2015
9857,,Assistant,High School,50,F," R$ 21,284.16 ",2019-12-14
9858,IT,Technician,Technical Diploma,52,M,,28/09/2013
9859,Operations,Manager,Master,33,M," R$ 7,509.09 ",23/02/2017
9860,,Manager,Master,26,M," R$ 5,565.08 ",2019-03-26
9861,,Assistant,High School,53,M," R$ 20,062.10 ",2017-04-24
9862,IT,Coordinator,Bachelor,31,F," R$ 10,125.73 ",2014-10-05
9863,HR,Specialist,Master,26,F," R$ 7,129.71 ",2011-07-11
9864,IT,Manager,Master,48,M," R$ 12,807.52 ",2018-07-07
9865,HR,Coordinator,Bachelor,60,M," R$ 9,647.84 ",2016-04-26
9866,Logistics,Technician,Technical Diploma,42,F," R$ 12,025.93 ",2018-10-20
9867,Operations,Analyst,Bachelor,37,M,,2013-06-30
9868,Marketing,Specialist,Master,50,M," R$ 12,020.89 ",2012-03-12
9869,Marketing,Assistant,High School,36,M," R$ 10,009.43 ",2013-11-04
9870,Marketing,Specialist,Master,59,F," R$ 14,369.13 ",2020-12-24
9871,Logistics,Director,PhD,28,F," R$ 5,196.19 ",25/07/2014
9872,Legal,Specialist,Master,39,M," R$ 18,450.43 ",16/05/2012
9873,Logistics,Analyst,Bachelor,40,M," R$ 6,687.44 ",09/12/2022
9874,Logistics,Technician,Technical Diploma,38,F," R$ 6,970.32 ",2010-11-28
9875,Marketing,Technician,Technical Diploma,35,M," R$ 9,095.09 ",20/09/2010
9876,Finance,Analyst,Bachelor,62,F," R$ 25,116.46 ",2012-07-03
9877,Finance,Manager,Master,31,F," R$ 16,205.42 ",2020-07-25
9878,Operations,Technician,Technical Diploma,46,M," R$ 9,799.03 ",2012-08-02
9879,IT,Director,PhD,62,F," R$ 17,740.03 ",2011-04-18
9880,IT,Coordinator,Bachelor,30,M," R$ 10,810.43 ",2015-09-08
9881,Operations,Analyst,Bachelor,37,F," R$ 9,618.14 ",2010-12-15
9882,Legal,Coordinator,Bachelor,45,F," R$ 18,413.98 ",2022-01-22
9883,Marketing,Assistant,High School,42,M," R$ 11,630.15 ",2012-07-04
9884,Operations,Director, ,55,M," R$ 11,118.88 ",2023-09-20
9885,HR, ,Bachelor,60,M," R$ 8,802.77 ",17/02/2013
9886,Marketing,Manager,Master,28,M," R$ 7,930.55 ",2017-11-30
9887,IT,Technician,Technical Diploma,28,F," R$ 12,951.74 ",2020-05-02
9888,Operations,Coordinator,Bachelor,49,F," R$ 9,161.96 ",2018-02-25
9889,HR,Technician,Technical Diploma,56,M," R$ 8,315.85 ",2015-08-09
9890,HR,Assistant,High School,31,F," R$ 5,730.10 ",2014-01-04
9891,Logistics,Assistant,High School,59,F," R$ 9,007.53 ",2021-01-30
9892, ,Coordinator,Bachelor,53,F," R$ 22,615.37 ",2010-11-24
9893,Operations,Director,PhD,55,M," R$ 11,480.57 ",2013-12-10
9894,Marketing,Manager,Master,45,M," R$ 11,514.32 ",2010-01-03
9895,IT,Manager,Master,62,F," R$ 16,456.36 ",17/02/2022
9896,HR,Director,PhD,62,F," R$ 12,074.94 ",2012-01-08
9897,Legal,Assistant,High School,23,M," R$ 13,957.28 ",2012-01-01
9898,Operations,Assistant,High School,63,F," R$ 13,008.37 ",26/08/2010
9899,Marketing,Assistant,High School,25,M," R$ 8,062.78 ",2021-08-22
9900,Marketing,Coordinator,Bachelor,22,M," R$ 8,279.45 ",2012-11-22
9901,Marketing,Analyst,Bachelor,43,F,,2012-08-04
9902,Logistics,Manager,Master,32,M," R$ 7,023.67 ",2023-09-04
9903,Marketing,Analyst,Bachelor,32,F," R$ 8,840.78 ",2013-12-14
9904,Logistics,Analyst,Bachelor,35,F," R$ 6,045.90 ",2013-03-07
9905,Logistics,Manager,Master,48,F," R$ 6,814.23 ",2021-09-22
9906,Marketing,Coordinator,Bachelor,54, ," R$ 12,920.71 ",2014-12-14
9907,IT,Coordinator,Bachelor,49,M," R$ 14,989.73 ",2013-12-07
9908,Operations,Coordinator, ,44,F," R$ 9,611.01 ",10/01/2022
9909,,Director,PhD,30,M," R$ 8,872.42 ",14/10/2017
9910,,Analyst,Bachelor,39,F," R$ 7,079.24 ",2012-04-18
9911,Legal,Coordinator,Bachelor,64,M," R$ 21,208.46 ",2014-01-11
9912,IT,Technician,Technical Diploma,45,M," R$ 14,342.32 ",16/12/2012
9913,Logistics,Analyst,Bachelor,48,F," R$ 7,002.26 ",2011-10-27
9914,Legal,Assistant,High School,56,F," R$ 22,236.78 ",2017-06-18
9915,Operations,Assistant,High School,25,F," R$ 7,759.39 ",2011-12-21
9916,Logistics,Coordinator,Bachelor,43,F," R$ 6,674.46 ",27/12/2012
9917,Marketing,Coordinator,Bachelor,32,M," R$ 9,294.72 ",2011-09-13
9918,Legal,Manager,Master,28,F, ,22/03/2021
9919,Finance,Analyst,Bachelor,62,M," R$ 26,873.25 ",2016-11-10
9920,Logistics,Director,PhD,58,M, ,08/06/2011
9921,Operations,Analyst,,55,F," R$ 10,317.15 ",2017-11-25
9922,Operations,Analyst,Bachelor,33,M," R$ 8,698.40 ",24/03/2014
9923,HR,Manager,Master,25,M, ,2018-06-18
9924,Legal,Specialist,Master,23,M," R$ 14,095.78 ",2023-04-14
9925,HR,Director,PhD,22,," R$ 6,575.37 ",2022-03-26
9926,Finance,Specialist,Master,39,M," R$ 18,120.38 ",2017-01-13
9927,Logistics,Director,PhD,44,M,,2015-09-08
9928,Legal,Specialist,Master,55,F," R$ 21,481.96 ",2014-05-23
9929,Marketing,Specialist,Master,25,F," R$ 8,277.82 ",2020-12-25
9930,HR,Assistant,High School,63,M,,2019-03-31
9931,Marketing,Director,PhD,40,M," R$ 9,989.82 ",2018-04-10
9932,Finance,Manager,Master,61,M," R$ 21,709.39 ",2022-12-12
9933,Logistics,Coordinator,Bachelor,63,M," R$ 7,835.07 ",19/09/2012
9934,Operations,Assistant,High School,61,F," R$ 11,862.01 ",10/03/2014
9935,Finance,,,62, ," R$ 25,887.02 ",2010-04-29
9936,Logistics,Coordinator,Bachelor,30,M," R$ 6,607.34 ",2017-04-09
9937,Finance,Coordinator,Bachelor,44,M," R$ 17,919.74 ",2021-01-07
9938,Logistics,Manager,Master,34,F," R$ 6,100.21 ",2021-11-30
9939,Finance,Coordinator,Bachelor,22,M," R$ 15,503.51 ",2011-02-10
9940,Legal,Specialist,Master,33,M, ,2014-01-06
9941, ,Director,PhD,31,M," R$ 7,963.72 ",2020-05-07
9942,Logistics,Manager,Master,48,," R$ 7,289.89 ",2016-06-07
9943,Finance,Manager,Master,40,M," R$ 21,596.22 ",2014-05-21
9944,Legal,Specialist,Master,61,M," R$ 22,899.35 ",2019-02-23
9945,Finance,Assistant,High School,53,F," R$ 23,964.25 ",2022-08-15
9946,Marketing,Technician,Technical Diploma,43,F," R$ 11,672.02 ",2023-06-25
9947,Finance,Assistant,High School,46,M," R$ 20,622.56 ",2020-06-06
9948,Marketing,Director,PhD,32,M," R$ 9,439.17 ",2010-03-29
9949,Marketing,Technician,Technical Diploma,32,M," R$ 9,536.02 ",2010-12-19
9950,Legal,Analyst,Bachelor,47,F," R$ 19,441.36 ",2013-01-25
9951,HR,Director,PhD,37,F," R$ 8,191.13 ",2015-02-10
9952,IT,Specialist,Master,50, ," R$ 15,883.03 ",2021-12-31
9953,Legal,,PhD,51,M,,2011-01-08
9954,Logistics,Technician,Technical Diploma,32,M," R$ 5,697.96 ",2020-04-21
9955,Legal,Technician,Technical Diploma,22,F," R$ 12,709.51 ",2015-03-18
9956,Marketing,Manager,Master,27,F," R$ 8,861.15 ",08/07/2021
9957,HR, ,Master,34,F," R$ 7,636.70 ",2010-09-23
9958,Finance,Manager,Master,48,F," R$ 19,816.94 ",2017-06-11
9959,IT,Assistant,High School,64,F," R$ 18,426.92 ",2019-03-28
9960,Finance,Assistant,High School,56,F," R$ 22,638.54 ",2010-05-30
9961,IT,Specialist,Master,54,F," R$ 17,756.88 ",09/05/2018
9962,Marketing,Technician,Technical Diploma,35,M," R$ 9,786.68 ",2016-08-09
9963,Operations,Technician,Technical Diploma,64,F," R$ 12,550.94 ",2015-06-22
9964,Legal,Analyst,Bachelor,43,M," R$ 19,143.89 ",2017-08-13
9965,Operations,Assistant,High School,63,M," R$ 13,082.79 ",2019-07-06
9966,IT,Specialist,Master,42,F," R$ 12,976.75 ",2017-02-20
9967, ,Coordinator,Bachelor,23,M, ,2016-03-04
9968,Logistics,Director,PhD,26,F," R$ 5,625.61 ",2017-07-10
9969,IT,Assistant,High School,36,F," R$ 12,610.67 ",2016-02-02
9970, ,Director,PhD,41,M," R$ 10,106.88 ",2015-09-18
9971,Logistics,Analyst,Bachelor,47,F," R$ 7,117.61 ",2013-07-28
9972,Marketing,Manager,Master,45,M," R$ 11,409.95 ",2011-07-05
9973,Logistics,Analyst,Bachelor,56,M," R$ 8,093.71 ",2021-06-30
9974,,Director,PhD,45,M," R$ 14,824.56 ",2020-10-22
9975,IT,Manager,Master,47,F," R$ 13,118.32 ",2021-11-22
9976,,Assistant,High School,62,M," R$ 8,471.58 ",2022-11-25
9977,Logistics,Director,PhD,43,M," R$ 7,339.70 ",2022-07-17
9978,IT,Technician,Technical Diploma,48,M," R$ 15,315.44 ",2011-06-27
9979,Logistics, ,Master,40,M," R$ 7,215.76 ",2021-08-24
9980,Marketing,Manager,Master,58,M," R$ 12,371.75 ",2019-08-09
9981,Logistics,Technician,Technical Diploma,57, ," R$ 8,032.23 ",17/04/2022
9982,Marketing,Assistant,High School,50,F," R$ 12,680.74 ",26/08/2019
9983,Marketing,Director,PhD,61,F," R$ 13,786.66 ",27/09/2016
9984, ,,PhD,60,F," R$ 23,188.84 ",2021-08-30
9985,Finance,Technician,Technical Diploma,64,F," R$ 23,872.54 ",19/07/2010
9986,Logistics,Specialist,Master,33,M," R$ 5,443.74 ",2013-02-21
9987,Legal,Director,PhD,37,M," R$ 18,175.87 ",2015-06-07
9988,Operations,Assistant,High School,52,F," R$ 9,250.46 ",2010-10-14
9989,Legal,Technician,Technical Diploma,36,F,,2014-11-21
9990,Finance,Director,PhD,54,F," R$ 24,453.17 ",20/06/2012
9991,IT,Analyst,Bachelor,36,," R$ 14,620.19 ",2023-05-26
9992, ,Analyst,Bachelor,53,M," R$ 13,931.32 ",21/05/2014
9993,Logistics,Technician,Technical Diploma,43,M," R$ 7,187.22 ",2010-08-24
9994, ,Assistant,High School,27,F," R$ 16,819.80 ",2010-01-04
9995,Logistics,Director,PhD,51,F," R$ 8,125.27 ",27/11/2012
9996,Operations,Technician,Technical Diploma,62,F," R$ 11,162.61 ",2017-10-21
9997,Logistics,Coordinator,Bachelor,38,M," R$ 6,425.22 ",29/11/2011
9998,Logistics,Manager,Master,23,M," R$ 5,195.64 ",24/10/2020
9999,Finance,Technician,Technical Diploma,37,F," R$ 18,872.62 ",16/04/2023
10000,Marketing,Assistant,High School,33,F," R$ 10,574.32 ",2022-10-10
10001,Legal,Technician,Technical Diploma,33,F," R$ 12,245.09 ",2017-02-18
10002, ,Manager,Master,60,F," R$ 26,067.93 ",2015-04-18
10003,,Specialist,Master,38,F," R$ 19,562.91 ",2011-10-01
10004,Legal,Analyst,Bachelor,63,F," R$ 20,032.13 ",2015-05-22
10005,Finance,Director,PhD,62,F," R$ 24,773.12 ",2019-03-23
10006,Legal,Manager,Master,27,F," R$ 14,269.22 ",2010-09-22
10007, ,Assistant,High School,62,F," R$ 9,717.56 ",2022-04-30
10008,IT,Director,PhD,47,M," R$ 13,908.01 ",2019-11-11
10009,Legal,Director,PhD,22,F," R$ 10,853.87 ",2014-07-02
10010,HR,Analyst,Bachelor,37,F," R$ 8,294.90 ",2022-09-14
10011,Legal,Specialist,Master,61,M," R$ 21,523.40 ",16/04/2017
10012,HR,Specialist,,37,M," R$ 8,190.40 ",2020-10-31
10013,IT,,Master,37,M," R$ 13,748.23 ",16/06/2020
10014,Legal,Director,PhD,60,F," R$ 19,517.63 ",2016-12-02
10015,HR,Manager,Master,50,F," R$ 8,591.41 ",14/01/2019
10016,Logistics,Specialist,Master,47,F," R$ 6,787.77 ",11/07/2013
10017,Finance,Assistant,High School,51,F," R$ 22,497.59 ",15/01/2014
10018,IT,Director,PhD,54,F," R$ 17,601.77 ",2010-06-28
10019,Marketing,Specialist,Master,64,M," R$ 13,493.47 ",27/06/2016
10020,Marketing,Specialist,Master,41,F," R$ 8,328.35 ",2020-02-24
10021,Finance,Coordinator,Bachelor,58,F,,2012-10-14
10022,Logistics,Manager,Master,34,F," R$ 6,182.26 ",2015-01-16
10023,Logistics,Analyst,Bachelor,29,F," R$ 5,981.56 ",27/10/2012
10024,Operations,Specialist,Master,53,F," R$ 11,178.90 ",2018-04-04
10025,Finance,Director,PhD,39,M," R$ 18,137.96 ",2011-10-14
10026,Finance,Specialist,Master,62,F," R$ 21,913.34 ",2021-07-25
10027,IT,Coordinator,Bachelor,32,F," R$ 12,396.48 ",2016-08-18
10028,Operations,Technician, ,59,F," R$ 9,648.22 ",04/02/2021
10029,Operations,Technician,Technical Diploma,64,M," R$ 13,055.49 ",2020-06-13
10030,IT,Manager,Master,35,M," R$ 11,706.22 ",2013-05-25
10031,IT,Technician,Technical Diploma,61,M," R$ 14,660.33 ",2023-01-05
10032,IT,Manager,Master,54,M," R$ 14,545.89 ",26/08/2021
10033,IT,Specialist, ,62,M," R$ 16,135.48 ",2016-12-10
10034,Finance,Technician,Technical Diploma,44, ," R$ 24,083.90 ",2013-12-14
10035,Logistics,Director,PhD,28,F," R$ 5,263.42 ",17/09/2020
10036,Finance,Director,PhD,36,M," R$ 19,386.44 ",2012-03-12
10037,Legal,Coordinator,Bachelor,36,F," R$ 16,160.14 ",2012-07-12
10038,IT,Specialist,Master,30,M," R$ 11,164.59 ",2015-10-02
10039,IT,Assistant,,42,M," R$ 14,933.58 ",2011-04-15
10040,Finance,Specialist,Master,58,M," R$ 21,683.54 ",2022-07-16
10041,Marketing,Specialist,Master,60,F," R$ 11,331.90 ",2015-02-19
10042,Marketing,,Technical Diploma,49,M," R$ 11,228.30 ",2020-02-07
10043,Operations,Specialist,Master,27,F," R$ 8,127.47 ",2018-07-10
10044,Logistics,Technician,Technical Diploma,31,M," R$ 6,059.91 ",2015-03-31
10045,IT,Director,PhD,36,M," R$ 12,951.97 ",2018-12-18
10046,IT,Manager,Master,45,F," R$ 15,827.67 ",2012-10-11
10047,Logistics,Manager,Master,25,F," R$ 5,575.93 ",2023-10-09
10048,Logistics,Specialist,Master,56,F," R$ 7,174.31 ",2015-07-23
10049,Operations,Director,PhD,36,M," R$ 8,365.76 ",2021-01-02
10050,Operations,Specialist,Master,58,F," R$ 10,644.25 ",10/04/2023
10051,Legal,Coordinator,Bachelor,23,M," R$ 13,336.27 ",09/07/2019
10052,Logistics,Technician,Technical Diploma,61,M," R$ 8,335.05 ",2019-10-08
10053,Marketing,Director,PhD,49,F," R$ 13,075.83 ",2019-08-03
10054,Logistics,Specialist,Master,26,M," R$ 5,036.00 ",2019-11-23
10055,Finance,Assistant, ,44,F," R$ 22,556.48 ",2010-10-24
10056,Logistics,Manager,Master,30,F," R$ 5,330.54 ",2020-04-04
10057,Marketing,Assistant,High School,28,M," R$ 8,700.19 ",2017-06-19
10058,Legal,Coordinator,Bachelor,25,F," R$ 14,880.71 ",2021-11-28
10059,Finance,Technician,Technical Diploma,40,F," R$ 21,625.17 ",27/05/2013
10060,Finance,Assistant,High School,29,F," R$ 16,423.47 ",2023-12-09
10061,Operations,Analyst,Bachelor,52,M," R$ 11,234.00 ",2016-12-05
10062,Legal,Coordinator,Bachelor,35,M," R$ 16,336.97 ",02/06/2021
10063,IT,Director,PhD,50,M," R$ 15,309.54 ",2015-06-22
10064,Legal,Coordinator,Bachelor,30,," R$ 15,060.23 ",2016-01-05
10065,HR,Specialist,Master,58,M," R$ 9,804.48 ",2014-12-13
10066,Logistics,Coordinator,Bachelor,27,M," R$ 4,750.61 ",2022-11-06
10067,IT,Technician,Technical Diploma,63,M," R$ 15,395.67 ",2022-05-06
10068,Logistics,Assistant,High School,49,F," R$ 7,317.92 ",25/08/2011
10069,Legal,Director,PhD,31,M," R$ 13,940.46 ",27/07/2013
10070,Operations,Technician,Technical Diploma,24,M," R$ 6,561.70 ",2011-02-15
10071,Operations,Specialist,Master,33,M," R$ 8,412.12 ",2014-02-01
10072,HR,Assistant,High School,57,F," R$ 10,032.08 ",2015-07-26
10073,HR,Director,PhD,32,F," R$ 5,788.61 ",2013-09-14
10074,IT,Coordinator, ,30,M," R$ 11,289.02 ",15/03/2010
10075,IT,Specialist,Master,27, ," R$ 10,505.90 ",2016-05-29
10076,Logistics,Assistant,High School,33,M," R$ 6,487.01 ",2022-10-14
10077,Legal,Specialist,Master,62,M," R$ 22,978.35 ",2023-07-07
10078,Marketing,Director,PhD,29,M, ,2017-05-12
10079,Legal,Analyst,Bachelor,62,F," R$ 20,603.56 ",2018-11-30
10080,Marketing,Specialist,Master,34,M," R$ 11,076.34 ",2018-11-15
10081,HR,Coordinator,Bachelor,64,M," R$ 9,447.23 ",2017-12-05
10082,Logistics,Coordinator,Bachelor,30,M," R$ 5,941.63 ",2013-09-30
10083, ,Assistant,High School,41,F," R$ 9,646.46 ",2021-11-19
10084,HR, ,Bachelor,61,M," R$ 9,092.40 ",2010-03-17
10085,Finance,Manager,Master,31,F," R$ 18,714.12 ",19/01/2017
10086,Legal,Coordinator,Bachelor,62,F," R$ 20,802.60 ",2017-08-11
10087,Marketing,Manager,Master,48,F," R$ 11,995.75 ",2015-12-15
10088,Marketing,,Master,25,M," R$ 8,330.37 ",2015-04-18
10089,HR,Specialist,Master,31,F," R$ 6,100.18 ",2020-11-05
10090,HR,Manager,Master,40,M," R$ 6,328.92 ",2014-12-26
10091,Finance,Coordinator,Bachelor,31,F," R$ 17,694.07 ",15/06/2017
10092,HR,Director,PhD,44,M," R$ 9,579.21 ",2010-10-13
10093,HR,Director,PhD,57,M," R$ 8,083.07 ",30/07/2010
10094,HR, ,PhD,62,M," R$ 8,713.21 ",26/05/2012
10095,Finance,Analyst,Bachelor,30,F," R$ 17,476.81 ",26/01/2011
10096,Legal,Analyst,Bachelor,23, ," R$ 12,729.91 ",2023-02-09
10097,Logistics,Director,PhD,40,M," R$ 6,457.08 ",2017-04-24
10098,Operations,Analyst,Bachelor,29,F," R$ 8,068.85 ",2020-09-15
10099,HR,Specialist,Master,47,F," R$ 8,102.43 ",2023-07-22
10100,Legal,Assistant,High School,57,F," R$ 21,650.45 ",2022-02-21
10101,Marketing,Assistant,High School,32,M," R$ 8,070.45 ",2022-01-10
10102,Logistics,Specialist,Master,24,F," R$ 4,989.11 ",21/11/2015
10103,IT,Analyst, ,51,F,,23/06/2013
10104,,Assistant,High School,39,F," R$ 13,617.38 ",2015-12-25
10105,HR,Assistant,High School,38,F," R$ 6,396.35 ",2011-10-05
10106,Finance,Assistant,High School,30,F," R$ 14,606.03 ",2015-12-13
10107,IT,Analyst,Bachelor,51,F," R$ 14,455.79 ",2016-01-03
10108,Operations,Analyst,Bachelor,37,M," R$ 7,628.24 ",2017-04-10
10109,Finance,Manager,Master,29,M," R$ 16,152.51 ",2015-10-16
10110,IT,Technician,Technical Diploma,62,F," R$ 16,185.50 ",2016-07-17
10111,Operations,Coordinator,Bachelor,47,F," R$ 10,395.30 ",2015-03-19
10112,HR,Director,PhD,26,," R$ 6,140.36 ",26/11/2018
10113,HR,Technician,Technical Diploma,26,F," R$ 5,160.54 ",2014-06-09
10114,Finance,Analyst,Bachelor,45,F," R$ 19,932.14 ",2018-03-14
10115,,Analyst,Bachelor,35,," R$ 8,156.47 ",2016-04-09
10116,Marketing,Coordinator,Bachelor,26,M," R$ 8,130.04 ",2015-05-25
10117,Legal,Technician,Technical Diploma,57,F," R$ 19,558.50 ",30/12/2014
10118,Marketing,Assistant,High School,46,F," R$ 10,906.83 ",2020-12-04
10119,Finance,Manager,Master,38,F," R$ 19,039.47 ",2020-01-29
10120,HR,Assistant,High School,27,F," R$ 6,274.46 ",2010-05-26
10121,Operations,Specialist,Master,28,M," R$ 7,474.56 ",2022-05-11
10122,Logistics,Manager, ,36,F," R$ 6,679.01 ",2018-07-23
10123,,Assistant,High School,27,M," R$ 6,112.60 ",07/03/2023
10124,Marketing,Specialist,Master,53,F," R$ 11,156.87 ",2022-02-09
10125,IT,Coordinator,Bachelor,63,M," R$ 17,940.63 ",2015-04-05
10126,Operations,Technician,Technical Diploma,61,M," R$ 9,794.91 ",2013-08-11
10127,Marketing,Analyst,Bachelor,48,F," R$ 9,359.82 ",2022-04-18
10128,Legal,,Master,61,M," R$ 25,654.30 ",2023-07-28
10129,Finance,Analyst,Bachelor,26,F," R$ 16,923.54 ",2013-08-23
10130,HR,,Technical Diploma,37,," R$ 6,191.64 ",2017-09-09
10131,Finance,Director,PhD,32,M," R$ 17,842.34 ",2020-12-27
10132,Marketing,Technician,Technical Diploma,60,F," R$ 12,242.12 ",2012-12-18
10133,Logistics,Assistant,High School,46,F," R$ 6,986.65 ",2021-03-17
10134,,Technician,Technical Diploma,23,F," R$ 13,485.01 ",2016-04-05
10135,Operations,Technician,,49,M," R$ 11,178.28 ",2012-01-17
10136,Logistics,Manager,Master,28,M," R$ 5,305.34 ",2016-09-25
10137,Logistics,Manager,Master,59,M," R$ 8,540.22 ",2018-02-17
10138,Logistics,Coordinator,Bachelor,22,F," R$ 5,472.09 ",2019-12-16
10139,IT,Director,PhD,39,F," R$ 13,604.00 ",2013-06-15
10140,HR,Technician,Technical Diploma,33,F," R$ 8,017.05 ",2011-03-31
10141,Logistics,Coordinator,Bachelor,29,M," R$ 5,881.84 ",2023-06-04
10142,Logistics,Manager,Master,41,F," R$ 6,694.97 ",2019-04-10
10143,Finance,Director,PhD,56,M," R$ 23,696.23 ",2023-08-14
10144,HR,Analyst,Bachelor,63,F," R$ 8,809.50 ",2022-01-26
10145,HR,Technician,Technical Diploma,37,F," R$ 7,030.70 ",2010-11-03
10146,Legal,Assistant,High School,54,F," R$ 20,321.53 ",2020-04-11
10147,Operations,Manager,Master,61,M," R$ 10,785.00 ",2021-09-30
10148,Operations,Analyst,Bachelor,46,M," R$ 9,307.43 ",2021-11-19
10149,Logistics,Director,PhD,40,M," R$ 6,584.05 ",2013-09-09
10150,HR,Technician,,56,M," R$ 9,185.97 ",2020-04-25
10151,HR,Coordinator,Bachelor,37,M," R$ 8,213.53 ",2014-08-15
10152,HR,Director,PhD,37,F," R$ 6,196.88 ",18/03/2013
10153,Legal,Manager,Master,46,F," R$ 17,518.63 ",2018-01-11
10154,Operations,Manager,Master,53,M," R$ 10,791.52 ",2019-06-14
10155,Logistics,Technician,Technical Diploma,49,M," R$ 8,594.38 ",2016-12-10
10156,Finance,Technician,Technical Diploma,30,F," R$ 16,357.11 ",2023-09-30
10157,Finance,Assistant,High School,39,M, ,2019-02-14
10158,IT,Director, ,44,F," R$ 13,764.87 ",2011-04-18
10159,HR,Assistant,High School,51,M," R$ 8,255.17 ",2021-01-03
10160,HR,Manager,Master,53,M," R$ 8,178.07 ",2023-08-17
10161,IT,Analyst,Bachelor,45,M," R$ 13,447.26 ",2022-11-13
10162,Marketing, ,Technical Diploma,32,," R$ 8,120.90 ",2012-01-22
10163,Marketing,Analyst,Bachelor,47,F," R$ 11,280.06 ",17/05/2013
10164,IT,Assistant,High School,32,M," R$ 12,796.23 ",2012-01-25
10165,IT,Manager,Master,41,M,,2012-06-20
10166,Logistics,Coordinator,Bachelor,39,M," R$ 6,892.44 ",20/09/2010
10167,HR,Coordinator,Bachelor,55,F," R$ 9,325.06 ",30/03/2015
10168,Legal,Director,PhD,57,M," R$ 21,457.32 ",2021-06-27
10169,Marketing,Technician,Technical Diploma,25,F," R$ 6,892.62 ",2010-11-30
10170,Finance,Specialist,Master,42,M," R$ 19,802.13 ",2013-03-11
10171,Marketing,Technician,Technical Diploma,47,F, ,2014-05-06
10172,Operations,Coordinator, ,35,M," R$ 15,597.30 ",2013-02-04
10173,Finance,Coordinator,Bachelor,47,F," R$ 20,106.71 ",2016-02-09
10174,IT,Coordinator,Bachelor,34,F," R$ 12,234.86 ",2016-01-12
10175,Marketing,Director,PhD,47,M," R$ 12,425.67 ",2022-01-16
10176,Legal,Analyst,Bachelor,62,M," R$ 21,064.46 ",31/12/2013
10177,Marketing,Director,PhD,36,M," R$ 9,372.79 ",05/02/2020
10178,Legal, ,Master,48,F," R$ 15,136.16 ",2019-12-27
10179,IT,Coordinator,Bachelor,44,F," R$ 13,714.49 ",2020-04-03
10180,Operations,Technician, ,43,F," R$ 9,162.14 ",2016-09-20
10181,HR,Coordinator,Bachelor,31,M," R$ 6,073.90 ",2013-02-20
10182,Logistics,Coordinator,Bachelor,26,F," R$ 5,248.65 ",2015-10-18
10183,Legal,Coordinator,Bachelor,25,M," R$ 13,868.91 ",2011-06-23
10184,Operations,Assistant,High School,57,F," R$ 10,244.43 ",2014-01-18
10185,IT, ,Master,37,F," R$ 12,054.31 ",2015-03-14
10186,Marketing,Specialist,Master,53,F," R$ 13,342.91 ",2020-01-01
10187,Logistics,Specialist,Master,32,M," R$ 6,079.02 ",27/12/2022
10188,IT,Manager,Master,60,M," R$ 17,682.35 ",08/01/2013
10189,IT, ,Bachelor,54,F," R$ 16,094.59 ",2021-06-11
10190,Logistics,Coordinator,Bachelor,56,F," R$ 7,798.45 ",2010-03-06
10191,Marketing,Assistant,High School,25,M," R$ 9,234.43 ",2015-09-19
10192,Logistics,Analyst,Bachelor,44,M," R$ 6,745.93 ",2023-05-29
10193,Marketing,Technician,Technical Diploma,24,F," R$ 8,315.29 ",2014-06-19
10194,Marketing,Manager,Master,41,M," R$ 9,553.89 ",2021-03-03
10195,Legal,Analyst,Bachelor,22,F," R$ 13,463.04 ",2020-09-09
10196,IT,Coordinator,Bachelor,54,F," R$ 16,075.79 ",2018-05-31
10197,Legal,Manager,Master,31,M," R$ 14,389.68 ",16/09/2019
10198,Legal,Analyst,Bachelor,24,F," R$ 14,698.33 ",2020-11-10
10199,HR,Manager,Master,53,M," R$ 8,366.64 ",2011-08-26
10200,HR,Coordinator,Bachelor,59,F," R$ 9,333.14 ",09/11/2021
10201,Finance,Analyst,Bachelor,52,M," R$ 19,742.88 ",17/02/2021
10202,IT,Director,PhD,42,M," R$ 16,147.94 ",11/12/2015
10203,HR,Director,PhD,45,F," R$ 7,371.86 ",2012-08-28
10204,Legal,Assistant,High School,45,M," R$ 17,107.89 ",2016-08-09
10205,HR,Specialist,Master,31,F," R$ 7,104.28 ",2021-03-10
10206,Marketing,Coordinator,Bachelor,27,M," R$ 8,653.61 ",2023-04-16
10207,,Director,PhD,49,M," R$ 21,304.97 ",2015-10-25
10208,IT,Specialist,Master,22,F," R$ 10,600.00 ",2015-08-26
10209,Logistics,Technician,Technical Diploma,31,F," R$ 5,576.19 ",2023-09-11
10210,Operations,Analyst,Bachelor,62,F," R$ 12,468.28 ",2012-08-16
10211,Operations,Manager,Master,51,F," R$ 9,602.29 ",2011-10-18
10212,Logistics,Manager,Master,36,F,,2010-01-02
10213,Logistics,Specialist,Master,35,M," R$ 6,907.74 ",2019-10-31
10214,Logistics,Coordinator,Bachelor,45,F," R$ 6,943.87 ",06/07/2015
10215,Marketing,Director,PhD,31,F, ,2010-05-03
10216,HR,Manager,Master,47,M," R$ 8,877.79 ",2011-02-17
10217,Finance,Specialist,Master,22,M," R$ 16,794.30 ",2018-01-18
10218,HR,Specialist,Master,41,F," R$ 7,525.94 ",2010-03-25
10219,Finance,Coordinator,Bachelor,50,F," R$ 23,190.18 ",2013-04-27
10220,Logistics,Assistant,High School,55,M," R$ 8,031.68 ",2011-11-06
10221,IT,Coordinator,Bachelor,23,M," R$ 9,355.52 ",2014-07-05
10222,Marketing,Manager,Master,23,F," R$ 9,322.96 ",2014-09-17
10223,Legal,Analyst,,23,M," R$ 14,211.30 ",12/01/2017
10224,Finance,Director,PhD,29,F,,2020-11-11
10225,IT,Coordinator,Bachelor,46,M," R$ 12,490.97 ",29/12/2020
10226,Operations,Director,PhD,39,M," R$ 9,616.68 ",2018-07-07
10227,IT,Technician,Technical Diploma,38,F," R$ 15,007.30 ",2016-09-24
10228,HR,Specialist,Master,51,M," R$ 8,935.45 ",2023-07-18
10229,Logistics,Technician,Technical Diploma,29,F," R$ 5,533.43 ",2018-06-22
10230,Marketing,Specialist,Master,63,M," R$ 15,425.26 ",2016-05-24
10231,Legal,Assistant,High School,50,M," R$ 18,268.93 ",2011-05-11
10232,Logistics,Director,PhD,40,M," R$ 6,355.31 ",2021-02-05
10233,Finance,Coordinator,Bachelor,58,M," R$ 22,464.65 ",08/07/2021
10234,Legal,Coordinator,Bachelor,45,M," R$ 18,693.87 ",2016-11-16
10235,Marketing,Director, ,39,F," R$ 10,328.75 ",2013-08-27
10236,HR,Technician,Technical Diploma,31,M," R$ 7,439.31 ",2013-07-26
10237,Finance,Coordinator,Bachelor,37,F," R$ 18,227.64 ",2023-03-16
10238,IT,Director,PhD,62,F," R$ 18,235.70 ",2012-01-09
10239,Operations,Assistant,High School,63,M," R$ 12,187.17 ",14/06/2016
10240,,Analyst,Bachelor,26,M," R$ 11,954.93 ",2016-11-14
10241,IT,Technician,Technical Diploma,36,F," R$ 13,273.01 ",2012-01-04
10242,Logistics,Director,PhD,44,M,,2017-04-17
10243,Legal,Director,PhD,52,M," R$ 18,907.48 ",2017-03-26
10244,Operations,Specialist,Master,51,M," R$ 10,025.04 ",2012-11-09
10245,Logistics,Assistant,High School,28,F," R$ 5,236.43 ",2019-08-31
10246,Legal,Specialist,Master,41,F," R$ 14,582.08 ",13/06/2022
10247,HR,Assistant,High School,60,F,,2022-12-20
10248,Marketing,Assistant,High School,24,F," R$ 8,394.17 ",2021-08-31
10249,Marketing,Director,PhD,24,F," R$ 8,240.69 ",2014-07-16
10250,Finance,Assistant,High School,52,M," R$ 24,773.38 ",19/02/2013
10251,Legal,Assistant,High School,28,F," R$ 14,266.74 ",2015-09-08
10252,Legal,Assistant,High School,22,F," R$ 13,681.21 ",2016-02-10
10253,IT,Coordinator,Bachelor,48,F," R$ 16,457.27 ",2010-12-01
10254,Legal,Director,PhD,22,F," R$ 12,732.93 ",17/10/2020
10255,Operations,Manager,Master,27,M," R$ 7,880.30 ",2020-01-23
10256,Legal,Coordinator,Bachelor,41,F," R$ 16,750.49 ",07/06/2017
10257,Operations,Specialist,Master,60,M," R$ 11,535.15 ",2014-07-16
10258,Logistics,Technician,Technical Diploma,24,F," R$ 4,938.60 ",2015-05-15
10259,Finance,Assistant,High School,23,M," R$ 13,116.62 ",2023-01-09
10260,Finance,Director,PhD,53,F," R$ 22,183.44 ",2020-02-14
10261,Logistics,Specialist,Master,41,M," R$ 6,776.95 ",2010-05-19
10262,HR,Director,PhD,57,F," R$ 8,895.80 ",2014-01-19
10263,Finance,Technician,Technical Diploma,48,F," R$ 21,149.95 ",21/12/2012
10264,Operations,Manager,Master,41,F, ,2010-03-14
10265,Finance,Coordinator,Bachelor,40,F,,2018-11-06
10266,Legal,Technician,Technical Diploma,42,M," R$ 17,408.15 ",2021-05-22
10267,Marketing,Coordinator,Bachelor,64,F," R$ 14,785.15 ",18/08/2013
10268,Finance,Manager,Master,41,F," R$ 20,404.18 ",2018-02-26
10269,IT,Analyst,Bachelor,26,M," R$ 10,852.17 ",2016-04-26
10270,Operations,Assistant,,41,F," R$ 8,089.40 ",2015-12-18
10271,Logistics,Specialist,Master,33,M," R$ 6,903.09 ",2022-10-19
10272,Operations,Specialist,Master,31,F," R$ 7,662.49 ",2013-10-19
10273,Finance,Coordinator,Bachelor,43,M," R$ 23,644.19 ",2016-09-08
10274,Marketing,Manager,Master,59,M," R$ 13,569.42 ",2017-06-25
10275,Finance,Manager,Master,49,M," R$ 23,351.53 ",2012-03-21
10276,IT,Assistant,High School,33,F," R$ 9,631.27 ",2023-04-04
10277,Logistics,Technician,Technical Diploma,60,F," R$ 8,753.82 ",2014-12-23
10278,,Technician,Technical Diploma,31,M," R$ 6,859.92 ",2012-06-06
10279,Operations,Technician,Technical Diploma,56,F," R$ 11,225.03 ",2019-11-06
10280,Marketing,Analyst,Bachelor,61,M," R$ 11,388.10 ",2016-09-08
10281,Logistics,Assistant,High School,58,M," R$ 7,778.43 ",21/11/2017
10282,Logistics,Manager,Master,38,M," R$ 6,322.65 ",2011-11-09
10283,IT,Specialist,Master,48,," R$ 15,173.21 ",2018-01-03
10284,Legal,Assistant,High School,50,F," R$ 19,468.05 ",2015-08-08
10285,Finance,Specialist,Master,47,," R$ 21,924.78 ",2021-12-21
10286,Finance,Technician,Technical Diploma,30,M," R$ 19,834.00 ",2019-06-29
10287,,Technician,Technical Diploma,33,F," R$ 6,324.77 ",2014-06-12
10288,Operations,Specialist,Master,64,F," R$ 11,248.10 ",2012-09-01
10289,Marketing,Manager,Master,47,M,,2018-05-17
10290,Operations, ,Technical Diploma,54,F," R$ 11,213.11 ",20/07/2023
10291,Operations,Technician,Technical Diploma,53,F," R$ 10,167.56 ",2022-12-09
10292,Operations,Coordinator,Bachelor,32,F," R$ 8,224.03 ",2011-04-22
10293,Operations,Director,PhD,50,F," R$ 11,063.98 ",2021-02-10
10294,IT,Analyst,Bachelor,29,F," R$ 10,782.47 ",2021-10-30
10295,IT,Manager,Master,46,M," R$ 13,106.82 ",2023-06-21
10296,Logistics,Analyst, ,41,M," R$ 6,081.08 ",2016-03-11
10297,Finance,Director,PhD,42,M," R$ 19,130.90 ",2015-07-17
10298,,Analyst,Bachelor,25,M," R$ 16,518.16 ",2018-06-01
10299,Finance,Analyst,Bachelor,57,M," R$ 27,552.93 ",23/05/2021
10300,Legal,Manager,Master,64,F," R$ 22,318.41 ",2012-01-17
10301,Finance,,Master,50,F," R$ 22,208.23 ",26/08/2015
10302,HR,Analyst,Bachelor,40,F," R$ 6,860.35 ",08/09/2015
10303,Legal,,Master,47,F," R$ 17,140.14 ",2014-04-01
10304,Legal,Analyst,Bachelor,57,F," R$ 19,370.96 ",2014-06-04
10305,Finance,Director,PhD,46,M," R$ 20,386.25 ",2011-05-21
10306,IT,Analyst,Bachelor,44,F," R$ 13,644.21 ",2017-04-12
10307,HR,Coordinator,Bachelor,59,F," R$ 9,792.59 ",2011-12-19
10308,HR,Technician,Technical Diploma,49,M," R$ 8,712.73 ",2012-08-18
10309,HR,Coordinator,Bachelor,62,M, ,2021-11-02
10310,HR,Specialist, ,32,F," R$ 7,760.71 ",2020-11-29
10311,,Coordinator,Bachelor,50,F," R$ 21,857.91 ",2021-02-05
10312,Legal,Manager,Master,41,F," R$ 18,706.99 ",2022-10-12
10313,Operations,Specialist,Master,30,M," R$ 7,464.10 ",29/10/2022
10314,Operations,Director,PhD,45,M," R$ 10,082.94 ",2020-01-16
10315,,Technician,Technical Diploma,62,F," R$ 13,736.37 ",2013-12-19
10316,HR,Analyst,Bachelor,34,F," R$ 7,924.85 ",2014-05-09
10317,HR,Analyst,Bachelor,23,F," R$ 6,761.85 ",20/10/2012
10318,Logistics,Director,PhD,38,M," R$ 6,540.48 ",2010-01-16
10319, ,Coordinator,Bachelor,48,F," R$ 7,102.52 ",2014-06-21
10320,Logistics,Director,PhD,59,F," R$ 8,586.36 ",2013-12-02
10321,Marketing,Manager,Master,23,F," R$ 8,268.12 ",05/05/2015
10322,Marketing,Manager,Master,54,M," R$ 11,194.42 ",2018-07-30
10323,Operations,Manager,Master,26,M," R$ 6,671.90 ",2013-05-09
10324,Finance,Coordinator,Bachelor,35,F," R$ 17,656.52 ",2011-04-08
10325,Logistics,Director,PhD,48,M," R$ 8,370.32 ",2014-09-15
10326,Finance,Assistant,High School,57,F," R$ 26,076.27 ",12/03/2015
10327,Finance,Coordinator,Bachelor,48,M," R$ 24,826.91 ",28/09/2019
10328,IT,Analyst,Bachelor,35,M," R$ 11,497.17 ",2011-06-27
10329,Operations,Assistant,High School,36,,,06/06/2016
10330,Legal,Coordinator,Bachelor,48,F," R$ 18,139.03 ",2018-02-06
10331,Logistics,Coordinator,Bachelor,29,M," R$ 5,779.06 ",2019-11-29
10332,Legal,Specialist,Master,42,F," R$ 19,743.71 ",2022-10-08
10333,HR,Coordinator,Bachelor,55,M," R$ 9,090.42 ",2023-05-01
10334,Legal,Coordinator,Bachelor,49,M," R$ 18,679.55 ",2019-03-17
10335,Finance, ,Master,45,F," R$ 18,742.63 ",2014-08-24
10336,Marketing,Director,PhD,38,F," R$ 9,798.60 ",2013-09-22
10337,Legal,,Master,27,F," R$ 13,776.01 ",2020-12-18
10338,Operations,Manager,Master,59,F, ,2018-07-15
10339,Operations,Analyst,Bachelor,40,F," R$ 8,828.87 ",2010-07-09
10340,Marketing,Technician,Technical Diploma,22,F," R$ 8,250.65 ",2023-11-07
10341,Marketing,,PhD,59,M," R$ 14,590.49 ",2020-07-17
10342,IT,Assistant,High School,47,M," R$ 14,622.88 ",2014-01-22
10343,Legal,Manager,Master,26,F," R$ 12,456.90 ",22/11/2016
10344,Marketing,Director,PhD,25,M," R$ 8,536.36 ",2011-08-17
10345,Operations,Coordinator,Bachelor,46,F," R$ 10,279.90 ",2012-05-11
10346,IT,Assistant,High School,43, ," R$ 14,524.27 ",2013-04-22
10347,Logistics,,Technical Diploma,34,F," R$ 6,656.30 ",2021-01-24
10348,Logistics,Coordinator, ,44,F," R$ 7,451.58 ",2017-03-10
10349,IT,Coordinator,Bachelor,54,F," R$ 17,613.12 ",2014-10-26
10350,IT,,Master,46,M," R$ 14,952.13 ",2015-05-07
10351,Operations,,Master,31,F," R$ 8,073.20 ",2014-02-03
10352,Finance,Director,PhD,39,M," R$ 19,765.38 ",2019-09-07
10353,Logistics,Technician,Technical Diploma,48,M," R$ 8,666.90 ",09/06/2013
10354,IT,Technician,Technical Diploma,47,M," R$ 14,853.23 ",2022-04-15
10355,Legal,Coordinator,Bachelor,63,F," R$ 21,345.85 ",2020-03-04
10356,Logistics,Coordinator,Bachelor,23,M," R$ 5,268.38 ",2015-09-18
10357,HR,Assistant,,31,M," R$ 7,689.28 ",2018-09-12
10358,HR,Director,PhD,41,F," R$ 7,236.88 ",2018-06-18
10359,Legal,Specialist,Master,59,M," R$ 22,480.70 ",2016-09-11
10360,Legal,Technician,Technical Diploma,24,F," R$ 10,667.91 ",2015-07-01
10361,Legal,Analyst,Bachelor,31,M,,22/11/2016
10362,IT,Manager,Master,49,M," R$ 16,156.25 ",04/04/2022
10363,Legal,Specialist,Master,40,M," R$ 17,231.46 ",2020-08-08
10364,Finance,Director,PhD,38,M, ,2021-05-16
10365,Legal,Director,PhD,44,M," R$ 14,888.63 ",2020-10-21
10366,Finance,Technician, ,49,M, ,2014-05-25
10367,IT,Assistant,High School,48,F," R$ 12,188.48 ",2013-07-01
10368,Operations,Specialist,Master,53,F," R$ 10,294.53 ",2018-06-04
10369,Finance,Coordinator,Bachelor,59,M," R$ 21,341.89 ",30/12/2020
10370,Logistics,Specialist, ,33,M," R$ 5,607.17 ",2010-10-09
10371,Legal,Director,PhD,41,F," R$ 14,664.10 ",2013-01-16
10372,IT,Director,PhD,27,M," R$ 11,502.84 ",18/02/2012
10373,Logistics,Coordinator, ,24,F," R$ 5,457.07 ",2016-11-30
10374,Legal,Specialist,Master,24,M," R$ 13,658.89 ",2010-06-29
10375,Finance,Assistant,High School,44,M," R$ 22,633.39 ",2023-06-23
10376,Marketing, ,Master,30,M," R$ 8,202.46 ",2021-12-30
10377,Legal,Assistant,High School,54,F," R$ 19,130.25 ",2019-07-20
10378,IT,Technician,Technical Diploma,57,F," R$ 17,739.36 ",2010-03-20
10379,Marketing,Specialist,Master,33,F," R$ 9,762.00 ",2015-12-28
10380,Logistics,Assistant,High School,47,M," R$ 11,977.69 ",16/04/2011
10381,Logistics,Technician,Technical Diploma,58,F," R$ 7,797.65 ",2010-12-03
10382,,Assistant,High School,31,M," R$ 10,722.79 ",2014-11-29
10383,Legal,Technician,Technical Diploma,32,M," R$ 13,773.13 ",19/02/2014
10384,Legal,Coordinator,,40,F," R$ 14,399.95 ",2020-11-10
10385,IT,Technician,Technical Diploma,26, ," R$ 10,937.44 ",01/06/2021
10386,HR,Analyst,Bachelor,45,M," R$ 9,373.59 ",2014-05-30
10387,IT,Director,PhD,56,M," R$ 17,558.98 ",2011-05-18
10388,Logistics,Manager,Master,49,F," R$ 7,061.57 ",2019-11-05
10389,Finance,Director,PhD,51,M," R$ 21,934.78 ",2011-12-12
10390,IT,Specialist,Master,40,M,,2020-10-06
10391,Finance,Assistant,High School,27,M," R$ 15,888.89 ",20/05/2011
10392,Finance,Analyst,Bachelor,60,M," R$ 22,472.90 ",2012-02-04
10393,Operations,Coordinator,Bachelor,40,M," R$ 8,478.53 ",2019-03-18
10394,Legal,Coordinator,Bachelor,52,M," R$ 19,032.88 ",2011-11-25
10395,Logistics,Assistant,High School,32,F," R$ 5,553.44 ",2013-03-07
10396,Marketing,Assistant,High School,38,M," R$ 10,263.34 ",2021-02-07
10397, ,Technician,Technical Diploma,38,M," R$ 6,391.11 ",20/09/2013
10398,HR,Coordinator,Bachelor,36,M," R$ 6,957.64 ",2014-01-26
10399,HR,Technician,Technical Diploma,27,M," R$ 5,805.05 ",14/10/2016
10400,IT,Technician,Technical Diploma,53,F," R$ 14,628.03 ",2022-01-19
10401,HR,Manager,Master,61,F," R$ 8,532.40 ",27/02/2014
10402,Legal,Analyst,Bachelor,32,F," R$ 16,323.76 ",14/03/2013
10403,Logistics,Director,PhD,34,F," R$ 7,030.94 ",05/08/2011
10404,HR,Director,PhD,38,M," R$ 8,335.37 ",2011-04-18
10405, ,Manager,Master,49,F," R$ 9,350.75 ",2011-01-30
10406,Marketing,Assistant,High School,39, ,,2017-06-23
10407,Finance,Specialist,Master,49,M," R$ 21,973.91 ",2022-05-26
10408,HR,Technician,Technical Diploma,37,M," R$ 6,767.93 ",30/10/2020
10409,Marketing,Technician,Technical Diploma,57,M," R$ 12,708.19 ",2023-04-09
10410,IT,Analyst,Bachelor,61,F," R$ 15,360.61 ",2013-07-24
10411,Legal,Coordinator,Bachelor,41,M," R$ 17,378.55 ",2015-12-28
10412,IT,Technician,Technical Diploma,60,F," R$ 17,221.81 ",2021-09-18
10413,Finance,Director,PhD,48,M," R$ 20,832.78 ",2020-02-21
10414,Operations,Director,PhD,61,F," R$ 10,260.45 ",2015-04-17
10415,IT,Specialist,Master,54,F," R$ 14,583.54 ",2021-07-12
10416,Marketing,Director,PhD,23, ," R$ 8,566.10 ",2018-08-19
10417,IT,Analyst,,34,M," R$ 12,728.64 ",2023-05-24
10418,Finance,Analyst,Bachelor,23,F," R$ 14,397.00 ",2019-04-18
10419,Logistics,Technician,Technical Diploma,58,F," R$ 8,898.76 ",2018-08-31
10420,Operations,Coordinator,Bachelor,26,M," R$ 7,222.24 ",2022-03-13
10421,Legal,Manager, ,27,M," R$ 14,835.00 ",2015-12-30
10422,IT,Technician, ,53,M," R$ 17,034.80 ",07/07/2018
10423,HR,Director,PhD,45,F," R$ 9,070.31 ",2013-01-14
10424,Finance,Specialist,Master,38,F," R$ 19,440.40 ",2015-11-02
10425,HR,Technician,Technical Diploma,30,M," R$ 6,154.43 ",2020-03-05
10426,Finance,Specialist,Master,61,M," R$ 27,739.19 ",2012-04-23
10427,Marketing,Analyst,Bachelor,61,M," R$ 14,218.02 ",2022-11-28
10428,Operations,Assistant,High School,23,F," R$ 7,290.16 ",2019-03-05
10429,Finance,Manager,Master,30,F," R$ 17,701.34 ",2017-10-21
10430,Finance,Assistant,High School,27,M," R$ 14,843.52 ",2010-08-01
10431,IT,Director,PhD,40,F," R$ 12,723.52 ",14/11/2019
10432,Operations,,Technical Diploma,54,F," R$ 9,258.36 ",2014-11-29
10433,Marketing,,Bachelor,40,F," R$ 10,284.34 ",30/03/2017
10434,Operations,Manager,Master,54,F," R$ 10,847.28 ",2015-10-05
10435,Marketing,Technician,Technical Diploma,51,M," R$ 12,135.82 ",2017-06-13
10436,HR,Assistant,High School,60,F," R$ 10,246.97 ",2019-06-29
10437,Marketing,Assistant,High School,34,M," R$ 9,791.78 ",25/01/2013
10438,,Analyst,Bachelor,39,M," R$ 8,236.83 ",2015-10-28
10439,IT,Technician,Technical Diploma,23,," R$ 10,122.53 ",12/11/2020
10440,Finance,Technician,Technical Diploma,24,M," R$ 15,611.25 ",17/10/2012
10441,Legal,Assistant,High School,27,M," R$ 15,580.53 ",2022-08-13
10442,Operations,Specialist,Master,49,M," R$ 10,130.76 ",2017-01-10
10443,IT,Assistant,High School,34,F," R$ 11,522.95 ",2021-12-15
10444,Finance,Specialist,Master,41,M," R$ 18,368.34 ",2020-12-01
10445,Legal,Technician,Technical Diploma,53,," R$ 19,872.79 ",06/06/2011
10446,Legal,Specialist,,52,M," R$ 20,158.61 ",2016-02-17
10447,Operations,,PhD,30,M," R$ 8,420.35 ",2018-01-08
10448,Legal, ,Master,24,M," R$ 11,849.23 ",2021-07-30
10449,Operations,Assistant,High School,52,F," R$ 10,306.71 ",2015-01-07
10450,HR,Technician,Technical Diploma,36,M," R$ 7,546.78 ",2019-10-27
10451,HR,Analyst,Bachelor,25,M," R$ 5,354.86 ",2012-08-05
10452,Finance,Coordinator,Bachelor,38,M," R$ 19,720.04 ",2019-05-06
10453,Logistics,Specialist,Master,52,F," R$ 8,436.17 ",2011-04-01
10454,Logistics,Coordinator,Bachelor,50,M," R$ 7,136.86 ",2021-01-15
10455,Finance,Manager,Master,32,M," R$ 16,776.84 ",2014-01-05
10456,Operations,Coordinator,Bachelor,53,M," R$ 8,948.33 ",2014-01-16
10457,Logistics,Coordinator,Bachelor,61,F," R$ 9,409.49 ",31/03/2014
10458,Logistics,Director,PhD,24,M," R$ 5,025.97 ",11/10/2018
10459,IT,Manager,Master,22,F," R$ 9,974.59 ",30/07/2012
10460,Finance,Coordinator,Bachelor,29,M," R$ 16,042.34 ",2021-11-21
10461,Marketing,Specialist,Master,62,M," R$ 14,835.63 ",2019-12-27
10462,IT,Technician,Technical Diploma,38,M," R$ 11,853.58 ",2012-09-23
10463,Legal,Assistant,High School,29,F," R$ 14,369.06 ",2015-02-04
10464,Marketing,Technician,Technical Diploma,64,F," R$ 15,217.54 ",2010-10-14
10465,IT,Assistant,High School,54,M," R$ 15,838.37 ",16/02/2011
10466,Operations,Coordinator,Bachelor,47,F," R$ 9,557.21 ",2021-06-11
10467,Marketing,Technician,Technical Diploma,23,F," R$ 7,507.75 ",2014-11-08
10468,Logistics,Specialist,Master,50,M," R$ 8,174.58 ",2012-09-05
10469,Finance,Manager,Master,36,M," R$ 18,814.82 ",2021-08-21
10470,IT,Analyst,Bachelor,51,M," R$ 15,235.54 ",2020-04-28
10471,Legal,Assistant,High School,33,F," R$ 15,188.27 ",2015-06-30
10472,Logistics,Specialist,Master,23,F," R$ 4,479.45 ",2014-10-26
10473,IT,Specialist,Master,42,F, ,2020-12-23
10474,Logistics,Technician,Technical Diploma,50,M," R$ 7,536.37 ",2015-08-13
10475,HR,Coordinator,Bachelor,50,F," R$ 8,385.50 ",2010-09-18
10476,Marketing,Analyst,Bachelor,37,F," R$ 8,668.93 ",10/09/2016
10477,HR,Assistant,High School,52,F," R$ 9,313.47 ",2013-06-22
10478,Logistics,Technician,Technical Diploma,54,F," R$ 8,404.46 ",2017-09-10
10479,IT,Coordinator,Bachelor,23,M," R$ 10,613.95 ",2015-12-19
10480,HR,Coordinator,Bachelor,25,F," R$ 6,592.84 ",2012-03-25
10481,Legal,Manager,Master,60,M," R$ 21,069.06 ",2021-12-10
10482,Operations,Specialist,Master,26,M," R$ 7,618.20 ",01/03/2022
10483,Operations,Director,PhD,23,M," R$ 7,956.39 ",2022-06-19
10484,IT,Analyst,Bachelor,29,F," R$ 10,896.30 ",08/08/2020
10485,Operations,Specialist,Master,57,F," R$ 11,602.83 ",2020-06-19
10486,Marketing,Assistant,High School,27,M," R$ 9,176.82 ",11/05/2013
10487,Legal,Analyst,Bachelor,62,F," R$ 18,780.90 ",17/07/2011
10488,Operations, ,Master,31, ," R$ 8,710.12 ",2015-09-17
10489,Legal,Manager,Master,57,F," R$ 20,717.26 ",2012-11-27
10490,Legal,Assistant,High School,25,M," R$ 14,818.11 ",15/04/2019
10491,Legal, ,Master,60,F," R$ 22,234.87 ",2017-02-10
10492,Marketing,Specialist,Master,35,F," R$ 9,903.88 ",2021-12-30
10493,Operations,Manager,Master,33,F," R$ 8,451.02 ",2011-03-15
10494,Finance,Coordinator,Bachelor,38,M,,2012-10-31
10495,IT,Coordinator,Bachelor,42,F," R$ 14,830.59 ",2012-07-21
10496, ,Specialist,Master,34,F," R$ 13,632.02 ",2014-07-22
10497,Legal,Specialist,Master,54,M," R$ 19,475.05 ",2010-11-30
10498,Marketing,Director,PhD,34,M," R$ 10,223.05 ",2011-06-02
10499,Marketing,Assistant,High School,30,F," R$ 8,132.03 ",2014-01-08
10500,Finance,Specialist,Master,41,M," R$ 20,151.64 ",2018-11-27
10501,HR,Analyst,Bachelor,61,M," R$ 10,505.90 ",2021-01-07
10502,Finance,Director,PhD,22,F," R$ 14,079.52 ",17/03/2014
10503,IT,Analyst,Bachelor,34,M," R$ 13,046.98 ",2015-12-06
10504,,Assistant,High School,43,F," R$ 10,469.63 ",2017-03-09
10505,Legal,Specialist,Master,34,M," R$ 13,952.91 ",16/05/2015
10506,Marketing,Technician, ,56,M," R$ 13,150.51 ",11/09/2017
10507,,Assistant,High School,22,F," R$ 4,457.24 ",2021-02-12
10508,IT,Specialist,Master,54,M," R$ 16,258.90 ",2020-01-14
10509,HR,Manager,Master,26,M," R$ 6,351.95 ",2023-01-19
10510,Legal,Analyst,Bachelor,51,M," R$ 20,569.92 ",2015-06-15
10511,Operations,Specialist,Master,26,," R$ 8,429.14 ",2015-04-08
10512,Marketing,Manager,Master,64,F," R$ 13,023.91 ",2019-10-23
10513,Logistics,Coordinator,Bachelor,46,F," R$ 5,946.71 ",2016-09-29
10514,Legal,Analyst,Bachelor,47,M, ,2020-03-29
10515,Finance,Technician,Technical Diploma,40,M," R$ 20,652.99 ",2015-11-08
10516,HR,Director,PhD,33,F," R$ 5,908.72 ",2013-06-22
10517,Logistics,Specialist,Master,29,F," R$ 6,144.66 ",05/01/2012
10518,Marketing,Analyst,Bachelor,31,F," R$ 8,723.13 ",12/12/2019
10519,Marketing,Assistant,High School,39,F," R$ 10,051.51 ",24/08/2014
10520,Operations,Specialist,Master,62,," R$ 11,772.29 ",2023-05-28
10521,Operations,Analyst,Bachelor,32,F," R$ 8,294.02 ",09/07/2019
10522,HR,Assistant,High School,51,F," R$ 8,767.77 ",2020-06-18
10523,Legal,Analyst,Bachelor,26,M, ,05/04/2019
10524,Legal,Coordinator,Bachelor,45,M," R$ 20,957.11 ",08/02/2013
10525,IT,Specialist,Master,34,F," R$ 10,951.45 ",2010-03-05
10526,Legal,Analyst,Bachelor,57,F," R$ 19,257.42 ",2020-11-17
10527,Operations,,PhD,48,M," R$ 10,803.20 ",2017-07-10
10528,Finance,Manager,Master,53,M," R$ 23,699.15 ",2011-06-01
10529,Logistics,Analyst,Bachelor,35,M," R$ 6,515.60 ",2023-04-14
10530,Legal,Manager,Master,62,M," R$ 18,971.31 ",2016-07-31
10531,,Director,PhD,23,M," R$ 6,812.11 ",2018-04-13
10532,Operations,Specialist,Master,25,M," R$ 7,184.74 ",15/02/2010
10533,Finance,Director,PhD,32,F,,10/07/2020
10534,Operations,Technician,Technical Diploma,63,M," R$ 9,757.19 ",2020-11-06
10535,Logistics,Manager,Master,58,F," R$ 8,911.36 ",2011-07-13
10536,Finance,Analyst,Bachelor,59,F," R$ 24,629.74 ",2015-10-26
10537,Finance,Assistant,High School,58,F," R$ 22,590.87 ",31/01/2017
10538,HR,Assistant,High School,34,F," R$ 6,714.70 ",2011-10-19
10539,Marketing,Assistant,High School,30,F," R$ 9,669.09 ",2022-05-27
10540,Finance,Director,,63,F," R$ 27,129.78 ",2013-02-22
10541,Logistics,Coordinator,Bachelor,48,M," R$ 8,034.00 ",2016-03-03
10542,Operations,Analyst,Bachelor,23,F," R$ 7,661.49 ",2023-08-10
10543,IT,Director,PhD,48,F," R$ 14,190.31 ",2012-10-03
10544,IT,Technician,Technical Diploma,33,F," R$ 10,033.36 ",2017-06-23
10545,HR,Specialist,Master,33,M, ,2019-11-21
10546,Logistics,Coordinator,Bachelor,24,M," R$ 5,408.68 ",2014-03-23
10547,HR,,Master,47,M," R$ 8,527.96 ",04/04/2011
10548,HR,Director,PhD,36,F, ,2021-02-09
10549,Finance,Specialist,Master,48,M," R$ 19,829.06 ",03/06/2014
10550,Marketing,Specialist,Master,56,M," R$ 14,687.23 ",18/11/2020
10551,Logistics,Coordinator,Bachelor,34,F, ,18/07/2019
10552,Legal,Technician,Technical Diploma,26,F," R$ 14,748.74 ",2018-10-15
10553,Legal,,Technical Diploma,64,M," R$ 22,105.30 ",30/08/2021
10554,Operations,Director,PhD,38,F," R$ 8,744.51 ",2020-03-17
10555,Finance,Analyst,Bachelor,40,F," R$ 19,428.45 ",2012-10-28
10556,,Coordinator,Bachelor,41,F," R$ 21,978.20 ",2018-07-26
10557,HR,Director,PhD,44,M," R$ 7,910.02 ",2011-02-23
10558,IT,Manager,Master,33,F," R$ 11,803.01 ",2017-03-21
10559,Marketing,Manager,Master,53,M," R$ 14,043.37 ",2014-12-20
10560,Legal,Manager,Master,50,F," R$ 20,359.59 ",2010-10-16
10561,Logistics,Analyst,Bachelor,26,M," R$ 5,667.22 ",2015-12-18
10562,IT,Assistant,High School,64,F," R$ 17,319.44 ",23/06/2018
10563,HR,Technician,Technical Diploma,23,M," R$ 6,285.74 ",2019-12-24
10564,Operations,Technician,Technical Diploma,27,F," R$ 7,176.77 ",2010-03-02
10565,HR,Analyst,Bachelor,42, ," R$ 7,723.73 ",08/12/2015
10566,Marketing,Specialist,Master,56,F, ,2013-03-17
10567,Legal,Technician,Technical Diploma,36,M," R$ 17,219.33 ",2013-09-07
10568,,Manager,Master,39,M," R$ 16,748.90 ",11/10/2019
10569,Legal,Director,PhD,23,M," R$ 14,514.42 ",2019-10-03
10570,Logistics,Assistant,High School,26,M," R$ 5,160.64 ",2010-06-17
10571,HR, ,Master,58,F," R$ 10,482.93 ",2019-01-31
10572,Legal,Technician,Technical Diploma,62,M," R$ 22,234.37 ",2018-06-10
10573,IT,Director,PhD,27,M,,2013-08-06
10574,Logistics,Technician,Technical Diploma,63,M," R$ 8,214.02 ",09/06/2022
10575,Marketing,Coordinator,Bachelor,40,M," R$ 9,337.09 ",2019-07-16
10576,IT,Technician,Technical Diploma,37,M," R$ 11,387.73 ",2021-07-28
10577,IT, ,Bachelor,33,M," R$ 10,340.58 ",2014-07-30
10578,IT,Analyst,Bachelor,45,F," R$ 10,667.54 ",30/04/2014
10579,Legal,Analyst,Bachelor,30,F," R$ 13,379.80 ",2020-07-29
10580,Finance,Manager,Master,24,M," R$ 15,601.55 ",2020-04-02
10581,Legal,Director,PhD,38, ," R$ 18,733.54 ",2020-05-05
10582,HR,Specialist,Master,51,M," R$ 9,012.90 ",2019-12-21
10583,Operations,Director,PhD,48,M," R$ 10,948.84 ",2017-11-23
10584,Finance,Analyst,Bachelor,45,M," R$ 21,019.00 ",2012-06-20
10585,Logistics,Analyst,Bachelor,63,M, ,2012-01-28
10586,IT,Manager,Master,60,F," R$ 16,723.66 ",2020-12-18
10587,IT,Assistant,High School,28,M," R$ 12,199.67 ",2017-07-14
10588,Operations,Technician,Technical Diploma,30,F," R$ 8,384.76 ",05/08/2019
10589,Legal,Manager,Master,37,F," R$ 15,739.78 ",2021-10-11
10590,HR,Assistant,High School,32,M," R$ 7,502.93 ",2014-11-16
10591,Marketing,Coordinator,Bachelor,30,M," R$ 8,808.68 ",2021-04-30
10592,Logistics,Specialist,Master,22,M," R$ 4,998.25 ",26/02/2019
10593,Finance,Analyst,Bachelor,56,M," R$ 22,427.39 ",22/07/2012
10594,Marketing,Specialist,Master,41,M," R$ 10,473.36 ",2023-03-19
10595,HR,Technician,Technical Diploma,29,F," R$ 6,530.09 ",2016-02-05
10596,IT,Analyst,Bachelor,28,F," R$ 11,887.61 ",2011-04-13
10597,Legal,Analyst,Bachelor,58,M," R$ 20,104.92 ",2011-10-07
10598,HR,Director,PhD,58,F," R$ 10,436.85 ",2014-02-21
10599,Logistics,Coordinator,Bachelor,41,F," R$ 6,173.95 ",2018-01-24
10600,Marketing,Coordinator,,26,F," R$ 9,458.93 ",2011-04-05
10601,Legal,Coordinator,Bachelor,33,M," R$ 16,453.78 ",24/06/2021
10602,Logistics,Technician,Technical Diploma,42,F," R$ 6,815.30 ",11/08/2011
10603,IT,Technician,Technical Diploma,41,F," R$ 14,752.50 ",10/02/2021
10604,Logistics,Specialist,Master,26,M," R$ 5,702.78 ",2021-04-30
10605,Operations,Coordinator,Bachelor,44,F," R$ 8,995.66 ",2020-11-20
10606, ,Coordinator,Bachelor,28,F," R$ 8,045.84 ",2013-05-07
10607,Marketing,Manager,Master,22,F," R$ 8,300.16 ",19/12/2021
10608,HR,Coordinator,Bachelor,46,M," R$ 7,323.58 ",2020-03-26
10609,Legal,Specialist,Master,40,F, ,2019-09-09
10610,Legal, ,Technical Diploma,23,F," R$ 12,770.01 ",2012-05-13
10611,Finance,Specialist,Master,33,M," R$ 19,795.25 ",2010-01-16
10612,Operations,Assistant,High School,63,M," R$ 11,459.87 ",07/12/2017
10613,Finance,Coordinator,Bachelor,46,M," R$ 19,394.19 ",2017-12-31
10614,Legal,Analyst,Bachelor,53,M," R$ 19,206.57 ",13/04/2015
10615,Finance,Assistant,High School,64,M," R$ 25,955.66 ",07/10/2023
10616,Finance,Coordinator,Bachelor,39,F," R$ 17,860.77 ",2017-05-06
10617,Finance,Technician,Technical Diploma,52,," R$ 24,810.20 ",2021-04-02
10618,Logistics,Specialist,Master,30,F," R$ 6,176.50 ",03/08/2010
10619,IT,Assistant,High School,42,M," R$ 14,828.43 ",2022-09-18
10620,HR,Coordinator,Bachelor,60,F,,2011-12-01
10621,HR,Coordinator,Bachelor,28,F," R$ 6,249.91 ",2010-09-17
10622,Marketing,Technician,Technical Diploma,34,F," R$ 9,715.47 ",2019-01-25
10623,Legal,Coordinator,Bachelor,41,M," R$ 15,746.00 ",26/09/2011
10624,Finance,Director,PhD,34,M," R$ 18,056.99 ",2018-09-30
10625,Logistics,Coordinator,Bachelor,49,F," R$ 7,006.20 ",2017-10-11
10626,Finance,Specialist,Master,58,M," R$ 23,103.44 ",2020-02-25
10627,Logistics, ,Bachelor,46,M," R$ 6,945.91 ",2017-02-13
10628,Legal,Assistant,High School,47,F," R$ 16,249.32 ",25/09/2010
10629,Logistics,Specialist,Master,54,F," R$ 8,366.82 ",2021-08-25
10630,Marketing,Manager,Master,61,M," R$ 11,606.26 ",2018-12-16
10631,Legal,Specialist,Master,61,M," R$ 19,657.26 ",2023-05-25
10632,Marketing,Director,PhD,48,F," R$ 11,622.38 ",2020-08-21
10633,Marketing,Director, ,36,M," R$ 9,623.78 ",2012-10-18
10634,Finance,Assistant,High School,24,F," R$ 17,464.11 ",2016-09-18
10635,HR,Coordinator,Bachelor,50, ," R$ 9,298.51 ",02/10/2012
10636,Legal,Technician,Technical Diploma,52,F," R$ 19,276.81 ",2022-07-12
10637,Finance,Coordinator,Bachelor,61,F," R$ 23,147.57 ",2015-05-09
10638,Marketing,Manager,Master,39,F," R$ 9,675.95 ",2013-11-09
10639,Logistics,Technician,Technical Diploma,45,F," R$ 6,078.06 ",2016-08-23
10640,Logistics,Technician,Technical Diploma,60,F," R$ 9,635.88 ",2017-10-26
10641, ,Specialist,Master,29,F," R$ 13,615.08 ",2017-04-24
10642,Logistics,Manager,Master,50,F," R$ 7,604.43 ",2017-02-24
10643,Logistics,Assistant,High School,58,F," R$ 7,843.67 ",25/07/2013
10644,Finance,Coordinator,Bachelor,58,M," R$ 25,029.90 ",2018-01-31
10645,Logistics,Coordinator,Bachelor,30,M," R$ 5,789.73 ",03/01/2023
10646,HR,Analyst,Bachelor,51, ," R$ 8,843.32 ",2023-11-04
10647,Operations,Specialist,Master,36,M," R$ 8,372.13 ",2012-02-05
10648,IT,Assistant, ,61,M," R$ 13,746.71 ",2019-03-09
10649,HR,Technician,Technical Diploma,33,F," R$ 7,010.58 ",27/08/2023
10650,Marketing,Coordinator,Bachelor,62,F," R$ 13,124.45 ",2010-09-11
10651,IT,Assistant,,48,F," R$ 15,422.49 ",2014-11-28
10652,IT,Analyst,Bachelor,52,F,,2022-03-04
10653,Logistics,Manager,Master,34,M," R$ 6,022.13 ",2011-07-27
10654,IT,Manager,Master,36,F," R$ 12,137.72 ",24/04/2012
10655,Finance,Director,PhD,26,F," R$ 15,995.76 ",2022-03-08
10656,IT,Analyst,Bachelor,63,F," R$ 17,625.73 ",2016-11-13
10657,Logistics,Analyst,Bachelor,46,M," R$ 7,080.74 ",2021-03-17
10658,Logistics,Analyst,Bachelor,33,F," R$ 6,124.71 ",2013-04-06
10659,IT,Assistant,High School,30,M," R$ 11,486.86 ",2012-03-30
10660,Legal,Manager,Master,47,M," R$ 18,043.24 ",2010-03-06
10661,Marketing,Manager,Master,58,F," R$ 12,789.03 ",2016-06-08
10662,,Technician,Technical Diploma,30,F," R$ 11,285.03 ",2013-12-04
10663,HR,Specialist,Master,26,M," R$ 6,656.35 ",2018-07-28
10664,Finance,Assistant,High School,28,M," R$ 18,874.41 ",2021-11-12
10665,Marketing,Specialist,Master,62,F," R$ 13,116.99 ",2016-12-23
10666,Legal,,Bachelor,52,F," R$ 20,321.09 ",2014-08-18
10667,Finance,Coordinator,Bachelor,58,M," R$ 24,633.87 ",2014-07-12
10668,Marketing,Analyst,Bachelor,28,F," R$ 8,497.12 ",2011-02-15
10669,Legal,Assistant,High School,26,F," R$ 12,920.31 ",2010-09-20
10670,Operations,Manager,Master,38,F," R$ 7,330.64 ",2023-11-18
10671,Logistics,Director,PhD,32,F," R$ 5,906.64 ",12/11/2011
10672,Marketing,Analyst,Bachelor,58,F," R$ 14,847.07 ",2015-01-28
10673,Marketing,Manager,Master,57,M," R$ 14,028.08 ",2015-10-26
10674,Logistics,,Master,48,M," R$ 7,799.96 ",22/04/2016
10675,HR,Analyst,Bachelor,22,F," R$ 5,947.32 ",2011-03-09
10676,Marketing,Specialist,Master,22,F," R$ 7,721.80 ",2014-11-12
10677,HR,Analyst,Bachelor,35,F," R$ 6,601.04 ",17/06/2020
10678,IT,Assistant,High School,49,F," R$ 15,389.77 ",2021-02-22
10679,Logistics,Manager,Master,62,M," R$ 9,180.98 ",2011-02-09
10680,Logistics,Analyst,Bachelor,22,F," R$ 4,989.44 ",2012-04-29
10681,Finance,Specialist,Master,29,M," R$ 16,313.25 ",2018-08-02
10682,HR,Technician, ,62,F," R$ 8,927.12 ",2023-11-01
10683,Marketing,Director,PhD,64,F," R$ 11,854.04 ",2011-09-04
10684,Legal,Technician,Technical Diploma,47,F," R$ 18,874.77 ",2017-12-22
10685,Marketing,Specialist,Master,57,M," R$ 12,860.57 ",2010-11-15
10686,Marketing,Technician,Technical Diploma,50,M,,23/05/2019
10687,Marketing,Director,PhD,61,M," R$ 13,137.03 ",2020-06-11
10688,HR,Analyst,Bachelor,25,F," R$ 6,114.44 ",2015-06-16
10689,Marketing,Manager,Master,63,M," R$ 12,260.28 ",2022-11-26
10690,Operations,Coordinator,Bachelor,23,M, ,27/06/2013
10691,Legal,Assistant,High School,51,M," R$ 18,273.94 ",2014-06-21
10692,,Manager, ,41,M," R$ 17,362.42 ",16/11/2012
10693,Finance,Technician,Technical Diploma,51,M," R$ 23,085.25 ",2023-08-18
10694,HR,Technician,Technical Diploma,39,M," R$ 7,125.27 ",2019-03-11
10695,Operations,Director,PhD,51,M," R$ 11,182.24 ",18/09/2018
10696,Finance,Specialist,Master,56,F," R$ 21,626.20 ",2016-01-10
10697,Legal,Technician,Technical Diploma,22,M," R$ 14,101.62 ",2016-08-22
10698,IT,Analyst,Bachelor,24,F," R$ 10,694.63 ",2012-11-22
10699,Marketing,Assistant,High School,44,," R$ 12,134.95 ",2013-08-23
10700,HR,Assistant,High School,61,F," R$ 9,519.17 ",2019-05-19
10701,HR,Manager,Master,43,M," R$ 8,288.40 ",2020-09-24
10702,Marketing,Coordinator,Bachelor,36, ," R$ 10,395.42 ",09/05/2019
10703,Operations,Director,PhD,62,M," R$ 11,567.82 ",2016-01-16
10704,Operations,Analyst,Bachelor,37,M," R$ 9,313.01 ",2022-08-21
10705,Marketing,Specialist,Master,48,M," R$ 11,794.84 ",31/08/2013
10706,Finance,Manager,Master,53,F," R$ 20,330.54 ",2019-09-21
10707,Finance,Coordinator,Bachelor,55,M, ,24/04/2018
10708,Logistics,Technician,Technical Diploma,63,F," R$ 8,254.06 ",2014-08-24
10709,Logistics,Coordinator,Bachelor,33,M," R$ 5,954.97 ",2012-10-23
10710,Legal,Specialist,Master,39,M," R$ 19,483.31 ",2013-10-05
10711,IT,Technician,Technical Diploma,39,M," R$ 13,281.71 ",2020-04-10
10712,IT,Specialist,Master,25,F," R$ 9,491.78 ",23/10/2021
10713,Marketing,Manager,Master,55,M," R$ 13,841.18 ",2020-11-14
10714,Logistics,Assistant,High School,60,M," R$ 7,931.19 ",06/04/2019
10715,Finance,Analyst,Bachelor,40,F,,17/01/2011
10716,Marketing,Specialist,Master,64,F," R$ 14,082.28 ",2022-09-13
10717,Finance,Analyst,,52,F," R$ 23,519.90 ",28/02/2017
10718,,Coordinator,Bachelor,52,M," R$ 7,447.57 ",2017-12-17
10719,HR,Assistant,High School,63,," R$ 10,259.02 ",2022-11-09
10720,Legal,Coordinator, ,41,M," R$ 17,736.76 ",2017-02-20
10721,Legal,Assistant,High School,41,M," R$ 16,451.35 ",2022-12-03
10722,Finance,Manager,Master,53,F," R$ 22,007.15 ",2011-07-22
10723,HR,Director,PhD,41,F," R$ 7,128.80 ",2019-09-02
10724,IT,Director,PhD,37,M," R$ 11,833.46 ",2016-09-02
10725,Legal,Analyst, ,40,M," R$ 18,152.95 ",2015-05-25
10726,Finance,Technician,Technical Diploma,52,M," R$ 20,868.56 ",2015-05-19
10727,HR,Analyst,Bachelor,34,F," R$ 7,025.77 ",01/12/2021
10728,Legal,Manager,Master,41,F," R$ 17,347.61 ",23/03/2022
10729,Logistics,Manager,Master,64,M," R$ 8,915.90 ",2019-05-28
10730,Logistics,Assistant,High School,33,M," R$ 5,612.84 ",2011-04-09
10731,Finance,,Bachelor,47,F," R$ 16,663.34 ",2017-02-01
10732,IT,Analyst,Bachelor,56,," R$ 15,797.11 ",25/01/2022
10733,Operations, ,Master,62,M," R$ 11,282.34 ",15/08/2020
10734,Marketing,Technician,Technical Diploma,31,F," R$ 8,407.12 ",2019-05-19
10735,Operations,Assistant,High School,33,M," R$ 8,151.33 ",14/11/2010
10736,Finance,Coordinator,Bachelor,45,F," R$ 20,874.75 ",2020-04-17
10737,Operations,Technician,Technical Diploma,30,F," R$ 7,638.36 ",2014-10-03
10738,Logistics,Coordinator,Bachelor,26,F, ,2023-10-13
10739,IT,Director,PhD,52,F," R$ 14,540.77 ",2021-06-09
10740,Finance,Assistant,,55,F," R$ 24,472.13 ",2011-03-24
10741, ,Assistant,High School,32,M," R$ 10,371.98 ",2010-01-08
10742,Logistics,Specialist,Master,30,F," R$ 5,561.72 ",22/01/2011
10743,Logistics,Manager,Master,43,F," R$ 7,046.23 ",2019-01-11
10744,Marketing,Director,PhD,61,F," R$ 14,637.28 ",09/07/2010
10745,HR,,Bachelor,49,F," R$ 9,789.16 ",2012-11-28
10746,HR,Analyst,Bachelor,37,M," R$ 8,201.96 ",2021-08-19
10747,HR,Coordinator,Bachelor,31,M," R$ 7,996.19 ",2014-05-27
10748,HR,Technician,Technical Diploma,55,F," R$ 8,957.04 ",2018-02-02
10749,Operations,Manager,Master,36,M," R$ 7,887.38 ",2019-03-18
10750,Legal,Assistant,High School,39,M," R$ 17,009.23 ",2012-01-03
10751,Legal,Director,PhD,52,F," R$ 20,942.08 ",2021-09-24
10752,IT,Analyst,Bachelor,26,M," R$ 9,584.16 ",2015-06-25
10753,HR,Coordinator,Bachelor,54,M," R$ 8,401.81 ",2023-09-07
10754,Operations,Manager,Master,50,M," R$ 7,714.93 ",16/12/2021
10755,Marketing,Specialist,Master,24,F," R$ 7,947.20 ",2011-11-14
10756,HR,Coordinator,Bachelor,44,M," R$ 6,806.03 ",2021-06-17
10757,Marketing,Assistant,High School,31,M," R$ 9,733.15 ",2022-12-22
10758,,Director,PhD,53,F," R$ 18,650.28 ",28/06/2017
10759,IT,Technician,Technical Diploma,48,F," R$ 15,541.41 ",2016-09-06
10760,Operations,,Bachelor,57,F," R$ 9,018.09 ",2016-01-20
10761,Operations,Analyst,Bachelor,45, ," R$ 10,232.02 ",2014-09-12
10762,HR, ,High School,41,M," R$ 7,747.41 ",2021-01-27
10763,Operations,Specialist,Master,24,F,,20/01/2011
10764,IT,Specialist,Master,26,M," R$ 9,076.25 ",2021-06-29
10765,Legal,Manager,Master,24,F," R$ 14,408.84 ",2014-03-15
10766,Legal,Specialist,Master,61,F," R$ 20,320.01 ",2013-07-10
10767,Operations,Specialist,Master,27,F," R$ 7,377.51 ",2015-01-15
10768,Legal,Coordinator,,36,F," R$ 14,662.72 ",2011-01-11
10769,Legal,Analyst,Bachelor,27,M," R$ 14,751.51 ",24/09/2023
10770,IT,Analyst,Bachelor,44,F, ,01/01/2022
10771,Marketing,Specialist,Master,51,F," R$ 10,878.39 ",2021-06-19
10772,HR,Director,PhD,60,M," R$ 8,080.92 ",2022-12-18
10773,Operations,Analyst,Bachelor,61,M," R$ 14,451.15 ",2020-10-02
10774,HR,Technician,Technical Diploma,42,M," R$ 6,964.91 ",2020-01-07
10775,Operations,Coordinator,Bachelor,58,M," R$ 10,828.85 ",2018-10-01
10776,Operations,Specialist,Master,43,M," R$ 9,571.33 ",2010-07-28
10777,Operations,Specialist, ,23,F," R$ 7,116.70 ",12/08/2017
10778,Logistics,Manager,Master,35,F," R$ 6,922.98 ",2010-10-29
10779,IT,Coordinator,Bachelor,39,M," R$ 12,036.47 ",08/01/2022
10780,Operations,Specialist,Master,36,F," R$ 8,920.82 ",2014-11-12
10781,Logistics,Specialist,Master,58,F," R$ 8,915.77 ",2016-12-18
10782,Logistics,Director,PhD,23,F," R$ 5,136.68 ",2021-07-02
10783,HR,Assistant,High School,64,F," R$ 10,236.80 ",14/05/2011
10784,Operations,Coordinator,Bachelor,41,F," R$ 9,450.51 ",2016-09-17
10785, ,Manager,Master,31,F," R$ 7,832.58 ",2011-08-07
10786,Marketing,Coordinator, ,26,F," R$ 9,318.62 ",2019-10-06
10787,Operations,Specialist,,53,F," R$ 11,233.65 ",2023-09-20
10788,IT,Manager,Master,23,M," R$ 10,295.32 ",2017-11-07
10789,HR,Assistant,High School,26,M," R$ 6,671.41 ",2021-01-10
10790,Marketing,Specialist,Master,42,M," R$ 9,582.86 ",2022-02-08
10791,Finance,Coordinator,Bachelor,39,M," R$ 19,798.61 ",2023-01-06
10792,HR,Analyst,Bachelor,61,M," R$ 8,584.99 ",2018-04-17
10793,HR,Assistant,High School,25,F," R$ 5,917.12 ",28/06/2010
10794,Logistics,Assistant,High School,53,F," R$ 8,139.87 ",07/08/2023
10795,Operations,Specialist,Master,57,M," R$ 11,131.40 ",2012-04-11
10796,HR,Specialist,Master,25,M," R$ 5,836.04 ",2016-06-28
10797,Marketing,Director,PhD,38,F," R$ 10,384.64 ",07/11/2021
10798,Legal,Specialist,Master,63,M," R$ 20,819.15 ",2014-10-20
10799,Finance, ,Master,54,M," R$ 22,376.53 ",31/12/2010
10800,Marketing,Coordinator,,43,M," R$ 10,226.35 ",2013-10-18
10801,Marketing,Analyst,Bachelor,39,M," R$ 10,381.29 ",2017-12-05
10802, ,Manager,Master,48,M," R$ 18,470.26 ",19/11/2021
10803,HR,Analyst,Bachelor,36,F," R$ 7,350.31 ",01/11/2022
10804,HR,Manager,Master,46,F," R$ 9,027.84 ",16/10/2010
10805,Operations,Coordinator,Bachelor,31,M," R$ 7,255.98 ",2023-10-01
10806,HR,Technician,Technical Diploma,37,F," R$ 8,100.71 ",2010-02-09
10807,Operations,Director,PhD,25,F," R$ 7,644.85 ",2020-01-16
10808,Marketing,Technician,Technical Diploma,52,F," R$ 13,667.01 ",09/12/2020
10809,Legal,Assistant,High School,53,F," R$ 18,538.13 ",2012-06-19
10810,Marketing,Coordinator,Bachelor,45,M," R$ 11,733.47 ",2022-05-06
10811, ,Manager,Master,39,F," R$ 18,374.29 ",2010-11-26
10812,Logistics,Coordinator,Bachelor,53,M," R$ 8,003.14 ",21/08/2017
10813,Finance,Specialist,Master,49,F," R$ 23,020.13 ",2016-01-20
10814,Legal,Director,PhD,32,M," R$ 14,390.33 ",2010-03-18
10815,IT,Analyst,Bachelor,29,M," R$ 11,604.85 ",06/04/2019
10816,IT,Analyst,Bachelor,22,F," R$ 9,662.51 ",02/08/2023
10817,Marketing,Analyst,Bachelor,23,F," R$ 7,575.34 ",2013-07-03
10818,IT,Coordinator,Bachelor,42,M," R$ 13,841.44 ",2014-08-03
10819,Finance,Analyst,Bachelor,40,F, ,2014-06-01
10820,Operations,Coordinator,Bachelor,63,M," R$ 13,745.08 ",2012-09-09
10821,Logistics,Manager,Master,51,F," R$ 7,308.70 ",2011-11-24
10822,HR, ,Bachelor,61,M," R$ 10,710.20 ",2012-12-18
10823,Finance,Assistant,High School,46,F," R$ 19,384.73 ",2014-10-05
10824,IT,Coordinator,Bachelor,30,M," R$ 11,295.55 ",03/03/2016
10825,Legal,Assistant,High School,63,F," R$ 24,560.65 ",2013-07-30
10826,Operations,Specialist,Master,49,F," R$ 8,582.73 ",2013-06-05
10827,Operations,Director,PhD,58,M," R$ 12,476.67 ",17/11/2016
10828,IT,Manager,Master,53,M," R$ 16,698.76 ",2019-07-19
10829,IT,Director,PhD,62,F," R$ 18,447.05 ",2014-08-15
10830,Operations,Analyst,Bachelor,32,M," R$ 8,093.14 ",09/11/2016
10831,HR,Manager,Master,42,F," R$ 8,505.52 ",21/08/2013
10832,Logistics,Analyst,Bachelor,45,F," R$ 8,508.76 ",2020-01-29
10833,Logistics,Specialist,Master,22,M," R$ 4,658.26 ",2023-08-16
10834,Marketing,Manager, ,37,F," R$ 8,511.08 ",2015-11-16
10835,Logistics,Specialist,Master,45,M," R$ 7,464.14 ",2020-05-30
10836,Marketing,Manager,Master,31,F," R$ 9,787.87 ",2020-01-01
10837,Finance,Technician,Technical Diploma,53, ," R$ 22,004.31 ",12/03/2022
10838,Logistics,Analyst,Bachelor,49, ," R$ 6,335.08 ",16/01/2014
10839,Legal,Specialist,Master,54,M," R$ 19,277.75 ",2018-04-27
10840,HR,Director,PhD,59,M," R$ 9,958.90 ",2013-02-11
10841,Marketing,Analyst,Bachelor,43,F," R$ 10,328.10 ",19/04/2012
10842,Marketing,Director,PhD,22,M," R$ 7,797.73 ",2017-10-20
10843,IT,Coordinator,Bachelor,56,F," R$ 14,252.38 ",16/03/2012
10844,HR,Analyst,Bachelor,33,M," R$ 7,404.86 ",2017-05-24
10845,IT,Director,PhD,46,M," R$ 13,121.72 ",29/11/2021
10846,HR,Manager,Master,49,M," R$ 8,927.18 ",2022-02-22
10847,Logistics,Technician,Technical Diploma,38,M," R$ 5,431.08 ",2020-11-27
10848,Operations,Technician,Technical Diploma,37,F," R$ 9,442.97 ",2019-12-22
10849,Logistics,Director,PhD,53,," R$ 7,858.81 ",2018-08-23
10850,Logistics,Coordinator,Bachelor,25,M," R$ 5,614.25 ",2015-11-27
10851, ,Manager,Master,62,F," R$ 15,236.64 ",2023-11-27
10852,Finance,Analyst,Bachelor,32,M," R$ 17,327.59 ",2018-07-10
10853,Operations,Analyst,Bachelor,41,M," R$ 9,615.16 ",2016-01-09
10854,IT,Assistant,High School,47,M," R$ 13,248.53 ",2018-07-08
10855,HR,,High School,28,M," R$ 6,764.48 ",22/07/2015
10856, ,Manager,Master,52,M," R$ 16,482.93 ",2010-07-24
10857,Finance,Director,PhD,28,F," R$ 15,320.46 ",2015-04-16
10858,IT,Analyst,Bachelor,25,M," R$ 10,004.95 ",2011-08-04
10859,Legal,Coordinator,Bachelor,29,F," R$ 11,177.81 ",2017-06-28
10860,Logistics,Analyst,Bachelor,35,F," R$ 6,911.21 ",2014-03-10
10861,Legal,Technician,Technical Diploma,43,M," R$ 18,846.06 ",2016-08-15
10862, ,Coordinator,Bachelor,44,F," R$ 11,331.26 ",2021-06-14
10863,Legal,Coordinator, ,46,F," R$ 16,988.89 ",2012-01-06
10864,Marketing,Assistant,High School,57,M," R$ 14,304.12 ",2016-08-29
10865,Logistics,Assistant,High School,47,F," R$ 8,340.98 ",2014-11-18
10866,IT,Manager,Master,45,F," R$ 13,573.63 ",2017-09-22
10867,Logistics,Analyst,Bachelor,39,F," R$ 6,819.62 ",2021-10-07
10868,Logistics,Director,PhD,42,M," R$ 6,585.02 ",2011-12-14
10869,Finance,Coordinator,Bachelor,26,F," R$ 15,936.93 ",2020-04-01
10870,Finance,Technician,Technical Diploma,36,M," R$ 19,356.46 ",2015-06-05
10871,, ,Bachelor,52,F," R$ 9,748.81 ",29/07/2022
10872,IT,Coordinator,Bachelor,47, ," R$ 15,134.48 ",2021-11-11
10873,Marketing,Director,PhD,25,F," R$ 8,754.17 ",2017-03-01
10874,,Specialist,Master,25,M," R$ 9,308.73 ",2020-10-01
10875,Legal,Specialist,Master,40,F," R$ 18,270.04 ",01/09/2018
10876, ,Specialist,Master,47,," R$ 22,053.39 ",2015-01-21
10877,HR,,High School,54,F," R$ 7,479.92 ",2015-12-26
10878,HR,Specialist,Master,25,,,2022-08-16
10879,Logistics,Assistant,High School,59,F," R$ 8,199.04 ",2015-04-10
10880,Operations,Director,PhD,45,F," R$ 10,338.39 ",2011-11-08
10881,IT,Analyst,Bachelor,52,F," R$ 15,949.85 ",29/09/2017
10882,Finance,Technician,Technical Diploma,55,M," R$ 24,773.35 ",2018-04-09
10883,Marketing,Coordinator,Bachelor,55,M," R$ 14,603.43 ",30/07/2016
10884,Logistics,Director,PhD,23,F," R$ 5,232.35 ",2014-06-28
10885,Marketing,Specialist,Master,64,M," R$ 13,827.30 ",06/03/2011
10886,Legal,Technician,Technical Diploma,29,M," R$ 13,335.64 ",27/01/2016
10887,Logistics,Assistant,High School,42,M," R$ 7,139.11 ",27/02/2021
10888,Finance,Assistant,High School,33,M," R$ 19,973.83 ",2014-10-07
10889,HR,Specialist,Master,57,F," R$ 9,781.86 ",15/11/2014
10890,Marketing,Analyst,Bachelor,22,M," R$ 7,886.60 ",2019-03-27
10891,IT,Analyst,Bachelor,63,M," R$ 17,040.45 ",2019-03-16
10892,Operations, ,Bachelor,60,M," R$ 10,317.96 ",2012-11-12
10893,HR,Technician,Technical Diploma,37,," R$ 8,286.70 ",19/10/2013
10894,Marketing,Director,PhD,27,M," R$ 9,249.34 ",2020-06-11
10895,IT,Assistant,High School,54,F," R$ 16,467.03 ",2015-03-16
10896,Marketing,Coordinator,Bachelor,64,M," R$ 12,877.85 ",2018-04-26
10897,HR,Manager,Master,34,F," R$ 7,574.15 ",2019-11-25
10898,Logistics,Director,PhD,30,M," R$ 5,717.67 ",2011-05-05
10899,Finance,Director,PhD,56,F," R$ 24,154.64 ",2019-11-02
10900,Finance,Analyst,Bachelor,49,M," R$ 17,716.27 ",2012-10-03
10901,Operations,Manager,Master,55,M," R$ 10,858.57 ",2012-10-15
10902,Legal,Coordinator,Bachelor,53,F," R$ 19,881.36 ",2017-04-12
10903,IT,Assistant,High School,22,F," R$ 10,621.62 ",2012-03-17
10904,,Coordinator,Bachelor,60,M," R$ 12,229.70 ",2017-06-21
10905,IT,Manager,Master,46,F," R$ 11,424.79 ",28/09/2023
10906,Operations,Coordinator,Bachelor,31,M," R$ 8,041.41 ",12/08/2011
10907,HR,Manager,Master,23,F," R$ 6,311.94 ",2018-05-02
10908,Logistics,Analyst,Bachelor,25,M," R$ 5,289.79 ",2011-08-21
10909,Legal,Specialist,Master,46,F," R$ 16,303.90 ",2019-12-14
10910,IT,Director,PhD,37,F," R$ 14,585.83 ",2011-12-11
10911,Finance, ,Technical Diploma,61,F," R$ 25,883.00 ",2015-08-29
10912,HR,Director,PhD,26,M," R$ 7,292.30 ",2020-01-11
10913,IT,Technician,Technical Diploma,44,F," R$ 13,688.19 ",2022-04-10
10914,Logistics,Technician,Technical Diploma,41,F," R$ 5,884.66 ",13/09/2015
10915,Finance,Coordinator,Bachelor,24,M," R$ 15,492.48 ",2023-09-27
10916,HR,Analyst,Bachelor,22,F," R$ 5,845.40 ",2018-07-01
10917,IT,Analyst,Bachelor,46,F," R$ 13,616.52 ",2011-11-15
10918,IT,Manager,Master,37,F," R$ 13,944.01 ",2010-06-27
10919,Finance,Director,PhD,62,M," R$ 23,646.61 ",12/12/2020
10920,Marketing,Specialist,Master,26,M," R$ 7,780.95 ",29/05/2022
10921,HR,Technician,Technical Diploma,57, ," R$ 8,001.60 ",18/12/2017
10922,Legal,Specialist,Master,27,F," R$ 13,013.01 ",15/12/2016
10923,Marketing,Specialist,Master,33,M," R$ 9,297.13 ",2013-10-02
10924,Finance,Technician,Technical Diploma,44,M," R$ 17,598.31 ",07/09/2016
10925,Operations,Manager,Master,59,F," R$ 12,229.30 ",2022-07-30
10926,Marketing,Director,PhD,26,F," R$ 8,910.41 ",02/04/2015
10927,Logistics,Technician,Technical Diploma,23,M," R$ 4,818.44 ",2022-11-02
10928,Legal,Technician,Technical Diploma,24,F," R$ 13,463.42 ",2017-06-28
10929,Operations,Manager,Master,62,M,,2023-08-04
10930,Marketing,Assistant,High School,28,M," R$ 9,380.20 ",2021-01-02
10931,Finance,Analyst,Bachelor,47,F," R$ 22,181.45 ",2021-06-18
10932,Marketing,Specialist,,33,F," R$ 9,844.02 ",2020-08-25
10933,Finance,Technician,Technical Diploma,22,F," R$ 14,219.23 ",2021-09-13
10934,Legal,Manager,Master,22,F," R$ 13,189.05 ",2018-09-01
10935,Legal,Technician,Technical Diploma,54,M," R$ 20,413.11 ",2014-01-07
10936,Finance,Analyst,Bachelor,60,F," R$ 22,177.38 ",2014-01-14
10937,Marketing,Director,PhD,30, ," R$ 9,373.12 ",2017-12-22
10938,Legal,Analyst,Bachelor,22,F," R$ 14,252.94 ",2016-05-10
10939,Finance,Specialist,Master,36,M," R$ 17,173.00 ",2011-11-14
10940,Finance,Analyst,Bachelor,46,M," R$ 20,569.73 ",2023-08-08
10941, ,Specialist,Master,57,F, ,2020-05-13
10942,Finance,Manager,Master,31,M,,2019-09-18
10943, ,,Technical Diploma,52,M," R$ 10,472.65 ",2012-11-16
10944,IT,Specialist,,41,M," R$ 13,009.57 ",2016-01-11
10945,HR,Director, ,26,F," R$ 6,095.17 ",25/03/2023
10946,Operations,Manager,Master,49,M," R$ 11,465.73 ",2010-05-29
10947,Logistics,Technician,Technical Diploma,55,F," R$ 7,008.16 ",2012-07-16
10948,Logistics,Manager,Master,60,F," R$ 8,022.35 ",2018-12-11
10949,Marketing,Assistant,High School,59,F, ,2020-10-07
10950,IT,Director,PhD,37,M," R$ 13,397.41 ",2020-08-14
10951,Operations,Coordinator,Bachelor,36,M," R$ 9,682.26 ",2023-05-22
10952,Operations,Coordinator,Bachelor,62,F," R$ 11,153.81 ",2022-08-04
10953,Legal,Coordinator,Bachelor,60,M, ,2017-01-18
10954,IT,Analyst,Bachelor,63,M," R$ 17,751.83 ",2022-11-25
10955,HR,Technician,Technical Diploma,47,M," R$ 8,972.27 ",2022-07-20
10956,Logistics,Analyst,Bachelor,51,F," R$ 7,155.80 ",2013-02-12
10957,IT,Coordinator,Bachelor,23,M," R$ 9,621.26 ",26/04/2020
10958,Finance,Specialist,Master,24,M," R$ 15,792.69 ",2020-02-29
10959,Finance,Coordinator,Bachelor,40,M,,2016-04-18
10960,Operations,Manager,Master,45,M," R$ 9,664.66 ",2017-05-18
10961,Operations,Director,PhD,24,M," R$ 6,615.94 ",2020-04-03
10962,Marketing,Assistant,High School,61,F," R$ 12,208.82 ",23/11/2019
10963,Marketing,Assistant,High School,26,F," R$ 9,015.38 ",2011-07-03
10964,Finance,Specialist,Master,53,F," R$ 25,382.82 ",2020-03-04
10965, ,Assistant,High School,52,F," R$ 8,364.29 ",2019-12-04
10966,HR,Assistant,High School,33,F," R$ 7,746.25 ",2015-03-16
10967,Logistics,Technician,Technical Diploma,64,M," R$ 9,681.99 ",07/02/2010
10968,Finance,Director,PhD,57,M," R$ 22,032.81 ",2022-02-02
10969,HR,Specialist,Master,57,F," R$ 8,680.70 ",2022-10-22
10970,IT,Assistant,High School,52,F," R$ 15,860.88 ",2011-11-02
10971,Logistics,Assistant,,54,F,,2010-05-24
10972,HR,Assistant,High School,28,M," R$ 6,777.63 ",2014-04-03
10973,Finance,Assistant,High School,47,M," R$ 17,582.15 ",2022-12-26
10974,HR,Technician,Technical Diploma,47,F," R$ 8,655.22 ",2018-05-26
10975,IT,Technician,Technical Diploma,41,F," R$ 13,324.41 ",2015-03-14
10976,Finance,Manager,Master,55,M," R$ 23,142.33 ",2017-06-21
10977,Logistics,Coordinator,Bachelor,54,F," R$ 8,974.29 ",15/04/2022
10978,Legal,Coordinator,Bachelor,40,F," R$ 15,830.35 ",2021-02-21
10979,Marketing,Coordinator,Bachelor,38,," R$ 12,762.27 ",2013-01-31
10980,Finance,Director,PhD,64,F," R$ 23,510.42 ",26/02/2013
10981,HR,Assistant,High School,58,M," R$ 10,974.96 ",2015-12-12
10982,Operations,Coordinator,Bachelor,27,M," R$ 7,473.17 ",02/04/2019
10983,Legal,Specialist,Master,43,M," R$ 17,060.31 ",2016-12-25
10984,Legal,Assistant,High School,59,F," R$ 21,882.44 ",2019-07-10
10985,Marketing,Specialist,Master,38,M," R$ 11,014.27 ",2018-07-13
10986,Finance,Manager,Master,41,M," R$ 21,144.91 ",2016-01-03
10987,Legal,Specialist, ,63, ," R$ 23,396.07 ",2016-12-31
10988,Marketing,Director,PhD,63,M," R$ 12,740.49 ",2010-08-29
10989,Operations,Coordinator,Bachelor,62,F," R$ 12,692.45 ",2011-12-29
10990,Operations,Director,PhD,47,F," R$ 10,042.74 ",05/03/2023
10991,Marketing,Analyst,Bachelor,49,M," R$ 11,304.74 ",2016-08-14
10992,Legal,Analyst,Bachelor,29,F," R$ 12,371.17 ",2015-10-29
10993,Legal,Manager,Master,64,M," R$ 22,283.45 ",2012-11-27
10994,IT,Specialist,,28,F," R$ 12,169.85 ",2021-06-08
10995,Operations,Manager,Master,28,M," R$ 7,366.85 ",2015-12-15
10996,Marketing,Specialist,Master,50,F," R$ 14,051.19 ",2015-10-08
10997,Logistics,Assistant,High School,24,M," R$ 5,643.64 ",2013-06-17
10998,Finance,Coordinator,Bachelor,37,F," R$ 19,172.97 ",2012-03-07
10999,Finance,Technician,Technical Diploma,34,F," R$ 18,238.56 ",2019-11-15
11000,Marketing,Coordinator,Bachelor,39, ,,2015-04-29
